ISO-10303-21;
HEADER;
/* Generated by software containing ST-Developer
 * from STEP Tools, Inc. (www.steptools.com) 
 */

FILE_DESCRIPTION(
/* description */ (''),
/* implementation_level */ '2;1');

FILE_NAME(
/* name */ 
'22GHzDsg_R3.0_no_seperate_usb_flap_v1.2_solid_model_top.step',
/* time_stamp */ '2025-08-19T15:15:04+03:00',
/* author */ (''),
/* organization */ (''),
/* preprocessor_version */ 'ST-DEVELOPER v20.1',
/* originating_system */ 'Autodesk Translation Framework v14.10.0.0',
/* authorisation */ '');

FILE_SCHEMA (('AUTOMOTIVE_DESIGN { 1 0 10303 214 3 1 1 }'));
ENDSEC;

DATA;
#10=MECHANICAL_DESIGN_GEOMETRIC_PRESENTATION_REPRESENTATION('',(#13),#3684);
#11=SHAPE_REPRESENTATION_RELATIONSHIP('SRR','None',#3690,#12);
#12=ADVANCED_BREP_SHAPE_REPRESENTATION('',(#14),#3683);
#13=STYLED_ITEM('',(#3699),#14);
#14=MANIFOLD_SOLID_BREP('Body5',#1313);
#15=(
BOUNDED_SURFACE()
B_SPLINE_SURFACE(5,1,((#2714,#2715),(#2716,#2717),(#2718,#2719),(#2720,
#2721),(#2722,#2723),(#2724,#2725),(#2726,#2727),(#2728,#2729),(#2730,#2731),
(#2732,#2733),(#2734,#2735),(#2736,#2737),(#2738,#2739),(#2740,#2741),(#2742,
#2743),(#2744,#2745),(#2746,#2747),(#2748,#2749),(#2750,#2751),(#2752,#2753)),
 .UNSPECIFIED.,.F.,.F.,.F.)
B_SPLINE_SURFACE_WITH_KNOTS((6,1,1,1,1,1,1,1,1,1,1,1,1,1,1,6),(2,2),(-1.,
-0.933333333333333,-0.866666666666667,-0.8,-0.733333333333333,-0.666666666666667,
-0.6,-0.533333333333333,-0.466666666666667,-0.4,-0.333333333333333,-0.266666666666667,
-0.2,-0.133333333333333,-0.0666666666666667,0.),(0.,11.3),.UNSPECIFIED.)
GEOMETRIC_REPRESENTATION_ITEM()
RATIONAL_B_SPLINE_SURFACE(((1.,1.),(1.,1.),(1.,1.),(1.,1.),(1.,1.),(1.,
1.),(1.,1.),(1.,1.),(1.,1.),(1.,1.),(1.,1.),(1.,1.),(1.,1.),(1.,1.),(1.,
1.),(1.,1.),(1.,1.),(1.,1.),(1.,1.),(1.,1.)))
REPRESENTATION_ITEM('')
SURFACE()
);
#16=(
BOUNDED_SURFACE()
B_SPLINE_SURFACE(5,1,((#2945,#2946),(#2947,#2948),(#2949,#2950),(#2951,
#2952),(#2953,#2954),(#2955,#2956),(#2957,#2958),(#2959,#2960),(#2961,#2962),
(#2963,#2964),(#2965,#2966),(#2967,#2968),(#2969,#2970),(#2971,#2972),(#2973,
#2974),(#2975,#2976),(#2977,#2978),(#2979,#2980),(#2981,#2982),(#2983,#2984)),
 .UNSPECIFIED.,.F.,.F.,.F.)
B_SPLINE_SURFACE_WITH_KNOTS((6,1,1,1,1,1,1,1,1,1,1,1,1,1,1,6),(2,2),(0.,
0.0666666666666667,0.133333333333333,0.2,0.266666666666667,0.333333333333333,
0.4,0.466666666666667,0.533333333333333,0.6,0.666666666666667,0.733333333333333,
0.8,0.866666666666667,0.933333333333333,1.),(0.,11.3),.UNSPECIFIED.)
GEOMETRIC_REPRESENTATION_ITEM()
RATIONAL_B_SPLINE_SURFACE(((1.,1.),(1.,1.),(1.,1.),(1.,1.),(1.,1.),(1.,
1.),(1.,1.),(1.,1.),(1.,1.),(1.,1.),(1.,1.),(1.,1.),(1.,1.),(1.,1.),(1.,
1.),(1.,1.),(1.,1.),(1.,1.),(1.,1.),(1.,1.)))
REPRESENTATION_ITEM('')
SURFACE()
);
#17=(
BOUNDED_SURFACE()
B_SPLINE_SURFACE(5,1,((#3555,#3556),(#3557,#3558),(#3559,#3560),(#3561,
#3562),(#3563,#3564),(#3565,#3566),(#3567,#3568),(#3569,#3570),(#3571,#3572),
(#3573,#3574),(#3575,#3576),(#3577,#3578),(#3579,#3580),(#3581,#3582),(#3583,
#3584),(#3585,#3586),(#3587,#3588),(#3589,#3590),(#3591,#3592),(#3593,#3594)),
 .UNSPECIFIED.,.F.,.F.,.F.)
B_SPLINE_SURFACE_WITH_KNOTS((6,1,1,1,1,1,1,1,1,1,1,1,1,1,1,6),(2,2),(-1.,
-0.933333333333333,-0.866666666666667,-0.8,-0.733333333333333,-0.666666666666667,
-0.6,-0.533333333333333,-0.466666666666667,-0.4,-0.333333333333333,-0.266666666666667,
-0.2,-0.133333333333333,-0.0666666666666667,0.),(0.,11.3),.UNSPECIFIED.)
GEOMETRIC_REPRESENTATION_ITEM()
RATIONAL_B_SPLINE_SURFACE(((1.,1.),(1.,1.),(1.,1.),(1.,1.),(1.,1.),(1.,
1.),(1.,1.),(1.,1.),(1.,1.),(1.,1.),(1.,1.),(1.,1.),(1.,1.),(1.,1.),(1.,
1.),(1.,1.),(1.,1.),(1.,1.),(1.,1.),(1.,1.)))
REPRESENTATION_ITEM('')
SURFACE()
);
#18=(
BOUNDED_SURFACE()
B_SPLINE_SURFACE(5,1,((#3600,#3601),(#3602,#3603),(#3604,#3605),(#3606,
#3607),(#3608,#3609),(#3610,#3611),(#3612,#3613),(#3614,#3615),(#3616,#3617),
(#3618,#3619),(#3620,#3621),(#3622,#3623),(#3624,#3625),(#3626,#3627),(#3628,
#3629),(#3630,#3631),(#3632,#3633),(#3634,#3635),(#3636,#3637),(#3638,#3639)),
 .UNSPECIFIED.,.F.,.F.,.F.)
B_SPLINE_SURFACE_WITH_KNOTS((6,1,1,1,1,1,1,1,1,1,1,1,1,1,1,6),(2,2),(0.,
0.0666666666666667,0.133333333333333,0.2,0.266666666666667,0.333333333333333,
0.4,0.466666666666667,0.533333333333333,0.6,0.666666666666667,0.733333333333333,
0.8,0.866666666666667,0.933333333333333,1.),(0.,11.3),.UNSPECIFIED.)
GEOMETRIC_REPRESENTATION_ITEM()
RATIONAL_B_SPLINE_SURFACE(((1.,1.),(1.,1.),(1.,1.),(1.,1.),(1.,1.),(1.,
1.),(1.,1.),(1.,1.),(1.,1.),(1.,1.),(1.,1.),(1.,1.),(1.,1.),(1.,1.),(1.,
1.),(1.,1.),(1.,1.),(1.,1.),(1.,1.),(1.,1.)))
REPRESENTATION_ITEM('')
SURFACE()
);
#19=B_SPLINE_CURVE_WITH_KNOTS('',3,(#1986,#1987,#1988,#1989,#1990,#1991,
#1992,#1993,#1994,#1995,#1996,#1997,#1998,#1999,#2000,#2001,#2002,#2003,
#2004,#2005,#2006,#2007,#2008,#2009,#2010,#2011,#2012,#2013,#2014,#2015,
#2016,#2017,#2018,#2019,#2020,#2021,#2022,#2023,#2024,#2025,#2026,#2027,
#2028,#2029,#2030,#2031,#2032,#2033,#2034,#2035,#2036,#2037,#2038,#2039,
#2040,#2041,#2042,#2043,#2044,#2045,#2046,#2047,#2048,#2049,#2050,#2051,
#2052,#2053,#2054,#2055,#2056,#2057,#2058,#2059,#2060,#2061,#2062,#2063,
#2064,#2065,#2066,#2067,#2068,#2069,#2070,#2071,#2072,#2073,#2074,#2075,
#2076,#2077,#2078,#2079,#2080,#2081,#2082,#2083,#2084,#2085,#2086,#2087,
#2088,#2089,#2090,#2091,#2092,#2093,#2094,#2095,#2096,#2097,#2098,#2099,
#2100,#2101,#2102,#2103,#2104,#2105,#2106,#2107,#2108,#2109,#2110,#2111,
#2112,#2113,#2114,#2115,#2116,#2117,#2118,#2119,#2120,#2121,#2122,#2123,
#2124,#2125,#2126,#2127,#2128,#2129,#2130,#2131,#2132,#2133,#2134,#2135,
#2136,#2137,#2138,#2139,#2140,#2141,#2142,#2143,#2144,#2145,#2146,#2147,
#2148,#2149,#2150,#2151,#2152,#2153,#2154,#2155,#2156,#2157,#2158,#2159,
#2160,#2161,#2162,#2163),.UNSPECIFIED.,.F.,.F.,(4,3,3,3,3,3,3,3,3,3,3,3,
3,3,3,3,3,3,3,3,3,3,3,3,3,3,3,3,3,3,3,3,3,3,3,3,3,3,3,3,3,3,3,3,3,3,3,3,
3,3,3,3,3,3,3,3,3,3,3,4),(-63.9322069545276,-62.9332662208631,-61.9060104607934,
-60.8417411908949,-59.7321719991969,-58.5714257142409,-57.3468636407049,
-56.0323516260817,-54.5734382281035,-53.0122163857336,-51.6456376518838,
-50.3938962588281,-49.171555138296,-47.9781250027103,-46.816349219419,-45.7482354879533,
-44.7599127993591,-43.8250104626109,-42.9293922191339,-42.0102441772065,
-40.9655157309468,-39.9292733129898,-39.0330049860907,-38.2085835838269,
-37.376017827729,-36.5157812153632,-35.6215100588788,-34.6836556453568,
-33.6872304504352,-32.5539828873131,-31.3103135931952,-29.8319086132597,
-28.6667620322632,-27.6348534721489,-26.6770312767085,-25.7690601073848,
-24.8952100065355,-24.0473368010016,-23.2214250869588,-22.4144701503152,
-21.6229467605133,-20.8088750453782,-19.903996166112,-18.7624270397493,
-17.6530167099764,-16.7667283701358,-15.8678127799076,-14.8760744811634,
-13.8273049246702,-12.6674297368335,-11.4660611707842,-10.2733778166144,
-9.09062963017929,-7.879172463092,-6.58700409103164,-5.18549140062232,-3.71807275367145,
-2.30655077470829,-0.9747861452722,0.),.UNSPECIFIED.);
#20=B_SPLINE_CURVE_WITH_KNOTS('',3,(#2167,#2168,#2169,#2170,#2171,#2172,
#2173,#2174,#2175,#2176,#2177,#2178,#2179,#2180,#2181,#2182,#2183,#2184,
#2185,#2186,#2187,#2188,#2189,#2190,#2191,#2192,#2193,#2194,#2195,#2196,
#2197,#2198,#2199,#2200,#2201,#2202,#2203,#2204,#2205,#2206,#2207,#2208,
#2209,#2210,#2211,#2212,#2213,#2214,#2215,#2216,#2217,#2218,#2219,#2220,
#2221,#2222,#2223,#2224,#2225,#2226,#2227,#2228,#2229,#2230,#2231,#2232,
#2233,#2234,#2235,#2236,#2237,#2238,#2239,#2240,#2241,#2242,#2243,#2244,
#2245,#2246,#2247,#2248,#2249,#2250,#2251,#2252,#2253,#2254,#2255,#2256,
#2257,#2258,#2259,#2260,#2261,#2262,#2263,#2264,#2265,#2266,#2267,#2268,
#2269,#2270,#2271,#2272,#2273,#2274,#2275,#2276,#2277,#2278,#2279,#2280,
#2281,#2282,#2283,#2284,#2285,#2286,#2287,#2288,#2289,#2290,#2291,#2292,
#2293,#2294,#2295,#2296,#2297,#2298,#2299,#2300,#2301,#2302,#2303,#2304,
#2305,#2306,#2307,#2308,#2309,#2310,#2311,#2312,#2313,#2314,#2315,#2316,
#2317,#2318,#2319,#2320,#2321,#2322,#2323,#2324,#2325,#2326,#2327,#2328,
#2329,#2330,#2331,#2332,#2333,#2334,#2335,#2336,#2337,#2338,#2339,#2340,
#2341,#2342,#2343,#2344),.UNSPECIFIED.,.F.,.F.,(4,3,3,3,3,3,3,3,3,3,3,3,
3,3,3,3,3,3,3,3,3,3,3,3,3,3,3,3,3,3,3,3,3,3,3,3,3,3,3,3,3,3,3,3,3,3,3,3,
3,3,3,3,3,3,3,3,3,3,3,4),(-15.8505357541927,-15.5220577946895,-15.1782748853559,
-14.8168593411634,-14.4544948007815,-14.1261262674402,-13.8244540097081,
-13.5323833063336,-13.2378529312696,-12.9409172977671,-12.6449125141517,
-12.379304049522,-12.1362592518501,-11.9074736503006,-11.6882037760655,
-11.4554052170803,-11.1489065191797,-10.9008818735011,-10.6922145621689,
-10.4960242670508,-10.2972536971196,-10.0940027613036,-9.88560844913613,
-9.67120820347791,-9.44946972795929,-9.21719879975288,-8.97017920164891,
-8.70024370757968,-8.38087543518759,-8.03413063556141,-7.750217806232,-7.49410309548433,
-7.25552909166252,-7.02879380754806,-6.80914400106219,-6.59635825102899,
-6.39022205568434,-6.17667187549689,-5.9390954433812,-5.67136979695813,
-5.42771164543892,-5.20662348310082,-4.98014446039334,-4.74317951559606,
-4.49208846606335,-4.20985871889068,-3.91634676084523,-3.61612656132596,
-3.30945065563048,-2.99090112212119,-2.63725983509177,-2.25798538751237,
-1.92048959844953,-1.60846675027486,-1.31366207044319,-1.03168705875184,
-0.766552187721165,-0.508981910729737,-0.254490955364869,0.),
 .UNSPECIFIED.);
#21=B_SPLINE_CURVE_WITH_KNOTS('',3,(#2348,#2349,#2350,#2351,#2352,#2353,
#2354,#2355,#2356,#2357,#2358,#2359,#2360,#2361,#2362,#2363,#2364,#2365,
#2366,#2367,#2368,#2369,#2370,#2371,#2372,#2373,#2374,#2375,#2376,#2377,
#2378,#2379,#2380,#2381,#2382,#2383,#2384,#2385,#2386,#2387,#2388,#2389,
#2390,#2391,#2392,#2393,#2394,#2395,#2396,#2397,#2398,#2399,#2400,#2401,
#2402,#2403,#2404,#2405,#2406,#2407,#2408,#2409,#2410,#2411,#2412,#2413,
#2414,#2415,#2416,#2417,#2418,#2419,#2420,#2421,#2422,#2423,#2424,#2425,
#2426,#2427,#2428,#2429,#2430,#2431,#2432,#2433,#2434,#2435,#2436,#2437,
#2438,#2439,#2440,#2441,#2442,#2443,#2444,#2445,#2446,#2447,#2448,#2449,
#2450,#2451,#2452,#2453,#2454,#2455,#2456,#2457,#2458,#2459,#2460,#2461,
#2462,#2463,#2464,#2465,#2466,#2467,#2468,#2469,#2470,#2471,#2472,#2473,
#2474,#2475,#2476,#2477,#2478,#2479,#2480,#2481,#2482,#2483,#2484,#2485,
#2486,#2487,#2488,#2489,#2490,#2491,#2492,#2493,#2494,#2495,#2496,#2497,
#2498,#2499,#2500,#2501,#2502,#2503,#2504,#2505,#2506,#2507,#2508,#2509,
#2510,#2511,#2512,#2513,#2514,#2515,#2516,#2517,#2518,#2519,#2520,#2521,
#2522,#2523,#2524,#2525),.UNSPECIFIED.,.F.,.F.,(4,3,3,3,3,3,3,3,3,3,3,3,
3,3,3,3,3,3,3,3,3,3,3,3,3,3,3,3,3,3,3,3,3,3,3,3,3,3,3,3,3,3,3,3,3,3,3,3,
3,3,3,3,3,3,3,3,3,3,3,4),(-61.1085006061466,-60.1536802841755,-59.1717955311485,
-58.1545320512569,-57.0939694201329,-55.9844900445171,-54.8140134447405,
-53.5575597406131,-52.1630824574836,-50.6708154069898,-49.3645946246179,
-48.1681391395646,-46.9997853995084,-45.8590657272406,-44.7486023231598,
-43.7276641807938,-42.7829929346159,-41.8893826131003,-41.0333213165736,
-40.154769466847,-39.1561837471792,-38.1657092517352,-37.3090265841616,
-36.5210175639734,-35.7252239032385,-34.9029815303824,-34.0482078238063,
-33.1517758104712,-32.1993599228927,-31.1161647275743,-29.9274248195469,
-28.514316842845,-27.4006315198891,-26.4142994679453,-25.498781593642,-24.6309129653729,
-23.7956583736384,-22.9852333506003,-22.1957998415413,-21.4244858421676,
-20.6679218214792,-19.8898053717472,-19.0248924557373,-17.9337432372413,
-16.8733324516285,-16.0261889831065,-15.1669759743957,-14.219039975996,
-13.2165916305992,-12.107944878128,-10.9596373936071,-9.81963151951761,
-8.68912200467008,-7.53117150433841,-6.29607458666694,-4.9564627826964,
-3.55385590355659,-2.20467689327813,-0.931732574001924,0.),
 .UNSPECIFIED.);
#22=B_SPLINE_CURVE_WITH_KNOTS('',3,(#2529,#2530,#2531,#2532,#2533,#2534,
#2535,#2536,#2537,#2538,#2539,#2540,#2541,#2542,#2543,#2544,#2545,#2546,
#2547,#2548,#2549,#2550,#2551,#2552,#2553,#2554,#2555,#2556,#2557,#2558,
#2559,#2560,#2561,#2562,#2563,#2564,#2565,#2566,#2567,#2568,#2569,#2570,
#2571,#2572,#2573,#2574,#2575,#2576,#2577,#2578,#2579,#2580,#2581,#2582,
#2583,#2584,#2585,#2586,#2587,#2588,#2589,#2590,#2591,#2592,#2593,#2594,
#2595,#2596,#2597,#2598,#2599,#2600,#2601,#2602,#2603,#2604,#2605,#2606,
#2607,#2608,#2609,#2610,#2611,#2612,#2613,#2614,#2615,#2616,#2617,#2618,
#2619,#2620,#2621,#2622,#2623,#2624,#2625,#2626,#2627,#2628,#2629,#2630,
#2631,#2632,#2633,#2634,#2635,#2636,#2637,#2638,#2639,#2640,#2641,#2642,
#2643,#2644,#2645,#2646,#2647,#2648,#2649,#2650,#2651,#2652,#2653,#2654,
#2655,#2656,#2657,#2658,#2659,#2660,#2661,#2662,#2663,#2664,#2665,#2666,
#2667,#2668,#2669,#2670,#2671,#2672,#2673,#2674,#2675,#2676,#2677,#2678,
#2679,#2680,#2681,#2682,#2683,#2684,#2685,#2686,#2687,#2688,#2689,#2690,
#2691,#2692,#2693,#2694,#2695,#2696,#2697,#2698,#2699,#2700,#2701,#2702,
#2703,#2704,#2705,#2706),.UNSPECIFIED.,.F.,.F.,(4,3,3,3,3,3,3,3,3,3,3,3,
3,3,3,3,3,3,3,3,3,3,3,3,3,3,3,3,3,3,3,3,3,3,3,3,3,3,3,3,3,3,3,3,3,3,3,3,
3,3,3,3,3,3,3,3,3,3,3,4),(-13.8918527458017,-13.6039654772187,-13.302664522652,
-12.9859098338668,-12.6683234182874,-12.3805320538672,-12.1161380518592,
-11.8601591205824,-11.6020244642514,-11.3417817721718,-11.0823549029624,
-10.8495682176508,-10.6365569609825,-10.4360428625091,-10.2438686135328,
-10.0398374469619,-9.7712134178486,-9.55383768313511,-9.37095581674554,
-9.19900915624999,-9.02480107076314,-8.84666626733517,-8.66402366505388,
-8.47611729472367,-8.2817794945631,-8.0782107583519,-7.86171587544193,-7.62513686053672,
-7.34523357649205,-7.04133673845301,-6.79250759608546,-6.5680415021376,
-6.35894857420962,-6.16023143126557,-5.96772419903852,-5.78123281781856,
-5.60056929226173,-5.41340794308529,-5.20518931489684,-4.97054707225978,
-4.75699825512219,-4.56323040759937,-4.36473785931943,-4.15705515571413,
-3.93699193892669,-3.68963789682592,-3.43239580964543,-3.16927443206488,
-2.90049509304494,-2.62130937459666,-2.31136826215758,-1.97896153108091,
-1.68317078454179,-1.40970523565665,-1.15133017095811,-0.904199386148924,
-0.671827771505634,-0.446085978596757,-0.223042989298379,0.),
 .UNSPECIFIED.);
#23=B_SPLINE_CURVE_WITH_KNOTS('',3,(#2757,#2758,#2759,#2760,#2761,#2762,
#2763,#2764,#2765,#2766,#2767,#2768,#2769,#2770,#2771,#2772,#2773,#2774,
#2775,#2776,#2777,#2778,#2779,#2780,#2781,#2782,#2783,#2784,#2785,#2786,
#2787),.UNSPECIFIED.,.F.,.F.,(4,3,3,3,3,3,3,3,3,3,4),(-2.30308259709335,
-2.12196401496513,-1.93573691652324,-1.74344418252711,-1.54376027265528,
-1.33110120226496,-1.10813446988982,-0.8712584861992,-0.600270238963306,
-0.325948795143916,-0.0601122418197675),.UNSPECIFIED.);
#24=B_SPLINE_CURVE_WITH_KNOTS('',3,(#2789,#2790,#2791,#2792),
 .UNSPECIFIED.,.F.,.F.,(4,4),(-0.5,0.),.UNSPECIFIED.);
#25=B_SPLINE_CURVE_WITH_KNOTS('',3,(#2793,#2794,#2795,#2796,#2797,#2798,
#2799,#2800,#2801,#2802,#2803,#2804,#2805,#2806,#2807,#2808,#2809,#2810,
#2811,#2812,#2813,#2814,#2815,#2816,#2817,#2818,#2819,#2820,#2821,#2822,
#2823,#2824,#2825,#2826,#2827,#2828,#2829,#2830,#2831,#2832,#2833,#2834,
#2835,#2836,#2837,#2838,#2839,#2840,#2841,#2842,#2843,#2844,#2845,#2846,
#2847,#2848,#2849,#2850,#2851,#2852,#2853,#2854,#2855,#2856,#2857,#2858,
#2859,#2860,#2861,#2862,#2863,#2864,#2865,#2866,#2867,#2868,#2869,#2870,
#2871,#2872,#2873,#2874,#2875,#2876,#2877,#2878,#2879,#2880,#2881,#2882,
#2883,#2884,#2885,#2886,#2887,#2888,#2889,#2890,#2891,#2892,#2893,#2894,
#2895,#2896,#2897,#2898,#2899,#2900,#2901,#2902,#2903,#2904,#2905,#2906,
#2907,#2908,#2909,#2910,#2911,#2912,#2913,#2914,#2915,#2916,#2917,#2918,
#2919,#2920,#2921,#2922,#2923,#2924,#2925,#2926,#2927,#2928,#2929,#2930,
#2931,#2932,#2933,#2934,#2935,#2936,#2937,#2938,#2939,#2940),
 .UNSPECIFIED.,.F.,.F.,(4,3,3,3,3,3,3,3,3,3,3,3,3,3,3,3,3,3,3,3,3,3,3,3,
3,3,3,3,3,3,3,3,3,3,3,3,3,3,3,3,3,3,3,3,3,3,3,3,3,4),(-31.8726399901918,
-31.0999255415318,-30.3455980051128,-29.6090903801321,-28.8918247870065,
-28.231614969095,-27.6211459980427,-27.0438759288579,-26.4910454515243,
-25.9252825989551,-25.2826955475573,-24.6414282213141,-24.0871775239987,
-23.5782815028237,-23.06509169961,-22.5349055555745,-21.9838298133027,-21.4060315208981,
-20.7923392201782,-20.0949933555542,-19.3310022760052,-18.4162599405528,
-17.6951537090979,-17.057507597156,-16.4659829179366,-15.9054337907746,
-15.3660849467745,-14.8428196520931,-14.3331428235154,-13.835191148947,
-13.3468853305861,-12.84546976869,-12.2888857805766,-11.5892094443708,-10.8648838540976,
-10.3195339698902,-9.76410439198903,-9.15384786748971,-8.50496106853126,
-7.78724281702876,-7.04640663566458,-6.31095844653699,-5.58166125487679,
-4.83316409931383,-4.03407404947334,-3.16709885769669,-2.26297565197914,
-1.39352806163388,-0.57274442891702,0.),.UNSPECIFIED.);
#26=B_SPLINE_CURVE_WITH_KNOTS('',3,(#2988,#2989,#2990,#2991,#2992,#2993,
#2994,#2995,#2996,#2997,#2998,#2999,#3000,#3001,#3002,#3003,#3004,#3005,
#3006,#3007,#3008,#3009,#3010,#3011,#3012,#3013,#3014,#3015,#3016,#3017,
#3018,#3019,#3020,#3021,#3022,#3023,#3024,#3025,#3026,#3027,#3028,#3029,
#3030,#3031,#3032,#3033,#3034,#3035,#3036,#3037,#3038,#3039,#3040,#3041,
#3042,#3043,#3044,#3045,#3046,#3047,#3048,#3049,#3050,#3051,#3052,#3053,
#3054,#3055,#3056,#3057,#3058,#3059,#3060,#3061,#3062,#3063,#3064,#3065,
#3066,#3067,#3068,#3069,#3070,#3071,#3072,#3073,#3074,#3075,#3076,#3077,
#3078,#3079,#3080,#3081,#3082,#3083,#3084,#3085,#3086,#3087,#3088,#3089,
#3090,#3091,#3092,#3093,#3094,#3095,#3096,#3097,#3098,#3099,#3100,#3101,
#3102,#3103,#3104,#3105,#3106,#3107,#3108,#3109,#3110,#3111,#3112,#3113,
#3114,#3115,#3116,#3117,#3118,#3119,#3120,#3121,#3122,#3123,#3124,#3125,
#3126,#3127,#3128,#3129,#3130,#3131,#3132,#3133,#3134,#3135),
 .UNSPECIFIED.,.F.,.F.,(4,3,3,3,3,3,3,3,3,3,3,3,3,3,3,3,3,3,3,3,3,3,3,3,
3,3,3,3,3,3,3,3,3,3,3,3,3,3,3,3,3,3,3,3,3,3,3,3,3,4),(-13.8918527460777,
-13.6495097800828,-13.3961006860712,-13.1297714670941,-12.8560107462427,
-12.6087823732432,-12.3825101593413,-12.1659194883773,-11.9475210371698,
-11.7273022431195,-11.4973686855172,-11.2978532315111,-11.1160978669099,
-10.9453425020672,-10.7824429958968,-10.612646161823,-10.3825364464918,
-10.1946268200342,-10.0382687237099,-9.89305710895271,-9.74574260652149,
-9.59513779497259,-9.4407605457717,-9.27941926618467,-9.11188087688467,
-8.93555069153135,-8.74673205848116,-8.53785806576675,-8.28705679534372,
-8.04220502062528,-7.82807071009773,-7.63608872456353,-7.45766036448406,
-7.28903568030145,-7.12769408869081,-6.97208671272952,-6.8211378034083,
-6.65737518335371,-6.47338809611906,-6.27465014873682,-6.1004647091369,
-5.93680398039284,-5.76735873312072,-5.58480691645478,-5.39033568771271,
-5.18009655159939,-4.96030336882029,-4.73652266706425,-4.50645232353063,
-4.36942839984858),.UNSPECIFIED.);
#27=B_SPLINE_CURVE_WITH_KNOTS('',3,(#3137,#3138,#3139,#3140),
 .UNSPECIFIED.,.F.,.F.,(4,4),(-0.550000000000001,-0.0500000000000008),
 .UNSPECIFIED.);
#28=B_SPLINE_CURVE_WITH_KNOTS('',3,(#3141,#3142,#3143,#3144,#3145,#3146),
 .UNSPECIFIED.,.F.,.F.,(4,2,4),(-3.81383413514206,-2.12030757493043,0.),
 .UNSPECIFIED.);
#29=B_SPLINE_CURVE_WITH_KNOTS('',3,(#3194,#3195,#3196,#3197,#3198,#3199,
#3200,#3201,#3202,#3203,#3204,#3205,#3206,#3207,#3208,#3209,#3210,#3211,
#3212,#3213,#3214,#3215,#3216,#3217,#3218,#3219,#3220,#3221,#3222,#3223,
#3224,#3225,#3226,#3227,#3228,#3229,#3230,#3231,#3232,#3233,#3234,#3235,
#3236,#3237,#3238,#3239,#3240,#3241,#3242,#3243,#3244,#3245,#3246,#3247,
#3248,#3249,#3250,#3251,#3252,#3253,#3254,#3255,#3256,#3257,#3258,#3259,
#3260,#3261,#3262,#3263,#3264,#3265,#3266,#3267,#3268,#3269,#3270,#3271,
#3272,#3273,#3274,#3275,#3276,#3277,#3278,#3279,#3280,#3281,#3282,#3283,
#3284,#3285,#3286,#3287,#3288,#3289,#3290,#3291,#3292,#3293,#3294,#3295,
#3296,#3297,#3298,#3299,#3300,#3301,#3302,#3303,#3304,#3305,#3306,#3307,
#3308,#3309,#3310,#3311,#3312,#3313,#3314,#3315,#3316,#3317,#3318,#3319,
#3320,#3321,#3322,#3323,#3324,#3325,#3326,#3327,#3328,#3329,#3330,#3331,
#3332,#3333,#3334,#3335,#3336,#3337,#3338,#3339,#3340,#3341,#3342,#3343,
#3344,#3345,#3346,#3347,#3348,#3349,#3350,#3351,#3352,#3353,#3354,#3355,
#3356,#3357,#3358,#3359,#3360,#3361,#3362,#3363,#3364,#3365,#3366,#3367,
#3368,#3369,#3370,#3371),.UNSPECIFIED.,.F.,.F.,(4,3,3,3,3,3,3,3,3,3,3,3,
3,3,3,3,3,3,3,3,3,3,3,3,3,3,3,3,3,3,3,3,3,3,3,3,3,3,3,3,3,3,3,3,3,3,3,3,
3,3,3,3,3,3,3,3,3,3,3,4),(-61.1085006066201,-60.1536802846417,-59.1717955315797,
-58.15453205166,-57.0939694205012,-55.9844900448135,-54.8140134450163,-53.5575597408596,
-52.1630824576545,-50.6708154071627,-49.3645946248085,-48.1681391397103,
-46.9997853996619,-45.8590657273927,-44.7486023233415,-43.7276641809724,
-42.782992934795,-41.8893826132814,-41.0333213167367,-40.1547694669535,
-39.1561837472452,-38.1657092518302,-37.3090265842736,-36.5210175641185,
-35.7252239033682,-34.9029815304963,-34.048207823904,-33.1517758105529,
-32.199359922973,-31.1161647276256,-29.9274248195518,-28.5143168430093,
-27.4006315200638,-26.4142994681251,-25.4987815938248,-24.630912965582,
-23.7956583738721,-22.9852333508256,-22.1957998417603,-21.4244858423817,
-20.6679218216648,-19.8898053719149,-19.0248924559025,-17.9337432374036,
-16.8733324517754,-16.026188983217,-15.1669759745039,-14.2190399760974,
-13.2165916306934,-12.1079448781711,-10.9596373936603,-9.81963151956479,
-8.68912200469388,-7.53117150434195,-6.2960745866873,-4.95646278269363,
-3.55385590350752,-2.20467689318575,-0.931732573851814,0.),
 .UNSPECIFIED.);
#30=B_SPLINE_CURVE_WITH_KNOTS('',3,(#3374,#3375,#3376,#3377,#3378,#3379,
#3380,#3381,#3382,#3383,#3384,#3385,#3386,#3387,#3388,#3389,#3390,#3391,
#3392,#3393,#3394,#3395,#3396,#3397,#3398,#3399,#3400,#3401,#3402,#3403,
#3404,#3405,#3406,#3407,#3408,#3409,#3410,#3411,#3412,#3413,#3414,#3415,
#3416,#3417,#3418,#3419,#3420,#3421,#3422,#3423,#3424,#3425,#3426,#3427,
#3428,#3429,#3430,#3431,#3432,#3433,#3434,#3435,#3436,#3437,#3438,#3439,
#3440,#3441,#3442,#3443,#3444,#3445,#3446,#3447,#3448,#3449,#3450,#3451,
#3452,#3453,#3454,#3455,#3456,#3457,#3458,#3459,#3460,#3461,#3462,#3463,
#3464,#3465,#3466,#3467,#3468,#3469,#3470,#3471,#3472,#3473,#3474,#3475,
#3476,#3477,#3478,#3479,#3480,#3481,#3482,#3483,#3484,#3485,#3486,#3487,
#3488,#3489,#3490,#3491,#3492,#3493,#3494,#3495,#3496,#3497,#3498,#3499,
#3500,#3501,#3502,#3503,#3504,#3505,#3506,#3507,#3508,#3509,#3510,#3511,
#3512,#3513,#3514,#3515,#3516,#3517,#3518,#3519,#3520,#3521,#3522,#3523,
#3524,#3525,#3526,#3527,#3528,#3529,#3530,#3531,#3532,#3533,#3534,#3535,
#3536,#3537,#3538,#3539,#3540,#3541,#3542,#3543,#3544,#3545,#3546,#3547,
#3548,#3549,#3550,#3551),.UNSPECIFIED.,.F.,.F.,(4,3,3,3,3,3,3,3,3,3,3,3,
3,3,3,3,3,3,3,3,3,3,3,3,3,3,3,3,3,3,3,3,3,3,3,3,3,3,3,3,3,3,3,3,3,3,3,3,
3,3,3,3,3,3,3,3,3,3,3,4),(-13.8918527460699,-13.6039654774931,-13.3026645229303,
-12.9859098341508,-12.668323418587,-12.3805320541511,-12.1161380521445,
-11.8601591208505,-11.6020244645162,-11.3417817724292,-11.0823549032228,
-10.8495682179017,-10.6365569612256,-10.4360428627455,-10.2438686137699,
-10.0398374472006,-9.77121341810593,-9.55383768337114,-9.37095581697409,
-9.19900915647959,-9.02480107098993,-8.84666626755947,-8.66402366527614,
-8.4761172949445,-8.28177949476431,-8.07821075854954,-7.86171587563647,
-7.62513686072976,-7.34523357665866,-7.04133673860562,-6.79250759623129,
-6.56804150227873,-6.35894857434268,-6.16023143139447,-5.96772419916339,
-5.78123281793953,-5.60056929237892,-5.41340794319734,-5.20518931500534,
-4.97054707236397,-4.75699825522249,-4.56323040770043,-4.36473785941647,
-4.15705515580772,-3.93699193901794,-3.68963789691227,-3.43239580972708,
-3.16927443214015,-2.90049509312345,-2.62130937467217,-2.31136826223082,
-1.97896153115026,-1.68317078460274,-1.4097052357114,-1.15133017100682,
-0.904199386219505,-0.671827771574076,-0.446085978664775,-0.223042989332388,
0.),.UNSPECIFIED.);
#31=FACE_BOUND('',#134,.T.);
#32=FACE_BOUND('',#135,.T.);
#33=FACE_BOUND('',#136,.T.);
#34=FACE_BOUND('',#137,.T.);
#35=FACE_BOUND('',#138,.T.);
#36=FACE_BOUND('',#139,.T.);
#37=FACE_BOUND('',#167,.T.);
#38=FACE_BOUND('',#185,.T.);
#39=FACE_BOUND('',#196,.T.);
#40=FACE_BOUND('',#204,.T.);
#41=CYLINDRICAL_SURFACE('',#1319,3.175);
#42=CYLINDRICAL_SURFACE('',#1324,3.175);
#43=CYLINDRICAL_SURFACE('',#1338,3.175);
#44=CYLINDRICAL_SURFACE('',#1342,3.175);
#45=CYLINDRICAL_SURFACE('',#1349,1.5);
#46=CYLINDRICAL_SURFACE('',#1352,1.5);
#47=CYLINDRICAL_SURFACE('',#1358,1.);
#48=CYLINDRICAL_SURFACE('',#1361,1.);
#49=CYLINDRICAL_SURFACE('',#1364,1.);
#50=CYLINDRICAL_SURFACE('',#1367,1.);
#51=CYLINDRICAL_SURFACE('',#1370,1.);
#52=CYLINDRICAL_SURFACE('',#1373,1.);
#53=CYLINDRICAL_SURFACE('',#1405,1.29999999999999);
#54=CYLINDRICAL_SURFACE('',#1408,1.29999999999999);
#55=FACE_OUTER_BOUND('',#125,.T.);
#56=FACE_OUTER_BOUND('',#126,.T.);
#57=FACE_OUTER_BOUND('',#127,.T.);
#58=FACE_OUTER_BOUND('',#128,.T.);
#59=FACE_OUTER_BOUND('',#129,.T.);
#60=FACE_OUTER_BOUND('',#130,.T.);
#61=FACE_OUTER_BOUND('',#131,.T.);
#62=FACE_OUTER_BOUND('',#132,.T.);
#63=FACE_OUTER_BOUND('',#133,.T.);
#64=FACE_OUTER_BOUND('',#140,.T.);
#65=FACE_OUTER_BOUND('',#141,.T.);
#66=FACE_OUTER_BOUND('',#142,.T.);
#67=FACE_OUTER_BOUND('',#143,.T.);
#68=FACE_OUTER_BOUND('',#144,.T.);
#69=FACE_OUTER_BOUND('',#145,.T.);
#70=FACE_OUTER_BOUND('',#146,.T.);
#71=FACE_OUTER_BOUND('',#147,.T.);
#72=FACE_OUTER_BOUND('',#148,.T.);
#73=FACE_OUTER_BOUND('',#149,.T.);
#74=FACE_OUTER_BOUND('',#150,.T.);
#75=FACE_OUTER_BOUND('',#151,.T.);
#76=FACE_OUTER_BOUND('',#152,.T.);
#77=FACE_OUTER_BOUND('',#153,.T.);
#78=FACE_OUTER_BOUND('',#154,.T.);
#79=FACE_OUTER_BOUND('',#155,.T.);
#80=FACE_OUTER_BOUND('',#156,.T.);
#81=FACE_OUTER_BOUND('',#157,.T.);
#82=FACE_OUTER_BOUND('',#158,.T.);
#83=FACE_OUTER_BOUND('',#159,.T.);
#84=FACE_OUTER_BOUND('',#160,.T.);
#85=FACE_OUTER_BOUND('',#161,.T.);
#86=FACE_OUTER_BOUND('',#162,.T.);
#87=FACE_OUTER_BOUND('',#163,.T.);
#88=FACE_OUTER_BOUND('',#164,.T.);
#89=FACE_OUTER_BOUND('',#165,.T.);
#90=FACE_OUTER_BOUND('',#166,.T.);
#91=FACE_OUTER_BOUND('',#168,.T.);
#92=FACE_OUTER_BOUND('',#169,.T.);
#93=FACE_OUTER_BOUND('',#170,.T.);
#94=FACE_OUTER_BOUND('',#171,.T.);
#95=FACE_OUTER_BOUND('',#172,.T.);
#96=FACE_OUTER_BOUND('',#173,.T.);
#97=FACE_OUTER_BOUND('',#174,.T.);
#98=FACE_OUTER_BOUND('',#175,.T.);
#99=FACE_OUTER_BOUND('',#176,.T.);
#100=FACE_OUTER_BOUND('',#177,.T.);
#101=FACE_OUTER_BOUND('',#178,.T.);
#102=FACE_OUTER_BOUND('',#179,.T.);
#103=FACE_OUTER_BOUND('',#180,.T.);
#104=FACE_OUTER_BOUND('',#181,.T.);
#105=FACE_OUTER_BOUND('',#182,.T.);
#106=FACE_OUTER_BOUND('',#183,.T.);
#107=FACE_OUTER_BOUND('',#184,.T.);
#108=FACE_OUTER_BOUND('',#186,.T.);
#109=FACE_OUTER_BOUND('',#187,.T.);
#110=FACE_OUTER_BOUND('',#188,.T.);
#111=FACE_OUTER_BOUND('',#189,.T.);
#112=FACE_OUTER_BOUND('',#190,.T.);
#113=FACE_OUTER_BOUND('',#191,.T.);
#114=FACE_OUTER_BOUND('',#192,.T.);
#115=FACE_OUTER_BOUND('',#193,.T.);
#116=FACE_OUTER_BOUND('',#194,.T.);
#117=FACE_OUTER_BOUND('',#195,.T.);
#118=FACE_OUTER_BOUND('',#197,.T.);
#119=FACE_OUTER_BOUND('',#198,.T.);
#120=FACE_OUTER_BOUND('',#199,.T.);
#121=FACE_OUTER_BOUND('',#200,.T.);
#122=FACE_OUTER_BOUND('',#201,.T.);
#123=FACE_OUTER_BOUND('',#202,.T.);
#124=FACE_OUTER_BOUND('',#203,.T.);
#125=EDGE_LOOP('',(#823,#824,#825,#826,#827,#828,#829,#830));
#126=EDGE_LOOP('',(#831,#832,#833,#834));
#127=EDGE_LOOP('',(#835,#836,#837,#838,#839,#840));
#128=EDGE_LOOP('',(#841,#842,#843,#844));
#129=EDGE_LOOP('',(#845,#846,#847,#848,#849,#850));
#130=EDGE_LOOP('',(#851,#852,#853,#854,#855,#856,#857,#858));
#131=EDGE_LOOP('',(#859,#860,#861,#862));
#132=EDGE_LOOP('',(#863,#864,#865,#866));
#133=EDGE_LOOP('',(#867,#868,#869,#870,#871,#872,#873,#874,#875,#876,#877,
#878,#879,#880,#881,#882,#883,#884,#885,#886,#887,#888,#889,#890));
#134=EDGE_LOOP('',(#891));
#135=EDGE_LOOP('',(#892));
#136=EDGE_LOOP('',(#893));
#137=EDGE_LOOP('',(#894));
#138=EDGE_LOOP('',(#895));
#139=EDGE_LOOP('',(#896));
#140=EDGE_LOOP('',(#897,#898,#899,#900,#901,#902));
#141=EDGE_LOOP('',(#903,#904,#905,#906,#907,#908));
#142=EDGE_LOOP('',(#909,#910,#911,#912));
#143=EDGE_LOOP('',(#913,#914,#915,#916));
#144=EDGE_LOOP('',(#917,#918,#919,#920));
#145=EDGE_LOOP('',(#921,#922,#923,#924,#925));
#146=EDGE_LOOP('',(#926,#927,#928,#929,#930));
#147=EDGE_LOOP('',(#931,#932,#933,#934,#935,#936,#937,#938));
#148=EDGE_LOOP('',(#939,#940,#941,#942));
#149=EDGE_LOOP('',(#943,#944,#945,#946));
#150=EDGE_LOOP('',(#947,#948,#949,#950));
#151=EDGE_LOOP('',(#951));
#152=EDGE_LOOP('',(#952,#953,#954,#955));
#153=EDGE_LOOP('',(#956));
#154=EDGE_LOOP('',(#957,#958,#959,#960));
#155=EDGE_LOOP('',(#961));
#156=EDGE_LOOP('',(#962,#963,#964,#965));
#157=EDGE_LOOP('',(#966));
#158=EDGE_LOOP('',(#967,#968,#969,#970));
#159=EDGE_LOOP('',(#971));
#160=EDGE_LOOP('',(#972,#973,#974,#975));
#161=EDGE_LOOP('',(#976));
#162=EDGE_LOOP('',(#977,#978,#979,#980));
#163=EDGE_LOOP('',(#981,#982,#983,#984));
#164=EDGE_LOOP('',(#985,#986,#987,#988));
#165=EDGE_LOOP('',(#989,#990,#991,#992));
#166=EDGE_LOOP('',(#993,#994,#995,#996));
#167=EDGE_LOOP('',(#997,#998,#999,#1000,#1001,#1002,#1003,#1004));
#168=EDGE_LOOP('',(#1005,#1006,#1007,#1008));
#169=EDGE_LOOP('',(#1009,#1010,#1011,#1012,#1013,#1014));
#170=EDGE_LOOP('',(#1015,#1016,#1017,#1018));
#171=EDGE_LOOP('',(#1019,#1020,#1021,#1022,#1023,#1024));
#172=EDGE_LOOP('',(#1025,#1026,#1027,#1028,#1029,#1030));
#173=EDGE_LOOP('',(#1031,#1032,#1033,#1034));
#174=EDGE_LOOP('',(#1035,#1036,#1037,#1038));
#175=EDGE_LOOP('',(#1039,#1040,#1041,#1042));
#176=EDGE_LOOP('',(#1043,#1044,#1045,#1046));
#177=EDGE_LOOP('',(#1047,#1048,#1049,#1050));
#178=EDGE_LOOP('',(#1051,#1052,#1053,#1054));
#179=EDGE_LOOP('',(#1055,#1056,#1057,#1058));
#180=EDGE_LOOP('',(#1059,#1060,#1061,#1062));
#181=EDGE_LOOP('',(#1063,#1064,#1065,#1066));
#182=EDGE_LOOP('',(#1067,#1068,#1069,#1070));
#183=EDGE_LOOP('',(#1071,#1072,#1073,#1074,#1075,#1076,#1077,#1078,#1079,
#1080,#1081,#1082,#1083,#1084));
#184=EDGE_LOOP('',(#1085,#1086,#1087,#1088));
#185=EDGE_LOOP('',(#1089,#1090,#1091,#1092,#1093,#1094,#1095,#1096,#1097,
#1098));
#186=EDGE_LOOP('',(#1099,#1100,#1101,#1102));
#187=EDGE_LOOP('',(#1103,#1104,#1105,#1106));
#188=EDGE_LOOP('',(#1107,#1108,#1109,#1110));
#189=EDGE_LOOP('',(#1111,#1112,#1113,#1114));
#190=EDGE_LOOP('',(#1115,#1116,#1117,#1118));
#191=EDGE_LOOP('',(#1119,#1120,#1121,#1122));
#192=EDGE_LOOP('',(#1123,#1124,#1125,#1126));
#193=EDGE_LOOP('',(#1127,#1128,#1129,#1130,#1131,#1132,#1133,#1134));
#194=EDGE_LOOP('',(#1135,#1136,#1137,#1138));
#195=EDGE_LOOP('',(#1139,#1140,#1141,#1142));
#196=EDGE_LOOP('',(#1143,#1144,#1145,#1146));
#197=EDGE_LOOP('',(#1147,#1148,#1149,#1150));
#198=EDGE_LOOP('',(#1151,#1152,#1153,#1154));
#199=EDGE_LOOP('',(#1155,#1156,#1157,#1158));
#200=EDGE_LOOP('',(#1159,#1160,#1161,#1162));
#201=EDGE_LOOP('',(#1163,#1164,#1165,#1166));
#202=EDGE_LOOP('',(#1167,#1168,#1169,#1170,#1171,#1172,#1173,#1174));
#203=EDGE_LOOP('',(#1175,#1176,#1177,#1178,#1179,#1180,#1181,#1182));
#204=EDGE_LOOP('',(#1183,#1184,#1185,#1186,#1187,#1188,#1189,#1190));
#205=CIRCLE('',#1316,1.29999999999999);
#206=CIRCLE('',#1317,1.29999999999999);
#207=CIRCLE('',#1320,3.175);
#208=CIRCLE('',#1321,3.175);
#209=CIRCLE('',#1322,3.175);
#210=CIRCLE('',#1325,3.175);
#211=CIRCLE('',#1326,3.175);
#212=CIRCLE('',#1327,3.175);
#213=CIRCLE('',#1332,1.);
#214=CIRCLE('',#1333,1.);
#215=CIRCLE('',#1334,1.);
#216=CIRCLE('',#1335,1.);
#217=CIRCLE('',#1336,1.);
#218=CIRCLE('',#1337,1.);
#219=CIRCLE('',#1339,3.175);
#220=CIRCLE('',#1340,3.175);
#221=CIRCLE('',#1341,3.175);
#222=CIRCLE('',#1343,3.175);
#223=CIRCLE('',#1344,3.175);
#224=CIRCLE('',#1345,3.175);
#225=CIRCLE('',#1350,1.5);
#226=CIRCLE('',#1351,1.5);
#227=CIRCLE('',#1353,1.5);
#228=CIRCLE('',#1354,1.5);
#229=CIRCLE('',#1359,1.);
#230=CIRCLE('',#1362,1.);
#231=CIRCLE('',#1365,1.);
#232=CIRCLE('',#1368,1.);
#233=CIRCLE('',#1371,1.);
#234=CIRCLE('',#1374,1.);
#235=CIRCLE('',#1406,1.29999999999999);
#236=CIRCLE('',#1409,1.29999999999999);
#237=LINE('',#1755,#377);
#238=LINE('',#1757,#378);
#239=LINE('',#1759,#379);
#240=LINE('',#1763,#380);
#241=LINE('',#1767,#381);
#242=LINE('',#1768,#382);
#243=LINE('',#1771,#383);
#244=LINE('',#1773,#384);
#245=LINE('',#1774,#385);
#246=LINE('',#1778,#386);
#247=LINE('',#1782,#387);
#248=LINE('',#1786,#388);
#249=LINE('',#1790,#389);
#250=LINE('',#1792,#390);
#251=LINE('',#1793,#391);
#252=LINE('',#1797,#392);
#253=LINE('',#1801,#393);
#254=LINE('',#1806,#394);
#255=LINE('',#1808,#395);
#256=LINE('',#1810,#396);
#257=LINE('',#1812,#397);
#258=LINE('',#1813,#398);
#259=LINE('',#1816,#399);
#260=LINE('',#1818,#400);
#261=LINE('',#1819,#401);
#262=LINE('',#1822,#402);
#263=LINE('',#1824,#403);
#264=LINE('',#1825,#404);
#265=LINE('',#1828,#405);
#266=LINE('',#1830,#406);
#267=LINE('',#1831,#407);
#268=LINE('',#1833,#408);
#269=LINE('',#1835,#409);
#270=LINE('',#1837,#410);
#271=LINE('',#1838,#411);
#272=LINE('',#1840,#412);
#273=LINE('',#1842,#413);
#274=LINE('',#1844,#414);
#275=LINE('',#1846,#415);
#276=LINE('',#1848,#416);
#277=LINE('',#1850,#417);
#278=LINE('',#1852,#418);
#279=LINE('',#1854,#419);
#280=LINE('',#1855,#420);
#281=LINE('',#1872,#421);
#282=LINE('',#1876,#422);
#283=LINE('',#1884,#423);
#284=LINE('',#1887,#424);
#285=LINE('',#1889,#425);
#286=LINE('',#1890,#426);
#287=LINE('',#1894,#427);
#288=LINE('',#1896,#428);
#289=LINE('',#1898,#429);
#290=LINE('',#1899,#430);
#291=LINE('',#1902,#431);
#292=LINE('',#1903,#432);
#293=LINE('',#1908,#433);
#294=LINE('',#1912,#434);
#295=LINE('',#1916,#435);
#296=LINE('',#1917,#436);
#297=LINE('',#1919,#437);
#298=LINE('',#1921,#438);
#299=LINE('',#1922,#439);
#300=LINE('',#1925,#440);
#301=LINE('',#1926,#441);
#302=LINE('',#1928,#442);
#303=LINE('',#1931,#443);
#304=LINE('',#1936,#444);
#305=LINE('',#1941,#445);
#306=LINE('',#1946,#446);
#307=LINE('',#1951,#447);
#308=LINE('',#1956,#448);
#309=LINE('',#1962,#449);
#310=LINE('',#1964,#450);
#311=LINE('',#1966,#451);
#312=LINE('',#1967,#452);
#313=LINE('',#1970,#453);
#314=LINE('',#1972,#454);
#315=LINE('',#1973,#455);
#316=LINE('',#1976,#456);
#317=LINE('',#1978,#457);
#318=LINE('',#1979,#458);
#319=LINE('',#1981,#459);
#320=LINE('',#1982,#460);
#321=LINE('',#2165,#461);
#322=LINE('',#2346,#462);
#323=LINE('',#2527,#463);
#324=LINE('',#2707,#464);
#325=LINE('',#2710,#465);
#326=LINE('',#2712,#466);
#327=LINE('',#2713,#467);
#328=LINE('',#2755,#468);
#329=LINE('',#2943,#469);
#330=LINE('',#2944,#470);
#331=LINE('',#2986,#471);
#332=LINE('',#3149,#472);
#333=LINE('',#3151,#473);
#334=LINE('',#3152,#474);
#335=LINE('',#3155,#475);
#336=LINE('',#3156,#476);
#337=LINE('',#3159,#477);
#338=LINE('',#3160,#478);
#339=LINE('',#3162,#479);
#340=LINE('',#3165,#480);
#341=LINE('',#3166,#481);
#342=LINE('',#3169,#482);
#343=LINE('',#3170,#483);
#344=LINE('',#3172,#484);
#345=LINE('',#3176,#485);
#346=LINE('',#3178,#486);
#347=LINE('',#3179,#487);
#348=LINE('',#3182,#488);
#349=LINE('',#3183,#489);
#350=LINE('',#3186,#490);
#351=LINE('',#3187,#491);
#352=LINE('',#3189,#492);
#353=LINE('',#3192,#493);
#354=LINE('',#3373,#494);
#355=LINE('',#3553,#495);
#356=LINE('',#3554,#496);
#357=LINE('',#3595,#497);
#358=LINE('',#3598,#498);
#359=LINE('',#3642,#499);
#360=LINE('',#3644,#500);
#361=LINE('',#3645,#501);
#362=LINE('',#3648,#502);
#363=LINE('',#3650,#503);
#364=LINE('',#3651,#504);
#365=LINE('',#3654,#505);
#366=LINE('',#3656,#506);
#367=LINE('',#3657,#507);
#368=LINE('',#3659,#508);
#369=LINE('',#3663,#509);
#370=LINE('',#3664,#510);
#371=LINE('',#3665,#511);
#372=LINE('',#3669,#512);
#373=LINE('',#3671,#513);
#374=LINE('',#3675,#514);
#375=LINE('',#3677,#515);
#376=LINE('',#3679,#516);
#377=VECTOR('',#1417,10.);
#378=VECTOR('',#1418,10.);
#379=VECTOR('',#1419,10.);
#380=VECTOR('',#1422,10.);
#381=VECTOR('',#1425,10.);
#382=VECTOR('',#1426,10.);
#383=VECTOR('',#1429,1.);
#384=VECTOR('',#1430,1.);
#385=VECTOR('',#1431,1.);
#386=VECTOR('',#1434,1.);
#387=VECTOR('',#1437,1.);
#388=VECTOR('',#1440,1.);
#389=VECTOR('',#1445,1.);
#390=VECTOR('',#1446,1.);
#391=VECTOR('',#1447,1.);
#392=VECTOR('',#1450,1.);
#393=VECTOR('',#1453,1.);
#394=VECTOR('',#1460,1.);
#395=VECTOR('',#1461,1.);
#396=VECTOR('',#1462,1.);
#397=VECTOR('',#1463,1.);
#398=VECTOR('',#1464,1.);
#399=VECTOR('',#1467,1.);
#400=VECTOR('',#1468,1.);
#401=VECTOR('',#1469,1.);
#402=VECTOR('',#1472,1.);
#403=VECTOR('',#1473,1.);
#404=VECTOR('',#1474,1.);
#405=VECTOR('',#1477,1.);
#406=VECTOR('',#1478,1.);
#407=VECTOR('',#1479,1.);
#408=VECTOR('',#1480,1.);
#409=VECTOR('',#1481,10.);
#410=VECTOR('',#1482,1.);
#411=VECTOR('',#1483,1.);
#412=VECTOR('',#1484,1.);
#413=VECTOR('',#1485,1.);
#414=VECTOR('',#1486,1.);
#415=VECTOR('',#1487,1.);
#416=VECTOR('',#1488,1.);
#417=VECTOR('',#1489,1.);
#418=VECTOR('',#1490,1.);
#419=VECTOR('',#1491,1.);
#420=VECTOR('',#1492,1.);
#421=VECTOR('',#1509,1.);
#422=VECTOR('',#1512,1.);
#423=VECTOR('',#1521,1.);
#424=VECTOR('',#1524,1.);
#425=VECTOR('',#1527,1.);
#426=VECTOR('',#1528,1.);
#427=VECTOR('',#1531,1.);
#428=VECTOR('',#1532,1.);
#429=VECTOR('',#1533,1.);
#430=VECTOR('',#1534,1.);
#431=VECTOR('',#1537,1.);
#432=VECTOR('',#1538,1.);
#433=VECTOR('',#1545,10.);
#434=VECTOR('',#1550,10.);
#435=VECTOR('',#1555,1.);
#436=VECTOR('',#1556,1.);
#437=VECTOR('',#1557,1.);
#438=VECTOR('',#1558,1.);
#439=VECTOR('',#1559,1.);
#440=VECTOR('',#1562,1.);
#441=VECTOR('',#1563,1.);
#442=VECTOR('',#1566,1.);
#443=VECTOR('',#1569,1.);
#444=VECTOR('',#1576,1.);
#445=VECTOR('',#1583,1.);
#446=VECTOR('',#1590,1.);
#447=VECTOR('',#1597,1.);
#448=VECTOR('',#1604,1.);
#449=VECTOR('',#1611,1.);
#450=VECTOR('',#1612,1.);
#451=VECTOR('',#1613,1.);
#452=VECTOR('',#1614,1.);
#453=VECTOR('',#1617,1.);
#454=VECTOR('',#1618,1.);
#455=VECTOR('',#1619,1.);
#456=VECTOR('',#1622,1.);
#457=VECTOR('',#1623,1.);
#458=VECTOR('',#1624,1.);
#459=VECTOR('',#1627,1.);
#460=VECTOR('',#1628,1.);
#461=VECTOR('',#1631,1.);
#462=VECTOR('',#1632,1.);
#463=VECTOR('',#1633,1.);
#464=VECTOR('',#1634,1.);
#465=VECTOR('',#1637,1.);
#466=VECTOR('',#1638,1.);
#467=VECTOR('',#1639,1.);
#468=VECTOR('',#1640,1.);
#469=VECTOR('',#1643,1.);
#470=VECTOR('',#1644,1.);
#471=VECTOR('',#1645,1.);
#472=VECTOR('',#1648,1.);
#473=VECTOR('',#1649,1.);
#474=VECTOR('',#1650,1.);
#475=VECTOR('',#1653,1.);
#476=VECTOR('',#1654,1.);
#477=VECTOR('',#1657,1.);
#478=VECTOR('',#1658,1.);
#479=VECTOR('',#1661,1.);
#480=VECTOR('',#1664,1.);
#481=VECTOR('',#1665,1.);
#482=VECTOR('',#1668,1.);
#483=VECTOR('',#1669,1.);
#484=VECTOR('',#1672,1.);
#485=VECTOR('',#1677,1.);
#486=VECTOR('',#1678,1.);
#487=VECTOR('',#1679,1.);
#488=VECTOR('',#1682,1.);
#489=VECTOR('',#1683,1.);
#490=VECTOR('',#1686,1.);
#491=VECTOR('',#1687,1.);
#492=VECTOR('',#1690,1.);
#493=VECTOR('',#1693,1.);
#494=VECTOR('',#1694,1.);
#495=VECTOR('',#1697,1.);
#496=VECTOR('',#1698,1.);
#497=VECTOR('',#1699,1.);
#498=VECTOR('',#1704,1.);
#499=VECTOR('',#1709,1.);
#500=VECTOR('',#1710,1.);
#501=VECTOR('',#1711,1.);
#502=VECTOR('',#1714,1.);
#503=VECTOR('',#1715,1.);
#504=VECTOR('',#1716,1.);
#505=VECTOR('',#1719,1.);
#506=VECTOR('',#1720,1.);
#507=VECTOR('',#1721,1.);
#508=VECTOR('',#1724,1.);
#509=VECTOR('',#1727,10.);
#510=VECTOR('',#1728,10.);
#511=VECTOR('',#1729,10.);
#512=VECTOR('',#1734,10.);
#513=VECTOR('',#1737,10.);
#514=VECTOR('',#1742,10.);
#515=VECTOR('',#1745,10.);
#516=VECTOR('',#1748,1.);
#517=VERTEX_POINT('',#1753);
#518=VERTEX_POINT('',#1754);
#519=VERTEX_POINT('',#1756);
#520=VERTEX_POINT('',#1758);
#521=VERTEX_POINT('',#1760);
#522=VERTEX_POINT('',#1762);
#523=VERTEX_POINT('',#1764);
#524=VERTEX_POINT('',#1766);
#525=VERTEX_POINT('',#1770);
#526=VERTEX_POINT('',#1772);
#527=VERTEX_POINT('',#1776);
#528=VERTEX_POINT('',#1777);
#529=VERTEX_POINT('',#1779);
#530=VERTEX_POINT('',#1781);
#531=VERTEX_POINT('',#1783);
#532=VERTEX_POINT('',#1785);
#533=VERTEX_POINT('',#1789);
#534=VERTEX_POINT('',#1791);
#535=VERTEX_POINT('',#1795);
#536=VERTEX_POINT('',#1796);
#537=VERTEX_POINT('',#1798);
#538=VERTEX_POINT('',#1800);
#539=VERTEX_POINT('',#1805);
#540=VERTEX_POINT('',#1807);
#541=VERTEX_POINT('',#1809);
#542=VERTEX_POINT('',#1811);
#543=VERTEX_POINT('',#1815);
#544=VERTEX_POINT('',#1817);
#545=VERTEX_POINT('',#1821);
#546=VERTEX_POINT('',#1823);
#547=VERTEX_POINT('',#1827);
#548=VERTEX_POINT('',#1829);
#549=VERTEX_POINT('',#1832);
#550=VERTEX_POINT('',#1834);
#551=VERTEX_POINT('',#1836);
#552=VERTEX_POINT('',#1839);
#553=VERTEX_POINT('',#1841);
#554=VERTEX_POINT('',#1843);
#555=VERTEX_POINT('',#1845);
#556=VERTEX_POINT('',#1847);
#557=VERTEX_POINT('',#1849);
#558=VERTEX_POINT('',#1851);
#559=VERTEX_POINT('',#1853);
#560=VERTEX_POINT('',#1856);
#561=VERTEX_POINT('',#1858);
#562=VERTEX_POINT('',#1860);
#563=VERTEX_POINT('',#1862);
#564=VERTEX_POINT('',#1864);
#565=VERTEX_POINT('',#1866);
#566=VERTEX_POINT('',#1869);
#567=VERTEX_POINT('',#1871);
#568=VERTEX_POINT('',#1873);
#569=VERTEX_POINT('',#1875);
#570=VERTEX_POINT('',#1879);
#571=VERTEX_POINT('',#1881);
#572=VERTEX_POINT('',#1883);
#573=VERTEX_POINT('',#1885);
#574=VERTEX_POINT('',#1892);
#575=VERTEX_POINT('',#1893);
#576=VERTEX_POINT('',#1895);
#577=VERTEX_POINT('',#1897);
#578=VERTEX_POINT('',#1901);
#579=VERTEX_POINT('',#1905);
#580=VERTEX_POINT('',#1910);
#581=VERTEX_POINT('',#1915);
#582=VERTEX_POINT('',#1918);
#583=VERTEX_POINT('',#1920);
#584=VERTEX_POINT('',#1924);
#585=VERTEX_POINT('',#1930);
#586=VERTEX_POINT('',#1935);
#587=VERTEX_POINT('',#1940);
#588=VERTEX_POINT('',#1945);
#589=VERTEX_POINT('',#1950);
#590=VERTEX_POINT('',#1955);
#591=VERTEX_POINT('',#1960);
#592=VERTEX_POINT('',#1961);
#593=VERTEX_POINT('',#1963);
#594=VERTEX_POINT('',#1965);
#595=VERTEX_POINT('',#1969);
#596=VERTEX_POINT('',#1971);
#597=VERTEX_POINT('',#1975);
#598=VERTEX_POINT('',#1977);
#599=VERTEX_POINT('',#1984);
#600=VERTEX_POINT('',#1985);
#601=VERTEX_POINT('',#2164);
#602=VERTEX_POINT('',#2166);
#603=VERTEX_POINT('',#2345);
#604=VERTEX_POINT('',#2347);
#605=VERTEX_POINT('',#2526);
#606=VERTEX_POINT('',#2528);
#607=VERTEX_POINT('',#2709);
#608=VERTEX_POINT('',#2711);
#609=VERTEX_POINT('',#2754);
#610=VERTEX_POINT('',#2756);
#611=VERTEX_POINT('',#2788);
#612=VERTEX_POINT('',#2942);
#613=VERTEX_POINT('',#2985);
#614=VERTEX_POINT('',#2987);
#615=VERTEX_POINT('',#3136);
#616=VERTEX_POINT('',#3148);
#617=VERTEX_POINT('',#3150);
#618=VERTEX_POINT('',#3154);
#619=VERTEX_POINT('',#3158);
#620=VERTEX_POINT('',#3164);
#621=VERTEX_POINT('',#3168);
#622=VERTEX_POINT('',#3175);
#623=VERTEX_POINT('',#3177);
#624=VERTEX_POINT('',#3181);
#625=VERTEX_POINT('',#3185);
#626=VERTEX_POINT('',#3191);
#627=VERTEX_POINT('',#3193);
#628=VERTEX_POINT('',#3372);
#629=VERTEX_POINT('',#3641);
#630=VERTEX_POINT('',#3643);
#631=VERTEX_POINT('',#3647);
#632=VERTEX_POINT('',#3649);
#633=VERTEX_POINT('',#3653);
#634=VERTEX_POINT('',#3655);
#635=VERTEX_POINT('',#3661);
#636=VERTEX_POINT('',#3662);
#637=VERTEX_POINT('',#3667);
#638=VERTEX_POINT('',#3673);
#639=EDGE_CURVE('',#517,#518,#237,.T.);
#640=EDGE_CURVE('',#517,#519,#238,.T.);
#641=EDGE_CURVE('',#519,#520,#239,.T.);
#642=EDGE_CURVE('',#520,#521,#205,.T.);
#643=EDGE_CURVE('',#521,#522,#240,.T.);
#644=EDGE_CURVE('',#522,#523,#206,.T.);
#645=EDGE_CURVE('',#523,#524,#241,.T.);
#646=EDGE_CURVE('',#524,#518,#242,.T.);
#647=EDGE_CURVE('',#525,#517,#243,.T.);
#648=EDGE_CURVE('',#526,#525,#244,.T.);
#649=EDGE_CURVE('',#526,#519,#245,.T.);
#650=EDGE_CURVE('',#527,#528,#246,.T.);
#651=EDGE_CURVE('',#529,#527,#207,.T.);
#652=EDGE_CURVE('',#529,#530,#247,.T.);
#653=EDGE_CURVE('',#531,#530,#208,.T.);
#654=EDGE_CURVE('',#532,#531,#248,.T.);
#655=EDGE_CURVE('',#528,#532,#209,.T.);
#656=EDGE_CURVE('',#530,#533,#249,.T.);
#657=EDGE_CURVE('',#534,#529,#250,.T.);
#658=EDGE_CURVE('',#534,#533,#251,.T.);
#659=EDGE_CURVE('',#535,#536,#252,.T.);
#660=EDGE_CURVE('',#537,#535,#210,.T.);
#661=EDGE_CURVE('',#538,#537,#253,.T.);
#662=EDGE_CURVE('',#533,#538,#211,.T.);
#663=EDGE_CURVE('',#536,#534,#212,.T.);
#664=EDGE_CURVE('',#539,#538,#254,.T.);
#665=EDGE_CURVE('',#539,#540,#255,.T.);
#666=EDGE_CURVE('',#540,#541,#256,.T.);
#667=EDGE_CURVE('',#542,#541,#257,.T.);
#668=EDGE_CURVE('',#531,#542,#258,.T.);
#669=EDGE_CURVE('',#543,#535,#259,.T.);
#670=EDGE_CURVE('',#543,#544,#260,.T.);
#671=EDGE_CURVE('',#544,#537,#261,.T.);
#672=EDGE_CURVE('',#532,#545,#262,.T.);
#673=EDGE_CURVE('',#546,#545,#263,.T.);
#674=EDGE_CURVE('',#528,#546,#264,.T.);
#675=EDGE_CURVE('',#542,#547,#265,.T.);
#676=EDGE_CURVE('',#547,#548,#266,.T.);
#677=EDGE_CURVE('',#548,#539,#267,.T.);
#678=EDGE_CURVE('',#549,#544,#268,.T.);
#679=EDGE_CURVE('',#550,#549,#269,.T.);
#680=EDGE_CURVE('',#550,#551,#270,.T.);
#681=EDGE_CURVE('',#551,#525,#271,.T.);
#682=EDGE_CURVE('',#518,#552,#272,.T.);
#683=EDGE_CURVE('',#552,#553,#273,.T.);
#684=EDGE_CURVE('',#553,#554,#274,.T.);
#685=EDGE_CURVE('',#554,#555,#275,.T.);
#686=EDGE_CURVE('',#555,#556,#276,.T.);
#687=EDGE_CURVE('',#556,#557,#277,.T.);
#688=EDGE_CURVE('',#557,#558,#278,.T.);
#689=EDGE_CURVE('',#559,#558,#279,.T.);
#690=EDGE_CURVE('',#545,#559,#280,.T.);
#691=EDGE_CURVE('',#560,#560,#213,.T.);
#692=EDGE_CURVE('',#561,#561,#214,.T.);
#693=EDGE_CURVE('',#562,#562,#215,.T.);
#694=EDGE_CURVE('',#563,#563,#216,.T.);
#695=EDGE_CURVE('',#564,#564,#217,.T.);
#696=EDGE_CURVE('',#565,#565,#218,.T.);
#697=EDGE_CURVE('',#566,#557,#219,.T.);
#698=EDGE_CURVE('',#566,#567,#281,.T.);
#699=EDGE_CURVE('',#568,#567,#220,.T.);
#700=EDGE_CURVE('',#569,#568,#282,.T.);
#701=EDGE_CURVE('',#558,#569,#221,.T.);
#702=EDGE_CURVE('',#551,#570,#222,.T.);
#703=EDGE_CURVE('',#571,#550,#223,.T.);
#704=EDGE_CURVE('',#572,#571,#283,.T.);
#705=EDGE_CURVE('',#573,#572,#224,.T.);
#706=EDGE_CURVE('',#573,#570,#284,.T.);
#707=EDGE_CURVE('',#570,#566,#285,.T.);
#708=EDGE_CURVE('',#567,#573,#286,.T.);
#709=EDGE_CURVE('',#574,#575,#287,.T.);
#710=EDGE_CURVE('',#574,#576,#288,.T.);
#711=EDGE_CURVE('',#577,#576,#289,.T.);
#712=EDGE_CURVE('',#577,#575,#290,.T.);
#713=EDGE_CURVE('',#578,#524,#291,.T.);
#714=EDGE_CURVE('',#552,#578,#292,.T.);
#715=EDGE_CURVE('',#575,#579,#225,.T.);
#716=EDGE_CURVE('',#578,#577,#226,.T.);
#717=EDGE_CURVE('',#579,#524,#293,.T.);
#718=EDGE_CURVE('',#580,#574,#227,.T.);
#719=EDGE_CURVE('',#580,#519,#294,.T.);
#720=EDGE_CURVE('',#576,#526,#228,.T.);
#721=EDGE_CURVE('',#546,#581,#295,.T.);
#722=EDGE_CURVE('',#581,#569,#296,.T.);
#723=EDGE_CURVE('',#582,#568,#297,.T.);
#724=EDGE_CURVE('',#583,#582,#298,.T.);
#725=EDGE_CURVE('',#527,#583,#299,.T.);
#726=EDGE_CURVE('',#584,#549,#300,.T.);
#727=EDGE_CURVE('',#571,#584,#301,.T.);
#728=EDGE_CURVE('',#581,#559,#302,.T.);
#729=EDGE_CURVE('',#560,#585,#303,.T.);
#730=EDGE_CURVE('',#585,#585,#229,.T.);
#731=EDGE_CURVE('',#561,#586,#304,.T.);
#732=EDGE_CURVE('',#586,#586,#230,.T.);
#733=EDGE_CURVE('',#562,#587,#305,.T.);
#734=EDGE_CURVE('',#587,#587,#231,.T.);
#735=EDGE_CURVE('',#563,#588,#306,.T.);
#736=EDGE_CURVE('',#588,#588,#232,.T.);
#737=EDGE_CURVE('',#564,#589,#307,.T.);
#738=EDGE_CURVE('',#589,#589,#233,.T.);
#739=EDGE_CURVE('',#565,#590,#308,.T.);
#740=EDGE_CURVE('',#590,#590,#234,.T.);
#741=EDGE_CURVE('',#591,#592,#309,.T.);
#742=EDGE_CURVE('',#591,#593,#310,.T.);
#743=EDGE_CURVE('',#593,#594,#311,.T.);
#744=EDGE_CURVE('',#592,#594,#312,.T.);
#745=EDGE_CURVE('',#595,#591,#313,.T.);
#746=EDGE_CURVE('',#595,#596,#314,.T.);
#747=EDGE_CURVE('',#596,#593,#315,.T.);
#748=EDGE_CURVE('',#597,#595,#316,.T.);
#749=EDGE_CURVE('',#597,#598,#317,.T.);
#750=EDGE_CURVE('',#598,#596,#318,.T.);
#751=EDGE_CURVE('',#592,#597,#319,.T.);
#752=EDGE_CURVE('',#594,#598,#320,.T.);
#753=EDGE_CURVE('',#599,#600,#19,.T.);
#754=EDGE_CURVE('',#601,#599,#321,.T.);
#755=EDGE_CURVE('',#602,#601,#20,.T.);
#756=EDGE_CURVE('',#603,#602,#322,.T.);
#757=EDGE_CURVE('',#604,#603,#21,.T.);
#758=EDGE_CURVE('',#605,#604,#323,.T.);
#759=EDGE_CURVE('',#606,#605,#22,.T.);
#760=EDGE_CURVE('',#600,#606,#324,.T.);
#761=EDGE_CURVE('',#607,#602,#325,.T.);
#762=EDGE_CURVE('',#607,#608,#326,.T.);
#763=EDGE_CURVE('',#608,#603,#327,.T.);
#764=EDGE_CURVE('',#609,#601,#328,.T.);
#765=EDGE_CURVE('',#609,#610,#23,.T.);
#766=EDGE_CURVE('',#610,#611,#24,.T.);
#767=EDGE_CURVE('',#611,#607,#25,.T.);
#768=EDGE_CURVE('',#612,#599,#329,.T.);
#769=EDGE_CURVE('',#612,#609,#330,.T.);
#770=EDGE_CURVE('',#613,#600,#331,.T.);
#771=EDGE_CURVE('',#613,#614,#26,.T.);
#772=EDGE_CURVE('',#614,#615,#27,.T.);
#773=EDGE_CURVE('',#615,#612,#28,.T.);
#774=EDGE_CURVE('',#616,#615,#332,.T.);
#775=EDGE_CURVE('',#617,#616,#333,.T.);
#776=EDGE_CURVE('',#610,#617,#334,.T.);
#777=EDGE_CURVE('',#618,#617,#335,.T.);
#778=EDGE_CURVE('',#611,#618,#336,.T.);
#779=EDGE_CURVE('',#618,#619,#337,.T.);
#780=EDGE_CURVE('',#619,#616,#338,.T.);
#781=EDGE_CURVE('',#619,#614,#339,.T.);
#782=EDGE_CURVE('',#541,#620,#340,.T.);
#783=EDGE_CURVE('',#547,#620,#341,.T.);
#784=EDGE_CURVE('',#620,#621,#342,.T.);
#785=EDGE_CURVE('',#548,#621,#343,.T.);
#786=EDGE_CURVE('',#621,#540,#344,.T.);
#787=EDGE_CURVE('',#553,#622,#345,.T.);
#788=EDGE_CURVE('',#622,#623,#346,.T.);
#789=EDGE_CURVE('',#554,#623,#347,.T.);
#790=EDGE_CURVE('',#623,#624,#348,.T.);
#791=EDGE_CURVE('',#555,#624,#349,.T.);
#792=EDGE_CURVE('',#624,#625,#350,.T.);
#793=EDGE_CURVE('',#556,#625,#351,.T.);
#794=EDGE_CURVE('',#625,#622,#352,.T.);
#795=EDGE_CURVE('',#626,#613,#353,.T.);
#796=EDGE_CURVE('',#627,#626,#29,.T.);
#797=EDGE_CURVE('',#628,#627,#354,.T.);
#798=EDGE_CURVE('',#608,#628,#30,.T.);
#799=EDGE_CURVE('',#628,#604,#355,.T.);
#800=EDGE_CURVE('',#627,#605,#356,.T.);
#801=EDGE_CURVE('',#626,#606,#357,.T.);
#802=EDGE_CURVE('',#584,#543,#358,.T.);
#803=EDGE_CURVE('',#582,#629,#359,.T.);
#804=EDGE_CURVE('',#630,#629,#360,.T.);
#805=EDGE_CURVE('',#583,#630,#361,.T.);
#806=EDGE_CURVE('',#631,#630,#362,.T.);
#807=EDGE_CURVE('',#632,#631,#363,.T.);
#808=EDGE_CURVE('',#632,#536,#364,.T.);
#809=EDGE_CURVE('',#633,#632,#365,.T.);
#810=EDGE_CURVE('',#634,#631,#366,.T.);
#811=EDGE_CURVE('',#633,#634,#367,.T.);
#812=EDGE_CURVE('',#629,#634,#368,.T.);
#813=EDGE_CURVE('',#635,#636,#369,.T.);
#814=EDGE_CURVE('',#635,#522,#370,.T.);
#815=EDGE_CURVE('',#636,#521,#371,.T.);
#816=EDGE_CURVE('',#637,#635,#235,.T.);
#817=EDGE_CURVE('',#637,#523,#372,.T.);
#818=EDGE_CURVE('',#579,#637,#373,.T.);
#819=EDGE_CURVE('',#636,#638,#236,.T.);
#820=EDGE_CURVE('',#638,#520,#374,.T.);
#821=EDGE_CURVE('',#638,#580,#375,.T.);
#822=EDGE_CURVE('',#572,#633,#376,.T.);
#823=ORIENTED_EDGE('',*,*,#639,.F.);
#824=ORIENTED_EDGE('',*,*,#640,.T.);
#825=ORIENTED_EDGE('',*,*,#641,.T.);
#826=ORIENTED_EDGE('',*,*,#642,.T.);
#827=ORIENTED_EDGE('',*,*,#643,.T.);
#828=ORIENTED_EDGE('',*,*,#644,.T.);
#829=ORIENTED_EDGE('',*,*,#645,.T.);
#830=ORIENTED_EDGE('',*,*,#646,.T.);
#831=ORIENTED_EDGE('',*,*,#640,.F.);
#832=ORIENTED_EDGE('',*,*,#647,.F.);
#833=ORIENTED_EDGE('',*,*,#648,.F.);
#834=ORIENTED_EDGE('',*,*,#649,.T.);
#835=ORIENTED_EDGE('',*,*,#650,.F.);
#836=ORIENTED_EDGE('',*,*,#651,.F.);
#837=ORIENTED_EDGE('',*,*,#652,.T.);
#838=ORIENTED_EDGE('',*,*,#653,.F.);
#839=ORIENTED_EDGE('',*,*,#654,.F.);
#840=ORIENTED_EDGE('',*,*,#655,.F.);
#841=ORIENTED_EDGE('',*,*,#656,.F.);
#842=ORIENTED_EDGE('',*,*,#652,.F.);
#843=ORIENTED_EDGE('',*,*,#657,.F.);
#844=ORIENTED_EDGE('',*,*,#658,.T.);
#845=ORIENTED_EDGE('',*,*,#659,.F.);
#846=ORIENTED_EDGE('',*,*,#660,.F.);
#847=ORIENTED_EDGE('',*,*,#661,.F.);
#848=ORIENTED_EDGE('',*,*,#662,.F.);
#849=ORIENTED_EDGE('',*,*,#658,.F.);
#850=ORIENTED_EDGE('',*,*,#663,.F.);
#851=ORIENTED_EDGE('',*,*,#653,.T.);
#852=ORIENTED_EDGE('',*,*,#656,.T.);
#853=ORIENTED_EDGE('',*,*,#662,.T.);
#854=ORIENTED_EDGE('',*,*,#664,.F.);
#855=ORIENTED_EDGE('',*,*,#665,.T.);
#856=ORIENTED_EDGE('',*,*,#666,.T.);
#857=ORIENTED_EDGE('',*,*,#667,.F.);
#858=ORIENTED_EDGE('',*,*,#668,.F.);
#859=ORIENTED_EDGE('',*,*,#660,.T.);
#860=ORIENTED_EDGE('',*,*,#669,.F.);
#861=ORIENTED_EDGE('',*,*,#670,.T.);
#862=ORIENTED_EDGE('',*,*,#671,.T.);
#863=ORIENTED_EDGE('',*,*,#655,.T.);
#864=ORIENTED_EDGE('',*,*,#672,.T.);
#865=ORIENTED_EDGE('',*,*,#673,.F.);
#866=ORIENTED_EDGE('',*,*,#674,.F.);
#867=ORIENTED_EDGE('',*,*,#654,.T.);
#868=ORIENTED_EDGE('',*,*,#668,.T.);
#869=ORIENTED_EDGE('',*,*,#675,.T.);
#870=ORIENTED_EDGE('',*,*,#676,.T.);
#871=ORIENTED_EDGE('',*,*,#677,.T.);
#872=ORIENTED_EDGE('',*,*,#664,.T.);
#873=ORIENTED_EDGE('',*,*,#661,.T.);
#874=ORIENTED_EDGE('',*,*,#671,.F.);
#875=ORIENTED_EDGE('',*,*,#678,.F.);
#876=ORIENTED_EDGE('',*,*,#679,.F.);
#877=ORIENTED_EDGE('',*,*,#680,.T.);
#878=ORIENTED_EDGE('',*,*,#681,.T.);
#879=ORIENTED_EDGE('',*,*,#647,.T.);
#880=ORIENTED_EDGE('',*,*,#639,.T.);
#881=ORIENTED_EDGE('',*,*,#682,.T.);
#882=ORIENTED_EDGE('',*,*,#683,.T.);
#883=ORIENTED_EDGE('',*,*,#684,.T.);
#884=ORIENTED_EDGE('',*,*,#685,.T.);
#885=ORIENTED_EDGE('',*,*,#686,.T.);
#886=ORIENTED_EDGE('',*,*,#687,.T.);
#887=ORIENTED_EDGE('',*,*,#688,.T.);
#888=ORIENTED_EDGE('',*,*,#689,.F.);
#889=ORIENTED_EDGE('',*,*,#690,.F.);
#890=ORIENTED_EDGE('',*,*,#672,.F.);
#891=ORIENTED_EDGE('',*,*,#691,.T.);
#892=ORIENTED_EDGE('',*,*,#692,.T.);
#893=ORIENTED_EDGE('',*,*,#693,.T.);
#894=ORIENTED_EDGE('',*,*,#694,.T.);
#895=ORIENTED_EDGE('',*,*,#695,.T.);
#896=ORIENTED_EDGE('',*,*,#696,.T.);
#897=ORIENTED_EDGE('',*,*,#697,.F.);
#898=ORIENTED_EDGE('',*,*,#698,.T.);
#899=ORIENTED_EDGE('',*,*,#699,.F.);
#900=ORIENTED_EDGE('',*,*,#700,.F.);
#901=ORIENTED_EDGE('',*,*,#701,.F.);
#902=ORIENTED_EDGE('',*,*,#688,.F.);
#903=ORIENTED_EDGE('',*,*,#702,.F.);
#904=ORIENTED_EDGE('',*,*,#680,.F.);
#905=ORIENTED_EDGE('',*,*,#703,.F.);
#906=ORIENTED_EDGE('',*,*,#704,.F.);
#907=ORIENTED_EDGE('',*,*,#705,.F.);
#908=ORIENTED_EDGE('',*,*,#706,.T.);
#909=ORIENTED_EDGE('',*,*,#707,.F.);
#910=ORIENTED_EDGE('',*,*,#706,.F.);
#911=ORIENTED_EDGE('',*,*,#708,.F.);
#912=ORIENTED_EDGE('',*,*,#698,.F.);
#913=ORIENTED_EDGE('',*,*,#709,.F.);
#914=ORIENTED_EDGE('',*,*,#710,.T.);
#915=ORIENTED_EDGE('',*,*,#711,.F.);
#916=ORIENTED_EDGE('',*,*,#712,.T.);
#917=ORIENTED_EDGE('',*,*,#646,.F.);
#918=ORIENTED_EDGE('',*,*,#713,.F.);
#919=ORIENTED_EDGE('',*,*,#714,.F.);
#920=ORIENTED_EDGE('',*,*,#682,.F.);
#921=ORIENTED_EDGE('',*,*,#715,.F.);
#922=ORIENTED_EDGE('',*,*,#712,.F.);
#923=ORIENTED_EDGE('',*,*,#716,.F.);
#924=ORIENTED_EDGE('',*,*,#713,.T.);
#925=ORIENTED_EDGE('',*,*,#717,.F.);
#926=ORIENTED_EDGE('',*,*,#718,.F.);
#927=ORIENTED_EDGE('',*,*,#719,.T.);
#928=ORIENTED_EDGE('',*,*,#649,.F.);
#929=ORIENTED_EDGE('',*,*,#720,.F.);
#930=ORIENTED_EDGE('',*,*,#710,.F.);
#931=ORIENTED_EDGE('',*,*,#650,.T.);
#932=ORIENTED_EDGE('',*,*,#674,.T.);
#933=ORIENTED_EDGE('',*,*,#721,.T.);
#934=ORIENTED_EDGE('',*,*,#722,.T.);
#935=ORIENTED_EDGE('',*,*,#700,.T.);
#936=ORIENTED_EDGE('',*,*,#723,.F.);
#937=ORIENTED_EDGE('',*,*,#724,.F.);
#938=ORIENTED_EDGE('',*,*,#725,.F.);
#939=ORIENTED_EDGE('',*,*,#679,.T.);
#940=ORIENTED_EDGE('',*,*,#726,.F.);
#941=ORIENTED_EDGE('',*,*,#727,.F.);
#942=ORIENTED_EDGE('',*,*,#703,.T.);
#943=ORIENTED_EDGE('',*,*,#701,.T.);
#944=ORIENTED_EDGE('',*,*,#722,.F.);
#945=ORIENTED_EDGE('',*,*,#728,.T.);
#946=ORIENTED_EDGE('',*,*,#689,.T.);
#947=ORIENTED_EDGE('',*,*,#691,.F.);
#948=ORIENTED_EDGE('',*,*,#729,.T.);
#949=ORIENTED_EDGE('',*,*,#730,.T.);
#950=ORIENTED_EDGE('',*,*,#729,.F.);
#951=ORIENTED_EDGE('',*,*,#730,.F.);
#952=ORIENTED_EDGE('',*,*,#692,.F.);
#953=ORIENTED_EDGE('',*,*,#731,.T.);
#954=ORIENTED_EDGE('',*,*,#732,.T.);
#955=ORIENTED_EDGE('',*,*,#731,.F.);
#956=ORIENTED_EDGE('',*,*,#732,.F.);
#957=ORIENTED_EDGE('',*,*,#693,.F.);
#958=ORIENTED_EDGE('',*,*,#733,.T.);
#959=ORIENTED_EDGE('',*,*,#734,.T.);
#960=ORIENTED_EDGE('',*,*,#733,.F.);
#961=ORIENTED_EDGE('',*,*,#734,.F.);
#962=ORIENTED_EDGE('',*,*,#694,.F.);
#963=ORIENTED_EDGE('',*,*,#735,.T.);
#964=ORIENTED_EDGE('',*,*,#736,.T.);
#965=ORIENTED_EDGE('',*,*,#735,.F.);
#966=ORIENTED_EDGE('',*,*,#736,.F.);
#967=ORIENTED_EDGE('',*,*,#695,.F.);
#968=ORIENTED_EDGE('',*,*,#737,.T.);
#969=ORIENTED_EDGE('',*,*,#738,.T.);
#970=ORIENTED_EDGE('',*,*,#737,.F.);
#971=ORIENTED_EDGE('',*,*,#738,.F.);
#972=ORIENTED_EDGE('',*,*,#696,.F.);
#973=ORIENTED_EDGE('',*,*,#739,.T.);
#974=ORIENTED_EDGE('',*,*,#740,.T.);
#975=ORIENTED_EDGE('',*,*,#739,.F.);
#976=ORIENTED_EDGE('',*,*,#740,.F.);
#977=ORIENTED_EDGE('',*,*,#741,.F.);
#978=ORIENTED_EDGE('',*,*,#742,.T.);
#979=ORIENTED_EDGE('',*,*,#743,.T.);
#980=ORIENTED_EDGE('',*,*,#744,.F.);
#981=ORIENTED_EDGE('',*,*,#745,.F.);
#982=ORIENTED_EDGE('',*,*,#746,.T.);
#983=ORIENTED_EDGE('',*,*,#747,.T.);
#984=ORIENTED_EDGE('',*,*,#742,.F.);
#985=ORIENTED_EDGE('',*,*,#748,.F.);
#986=ORIENTED_EDGE('',*,*,#749,.T.);
#987=ORIENTED_EDGE('',*,*,#750,.T.);
#988=ORIENTED_EDGE('',*,*,#746,.F.);
#989=ORIENTED_EDGE('',*,*,#751,.F.);
#990=ORIENTED_EDGE('',*,*,#744,.T.);
#991=ORIENTED_EDGE('',*,*,#752,.T.);
#992=ORIENTED_EDGE('',*,*,#749,.F.);
#993=ORIENTED_EDGE('',*,*,#752,.F.);
#994=ORIENTED_EDGE('',*,*,#743,.F.);
#995=ORIENTED_EDGE('',*,*,#747,.F.);
#996=ORIENTED_EDGE('',*,*,#750,.F.);
#997=ORIENTED_EDGE('',*,*,#753,.F.);
#998=ORIENTED_EDGE('',*,*,#754,.F.);
#999=ORIENTED_EDGE('',*,*,#755,.F.);
#1000=ORIENTED_EDGE('',*,*,#756,.F.);
#1001=ORIENTED_EDGE('',*,*,#757,.F.);
#1002=ORIENTED_EDGE('',*,*,#758,.F.);
#1003=ORIENTED_EDGE('',*,*,#759,.F.);
#1004=ORIENTED_EDGE('',*,*,#760,.F.);
#1005=ORIENTED_EDGE('',*,*,#756,.T.);
#1006=ORIENTED_EDGE('',*,*,#761,.F.);
#1007=ORIENTED_EDGE('',*,*,#762,.T.);
#1008=ORIENTED_EDGE('',*,*,#763,.T.);
#1009=ORIENTED_EDGE('',*,*,#755,.T.);
#1010=ORIENTED_EDGE('',*,*,#764,.F.);
#1011=ORIENTED_EDGE('',*,*,#765,.T.);
#1012=ORIENTED_EDGE('',*,*,#766,.T.);
#1013=ORIENTED_EDGE('',*,*,#767,.T.);
#1014=ORIENTED_EDGE('',*,*,#761,.T.);
#1015=ORIENTED_EDGE('',*,*,#754,.T.);
#1016=ORIENTED_EDGE('',*,*,#768,.F.);
#1017=ORIENTED_EDGE('',*,*,#769,.T.);
#1018=ORIENTED_EDGE('',*,*,#764,.T.);
#1019=ORIENTED_EDGE('',*,*,#753,.T.);
#1020=ORIENTED_EDGE('',*,*,#770,.F.);
#1021=ORIENTED_EDGE('',*,*,#771,.T.);
#1022=ORIENTED_EDGE('',*,*,#772,.T.);
#1023=ORIENTED_EDGE('',*,*,#773,.T.);
#1024=ORIENTED_EDGE('',*,*,#768,.T.);
#1025=ORIENTED_EDGE('',*,*,#773,.F.);
#1026=ORIENTED_EDGE('',*,*,#774,.F.);
#1027=ORIENTED_EDGE('',*,*,#775,.F.);
#1028=ORIENTED_EDGE('',*,*,#776,.F.);
#1029=ORIENTED_EDGE('',*,*,#765,.F.);
#1030=ORIENTED_EDGE('',*,*,#769,.F.);
#1031=ORIENTED_EDGE('',*,*,#766,.F.);
#1032=ORIENTED_EDGE('',*,*,#776,.T.);
#1033=ORIENTED_EDGE('',*,*,#777,.F.);
#1034=ORIENTED_EDGE('',*,*,#778,.F.);
#1035=ORIENTED_EDGE('',*,*,#779,.F.);
#1036=ORIENTED_EDGE('',*,*,#777,.T.);
#1037=ORIENTED_EDGE('',*,*,#775,.T.);
#1038=ORIENTED_EDGE('',*,*,#780,.F.);
#1039=ORIENTED_EDGE('',*,*,#772,.F.);
#1040=ORIENTED_EDGE('',*,*,#781,.F.);
#1041=ORIENTED_EDGE('',*,*,#780,.T.);
#1042=ORIENTED_EDGE('',*,*,#774,.T.);
#1043=ORIENTED_EDGE('',*,*,#675,.F.);
#1044=ORIENTED_EDGE('',*,*,#667,.T.);
#1045=ORIENTED_EDGE('',*,*,#782,.T.);
#1046=ORIENTED_EDGE('',*,*,#783,.F.);
#1047=ORIENTED_EDGE('',*,*,#676,.F.);
#1048=ORIENTED_EDGE('',*,*,#783,.T.);
#1049=ORIENTED_EDGE('',*,*,#784,.T.);
#1050=ORIENTED_EDGE('',*,*,#785,.F.);
#1051=ORIENTED_EDGE('',*,*,#677,.F.);
#1052=ORIENTED_EDGE('',*,*,#785,.T.);
#1053=ORIENTED_EDGE('',*,*,#786,.T.);
#1054=ORIENTED_EDGE('',*,*,#665,.F.);
#1055=ORIENTED_EDGE('',*,*,#666,.F.);
#1056=ORIENTED_EDGE('',*,*,#786,.F.);
#1057=ORIENTED_EDGE('',*,*,#784,.F.);
#1058=ORIENTED_EDGE('',*,*,#782,.F.);
#1059=ORIENTED_EDGE('',*,*,#684,.F.);
#1060=ORIENTED_EDGE('',*,*,#787,.T.);
#1061=ORIENTED_EDGE('',*,*,#788,.T.);
#1062=ORIENTED_EDGE('',*,*,#789,.F.);
#1063=ORIENTED_EDGE('',*,*,#685,.F.);
#1064=ORIENTED_EDGE('',*,*,#789,.T.);
#1065=ORIENTED_EDGE('',*,*,#790,.T.);
#1066=ORIENTED_EDGE('',*,*,#791,.F.);
#1067=ORIENTED_EDGE('',*,*,#686,.F.);
#1068=ORIENTED_EDGE('',*,*,#791,.T.);
#1069=ORIENTED_EDGE('',*,*,#792,.T.);
#1070=ORIENTED_EDGE('',*,*,#793,.F.);
#1071=ORIENTED_EDGE('',*,*,#697,.T.);
#1072=ORIENTED_EDGE('',*,*,#687,.F.);
#1073=ORIENTED_EDGE('',*,*,#793,.T.);
#1074=ORIENTED_EDGE('',*,*,#794,.T.);
#1075=ORIENTED_EDGE('',*,*,#787,.F.);
#1076=ORIENTED_EDGE('',*,*,#683,.F.);
#1077=ORIENTED_EDGE('',*,*,#714,.T.);
#1078=ORIENTED_EDGE('',*,*,#716,.T.);
#1079=ORIENTED_EDGE('',*,*,#711,.T.);
#1080=ORIENTED_EDGE('',*,*,#720,.T.);
#1081=ORIENTED_EDGE('',*,*,#648,.T.);
#1082=ORIENTED_EDGE('',*,*,#681,.F.);
#1083=ORIENTED_EDGE('',*,*,#702,.T.);
#1084=ORIENTED_EDGE('',*,*,#707,.T.);
#1085=ORIENTED_EDGE('',*,*,#794,.F.);
#1086=ORIENTED_EDGE('',*,*,#792,.F.);
#1087=ORIENTED_EDGE('',*,*,#790,.F.);
#1088=ORIENTED_EDGE('',*,*,#788,.F.);
#1089=ORIENTED_EDGE('',*,*,#781,.T.);
#1090=ORIENTED_EDGE('',*,*,#771,.F.);
#1091=ORIENTED_EDGE('',*,*,#795,.F.);
#1092=ORIENTED_EDGE('',*,*,#796,.F.);
#1093=ORIENTED_EDGE('',*,*,#797,.F.);
#1094=ORIENTED_EDGE('',*,*,#798,.F.);
#1095=ORIENTED_EDGE('',*,*,#762,.F.);
#1096=ORIENTED_EDGE('',*,*,#767,.F.);
#1097=ORIENTED_EDGE('',*,*,#778,.T.);
#1098=ORIENTED_EDGE('',*,*,#779,.T.);
#1099=ORIENTED_EDGE('',*,*,#758,.T.);
#1100=ORIENTED_EDGE('',*,*,#799,.F.);
#1101=ORIENTED_EDGE('',*,*,#797,.T.);
#1102=ORIENTED_EDGE('',*,*,#800,.T.);
#1103=ORIENTED_EDGE('',*,*,#759,.T.);
#1104=ORIENTED_EDGE('',*,*,#800,.F.);
#1105=ORIENTED_EDGE('',*,*,#796,.T.);
#1106=ORIENTED_EDGE('',*,*,#801,.T.);
#1107=ORIENTED_EDGE('',*,*,#760,.T.);
#1108=ORIENTED_EDGE('',*,*,#801,.F.);
#1109=ORIENTED_EDGE('',*,*,#795,.T.);
#1110=ORIENTED_EDGE('',*,*,#770,.T.);
#1111=ORIENTED_EDGE('',*,*,#802,.F.);
#1112=ORIENTED_EDGE('',*,*,#726,.T.);
#1113=ORIENTED_EDGE('',*,*,#678,.T.);
#1114=ORIENTED_EDGE('',*,*,#670,.F.);
#1115=ORIENTED_EDGE('',*,*,#721,.F.);
#1116=ORIENTED_EDGE('',*,*,#673,.T.);
#1117=ORIENTED_EDGE('',*,*,#690,.T.);
#1118=ORIENTED_EDGE('',*,*,#728,.F.);
#1119=ORIENTED_EDGE('',*,*,#757,.T.);
#1120=ORIENTED_EDGE('',*,*,#763,.F.);
#1121=ORIENTED_EDGE('',*,*,#798,.T.);
#1122=ORIENTED_EDGE('',*,*,#799,.T.);
#1123=ORIENTED_EDGE('',*,*,#724,.T.);
#1124=ORIENTED_EDGE('',*,*,#803,.T.);
#1125=ORIENTED_EDGE('',*,*,#804,.F.);
#1126=ORIENTED_EDGE('',*,*,#805,.F.);
#1127=ORIENTED_EDGE('',*,*,#651,.T.);
#1128=ORIENTED_EDGE('',*,*,#725,.T.);
#1129=ORIENTED_EDGE('',*,*,#805,.T.);
#1130=ORIENTED_EDGE('',*,*,#806,.F.);
#1131=ORIENTED_EDGE('',*,*,#807,.F.);
#1132=ORIENTED_EDGE('',*,*,#808,.T.);
#1133=ORIENTED_EDGE('',*,*,#663,.T.);
#1134=ORIENTED_EDGE('',*,*,#657,.T.);
#1135=ORIENTED_EDGE('',*,*,#809,.T.);
#1136=ORIENTED_EDGE('',*,*,#807,.T.);
#1137=ORIENTED_EDGE('',*,*,#810,.F.);
#1138=ORIENTED_EDGE('',*,*,#811,.F.);
#1139=ORIENTED_EDGE('',*,*,#812,.T.);
#1140=ORIENTED_EDGE('',*,*,#810,.T.);
#1141=ORIENTED_EDGE('',*,*,#806,.T.);
#1142=ORIENTED_EDGE('',*,*,#804,.T.);
#1143=ORIENTED_EDGE('',*,*,#741,.T.);
#1144=ORIENTED_EDGE('',*,*,#751,.T.);
#1145=ORIENTED_EDGE('',*,*,#748,.T.);
#1146=ORIENTED_EDGE('',*,*,#745,.T.);
#1147=ORIENTED_EDGE('',*,*,#813,.F.);
#1148=ORIENTED_EDGE('',*,*,#814,.T.);
#1149=ORIENTED_EDGE('',*,*,#643,.F.);
#1150=ORIENTED_EDGE('',*,*,#815,.F.);
#1151=ORIENTED_EDGE('',*,*,#816,.F.);
#1152=ORIENTED_EDGE('',*,*,#817,.T.);
#1153=ORIENTED_EDGE('',*,*,#644,.F.);
#1154=ORIENTED_EDGE('',*,*,#814,.F.);
#1155=ORIENTED_EDGE('',*,*,#818,.F.);
#1156=ORIENTED_EDGE('',*,*,#717,.T.);
#1157=ORIENTED_EDGE('',*,*,#645,.F.);
#1158=ORIENTED_EDGE('',*,*,#817,.F.);
#1159=ORIENTED_EDGE('',*,*,#819,.F.);
#1160=ORIENTED_EDGE('',*,*,#815,.T.);
#1161=ORIENTED_EDGE('',*,*,#642,.F.);
#1162=ORIENTED_EDGE('',*,*,#820,.F.);
#1163=ORIENTED_EDGE('',*,*,#821,.F.);
#1164=ORIENTED_EDGE('',*,*,#820,.T.);
#1165=ORIENTED_EDGE('',*,*,#641,.F.);
#1166=ORIENTED_EDGE('',*,*,#719,.F.);
#1167=ORIENTED_EDGE('',*,*,#727,.T.);
#1168=ORIENTED_EDGE('',*,*,#802,.T.);
#1169=ORIENTED_EDGE('',*,*,#669,.T.);
#1170=ORIENTED_EDGE('',*,*,#659,.T.);
#1171=ORIENTED_EDGE('',*,*,#808,.F.);
#1172=ORIENTED_EDGE('',*,*,#809,.F.);
#1173=ORIENTED_EDGE('',*,*,#822,.F.);
#1174=ORIENTED_EDGE('',*,*,#704,.T.);
#1175=ORIENTED_EDGE('',*,*,#822,.T.);
#1176=ORIENTED_EDGE('',*,*,#811,.T.);
#1177=ORIENTED_EDGE('',*,*,#812,.F.);
#1178=ORIENTED_EDGE('',*,*,#803,.F.);
#1179=ORIENTED_EDGE('',*,*,#723,.T.);
#1180=ORIENTED_EDGE('',*,*,#699,.T.);
#1181=ORIENTED_EDGE('',*,*,#708,.T.);
#1182=ORIENTED_EDGE('',*,*,#705,.T.);
#1183=ORIENTED_EDGE('',*,*,#818,.T.);
#1184=ORIENTED_EDGE('',*,*,#816,.T.);
#1185=ORIENTED_EDGE('',*,*,#813,.T.);
#1186=ORIENTED_EDGE('',*,*,#819,.T.);
#1187=ORIENTED_EDGE('',*,*,#821,.T.);
#1188=ORIENTED_EDGE('',*,*,#718,.T.);
#1189=ORIENTED_EDGE('',*,*,#709,.T.);
#1190=ORIENTED_EDGE('',*,*,#715,.T.);
#1191=PLANE('',#1315);
#1192=PLANE('',#1318);
#1193=PLANE('',#1323);
#1194=PLANE('',#1328);
#1195=PLANE('',#1329);
#1196=PLANE('',#1330);
#1197=PLANE('',#1331);
#1198=PLANE('',#1346);
#1199=PLANE('',#1347);
#1200=PLANE('',#1348);
#1201=PLANE('',#1355);
#1202=PLANE('',#1356);
#1203=PLANE('',#1357);
#1204=PLANE('',#1360);
#1205=PLANE('',#1363);
#1206=PLANE('',#1366);
#1207=PLANE('',#1369);
#1208=PLANE('',#1372);
#1209=PLANE('',#1375);
#1210=PLANE('',#1376);
#1211=PLANE('',#1377);
#1212=PLANE('',#1378);
#1213=PLANE('',#1379);
#1214=PLANE('',#1380);
#1215=PLANE('',#1381);
#1216=PLANE('',#1382);
#1217=PLANE('',#1383);
#1218=PLANE('',#1384);
#1219=PLANE('',#1385);
#1220=PLANE('',#1386);
#1221=PLANE('',#1387);
#1222=PLANE('',#1388);
#1223=PLANE('',#1389);
#1224=PLANE('',#1390);
#1225=PLANE('',#1391);
#1226=PLANE('',#1392);
#1227=PLANE('',#1393);
#1228=PLANE('',#1394);
#1229=PLANE('',#1395);
#1230=PLANE('',#1396);
#1231=PLANE('',#1397);
#1232=PLANE('',#1398);
#1233=PLANE('',#1399);
#1234=PLANE('',#1400);
#1235=PLANE('',#1401);
#1236=PLANE('',#1402);
#1237=PLANE('',#1403);
#1238=PLANE('',#1404);
#1239=PLANE('',#1407);
#1240=PLANE('',#1410);
#1241=PLANE('',#1411);
#1242=PLANE('',#1412);
#1243=ADVANCED_FACE('',(#55),#1191,.F.);
#1244=ADVANCED_FACE('',(#56),#1192,.F.);
#1245=ADVANCED_FACE('',(#57),#41,.F.);
#1246=ADVANCED_FACE('',(#58),#1193,.F.);
#1247=ADVANCED_FACE('',(#59),#42,.F.);
#1248=ADVANCED_FACE('',(#60),#1194,.F.);
#1249=ADVANCED_FACE('',(#61),#1195,.F.);
#1250=ADVANCED_FACE('',(#62),#1196,.F.);
#1251=ADVANCED_FACE('',(#63,#31,#32,#33,#34,#35,#36),#1197,.F.);
#1252=ADVANCED_FACE('',(#64),#43,.F.);
#1253=ADVANCED_FACE('',(#65),#44,.F.);
#1254=ADVANCED_FACE('',(#66),#1198,.F.);
#1255=ADVANCED_FACE('',(#67),#1199,.F.);
#1256=ADVANCED_FACE('',(#68),#1200,.F.);
#1257=ADVANCED_FACE('',(#69),#45,.F.);
#1258=ADVANCED_FACE('',(#70),#46,.F.);
#1259=ADVANCED_FACE('',(#71),#1201,.F.);
#1260=ADVANCED_FACE('',(#72),#1202,.F.);
#1261=ADVANCED_FACE('',(#73),#1203,.F.);
#1262=ADVANCED_FACE('',(#74),#47,.F.);
#1263=ADVANCED_FACE('',(#75),#1204,.F.);
#1264=ADVANCED_FACE('',(#76),#48,.F.);
#1265=ADVANCED_FACE('',(#77),#1205,.F.);
#1266=ADVANCED_FACE('',(#78),#49,.F.);
#1267=ADVANCED_FACE('',(#79),#1206,.F.);
#1268=ADVANCED_FACE('',(#80),#50,.F.);
#1269=ADVANCED_FACE('',(#81),#1207,.F.);
#1270=ADVANCED_FACE('',(#82),#51,.F.);
#1271=ADVANCED_FACE('',(#83),#1208,.F.);
#1272=ADVANCED_FACE('',(#84),#52,.F.);
#1273=ADVANCED_FACE('',(#85),#1209,.F.);
#1274=ADVANCED_FACE('',(#86),#1210,.F.);
#1275=ADVANCED_FACE('',(#87),#1211,.F.);
#1276=ADVANCED_FACE('',(#88),#1212,.F.);
#1277=ADVANCED_FACE('',(#89),#1213,.F.);
#1278=ADVANCED_FACE('',(#90,#37),#1214,.T.);
#1279=ADVANCED_FACE('',(#91),#1215,.T.);
#1280=ADVANCED_FACE('',(#92),#15,.T.);
#1281=ADVANCED_FACE('',(#93),#1216,.T.);
#1282=ADVANCED_FACE('',(#94),#16,.T.);
#1283=ADVANCED_FACE('',(#95),#1217,.F.);
#1284=ADVANCED_FACE('',(#96),#1218,.F.);
#1285=ADVANCED_FACE('',(#97),#1219,.F.);
#1286=ADVANCED_FACE('',(#98),#1220,.F.);
#1287=ADVANCED_FACE('',(#99),#1221,.F.);
#1288=ADVANCED_FACE('',(#100),#1222,.F.);
#1289=ADVANCED_FACE('',(#101),#1223,.F.);
#1290=ADVANCED_FACE('',(#102),#1224,.F.);
#1291=ADVANCED_FACE('',(#103),#1225,.F.);
#1292=ADVANCED_FACE('',(#104),#1226,.F.);
#1293=ADVANCED_FACE('',(#105),#1227,.F.);
#1294=ADVANCED_FACE('',(#106),#1228,.F.);
#1295=ADVANCED_FACE('',(#107,#38),#1229,.F.);
#1296=ADVANCED_FACE('',(#108),#1230,.T.);
#1297=ADVANCED_FACE('',(#109),#17,.T.);
#1298=ADVANCED_FACE('',(#110),#1231,.T.);
#1299=ADVANCED_FACE('',(#111),#1232,.F.);
#1300=ADVANCED_FACE('',(#112),#1233,.F.);
#1301=ADVANCED_FACE('',(#113),#18,.T.);
#1302=ADVANCED_FACE('',(#114),#1234,.T.);
#1303=ADVANCED_FACE('',(#115),#1235,.T.);
#1304=ADVANCED_FACE('',(#116),#1236,.T.);
#1305=ADVANCED_FACE('',(#117,#39),#1237,.T.);
#1306=ADVANCED_FACE('',(#118),#1238,.T.);
#1307=ADVANCED_FACE('',(#119),#53,.F.);
#1308=ADVANCED_FACE('',(#120),#1239,.T.);
#1309=ADVANCED_FACE('',(#121),#54,.F.);
#1310=ADVANCED_FACE('',(#122),#1240,.T.);
#1311=ADVANCED_FACE('',(#123),#1241,.F.);
#1312=ADVANCED_FACE('',(#124,#40),#1242,.T.);
#1313=CLOSED_SHELL('',(#1243,#1244,#1245,#1246,#1247,#1248,#1249,#1250,
#1251,#1252,#1253,#1254,#1255,#1256,#1257,#1258,#1259,#1260,#1261,#1262,
#1263,#1264,#1265,#1266,#1267,#1268,#1269,#1270,#1271,#1272,#1273,#1274,
#1275,#1276,#1277,#1278,#1279,#1280,#1281,#1282,#1283,#1284,#1285,#1286,
#1287,#1288,#1289,#1290,#1291,#1292,#1293,#1294,#1295,#1296,#1297,#1298,
#1299,#1300,#1301,#1302,#1303,#1304,#1305,#1306,#1307,#1308,#1309,#1310,
#1311,#1312));
#1314=AXIS2_PLACEMENT_3D('',#1751,#1413,#1414);
#1315=AXIS2_PLACEMENT_3D('',#1752,#1415,#1416);
#1316=AXIS2_PLACEMENT_3D('',#1761,#1420,#1421);
#1317=AXIS2_PLACEMENT_3D('',#1765,#1423,#1424);
#1318=AXIS2_PLACEMENT_3D('',#1769,#1427,#1428);
#1319=AXIS2_PLACEMENT_3D('',#1775,#1432,#1433);
#1320=AXIS2_PLACEMENT_3D('',#1780,#1435,#1436);
#1321=AXIS2_PLACEMENT_3D('',#1784,#1438,#1439);
#1322=AXIS2_PLACEMENT_3D('',#1787,#1441,#1442);
#1323=AXIS2_PLACEMENT_3D('',#1788,#1443,#1444);
#1324=AXIS2_PLACEMENT_3D('',#1794,#1448,#1449);
#1325=AXIS2_PLACEMENT_3D('',#1799,#1451,#1452);
#1326=AXIS2_PLACEMENT_3D('',#1802,#1454,#1455);
#1327=AXIS2_PLACEMENT_3D('',#1803,#1456,#1457);
#1328=AXIS2_PLACEMENT_3D('',#1804,#1458,#1459);
#1329=AXIS2_PLACEMENT_3D('',#1814,#1465,#1466);
#1330=AXIS2_PLACEMENT_3D('',#1820,#1470,#1471);
#1331=AXIS2_PLACEMENT_3D('',#1826,#1475,#1476);
#1332=AXIS2_PLACEMENT_3D('',#1857,#1493,#1494);
#1333=AXIS2_PLACEMENT_3D('',#1859,#1495,#1496);
#1334=AXIS2_PLACEMENT_3D('',#1861,#1497,#1498);
#1335=AXIS2_PLACEMENT_3D('',#1863,#1499,#1500);
#1336=AXIS2_PLACEMENT_3D('',#1865,#1501,#1502);
#1337=AXIS2_PLACEMENT_3D('',#1867,#1503,#1504);
#1338=AXIS2_PLACEMENT_3D('',#1868,#1505,#1506);
#1339=AXIS2_PLACEMENT_3D('',#1870,#1507,#1508);
#1340=AXIS2_PLACEMENT_3D('',#1874,#1510,#1511);
#1341=AXIS2_PLACEMENT_3D('',#1877,#1513,#1514);
#1342=AXIS2_PLACEMENT_3D('',#1878,#1515,#1516);
#1343=AXIS2_PLACEMENT_3D('',#1880,#1517,#1518);
#1344=AXIS2_PLACEMENT_3D('',#1882,#1519,#1520);
#1345=AXIS2_PLACEMENT_3D('',#1886,#1522,#1523);
#1346=AXIS2_PLACEMENT_3D('',#1888,#1525,#1526);
#1347=AXIS2_PLACEMENT_3D('',#1891,#1529,#1530);
#1348=AXIS2_PLACEMENT_3D('',#1900,#1535,#1536);
#1349=AXIS2_PLACEMENT_3D('',#1904,#1539,#1540);
#1350=AXIS2_PLACEMENT_3D('',#1906,#1541,#1542);
#1351=AXIS2_PLACEMENT_3D('',#1907,#1543,#1544);
#1352=AXIS2_PLACEMENT_3D('',#1909,#1546,#1547);
#1353=AXIS2_PLACEMENT_3D('',#1911,#1548,#1549);
#1354=AXIS2_PLACEMENT_3D('',#1913,#1551,#1552);
#1355=AXIS2_PLACEMENT_3D('',#1914,#1553,#1554);
#1356=AXIS2_PLACEMENT_3D('',#1923,#1560,#1561);
#1357=AXIS2_PLACEMENT_3D('',#1927,#1564,#1565);
#1358=AXIS2_PLACEMENT_3D('',#1929,#1567,#1568);
#1359=AXIS2_PLACEMENT_3D('',#1932,#1570,#1571);
#1360=AXIS2_PLACEMENT_3D('',#1933,#1572,#1573);
#1361=AXIS2_PLACEMENT_3D('',#1934,#1574,#1575);
#1362=AXIS2_PLACEMENT_3D('',#1937,#1577,#1578);
#1363=AXIS2_PLACEMENT_3D('',#1938,#1579,#1580);
#1364=AXIS2_PLACEMENT_3D('',#1939,#1581,#1582);
#1365=AXIS2_PLACEMENT_3D('',#1942,#1584,#1585);
#1366=AXIS2_PLACEMENT_3D('',#1943,#1586,#1587);
#1367=AXIS2_PLACEMENT_3D('',#1944,#1588,#1589);
#1368=AXIS2_PLACEMENT_3D('',#1947,#1591,#1592);
#1369=AXIS2_PLACEMENT_3D('',#1948,#1593,#1594);
#1370=AXIS2_PLACEMENT_3D('',#1949,#1595,#1596);
#1371=AXIS2_PLACEMENT_3D('',#1952,#1598,#1599);
#1372=AXIS2_PLACEMENT_3D('',#1953,#1600,#1601);
#1373=AXIS2_PLACEMENT_3D('',#1954,#1602,#1603);
#1374=AXIS2_PLACEMENT_3D('',#1957,#1605,#1606);
#1375=AXIS2_PLACEMENT_3D('',#1958,#1607,#1608);
#1376=AXIS2_PLACEMENT_3D('',#1959,#1609,#1610);
#1377=AXIS2_PLACEMENT_3D('',#1968,#1615,#1616);
#1378=AXIS2_PLACEMENT_3D('',#1974,#1620,#1621);
#1379=AXIS2_PLACEMENT_3D('',#1980,#1625,#1626);
#1380=AXIS2_PLACEMENT_3D('',#1983,#1629,#1630);
#1381=AXIS2_PLACEMENT_3D('',#2708,#1635,#1636);
#1382=AXIS2_PLACEMENT_3D('',#2941,#1641,#1642);
#1383=AXIS2_PLACEMENT_3D('',#3147,#1646,#1647);
#1384=AXIS2_PLACEMENT_3D('',#3153,#1651,#1652);
#1385=AXIS2_PLACEMENT_3D('',#3157,#1655,#1656);
#1386=AXIS2_PLACEMENT_3D('',#3161,#1659,#1660);
#1387=AXIS2_PLACEMENT_3D('',#3163,#1662,#1663);
#1388=AXIS2_PLACEMENT_3D('',#3167,#1666,#1667);
#1389=AXIS2_PLACEMENT_3D('',#3171,#1670,#1671);
#1390=AXIS2_PLACEMENT_3D('',#3173,#1673,#1674);
#1391=AXIS2_PLACEMENT_3D('',#3174,#1675,#1676);
#1392=AXIS2_PLACEMENT_3D('',#3180,#1680,#1681);
#1393=AXIS2_PLACEMENT_3D('',#3184,#1684,#1685);
#1394=AXIS2_PLACEMENT_3D('',#3188,#1688,#1689);
#1395=AXIS2_PLACEMENT_3D('',#3190,#1691,#1692);
#1396=AXIS2_PLACEMENT_3D('',#3552,#1695,#1696);
#1397=AXIS2_PLACEMENT_3D('',#3596,#1700,#1701);
#1398=AXIS2_PLACEMENT_3D('',#3597,#1702,#1703);
#1399=AXIS2_PLACEMENT_3D('',#3599,#1705,#1706);
#1400=AXIS2_PLACEMENT_3D('',#3640,#1707,#1708);
#1401=AXIS2_PLACEMENT_3D('',#3646,#1712,#1713);
#1402=AXIS2_PLACEMENT_3D('',#3652,#1717,#1718);
#1403=AXIS2_PLACEMENT_3D('',#3658,#1722,#1723);
#1404=AXIS2_PLACEMENT_3D('',#3660,#1725,#1726);
#1405=AXIS2_PLACEMENT_3D('',#3666,#1730,#1731);
#1406=AXIS2_PLACEMENT_3D('',#3668,#1732,#1733);
#1407=AXIS2_PLACEMENT_3D('',#3670,#1735,#1736);
#1408=AXIS2_PLACEMENT_3D('',#3672,#1738,#1739);
#1409=AXIS2_PLACEMENT_3D('',#3674,#1740,#1741);
#1410=AXIS2_PLACEMENT_3D('',#3676,#1743,#1744);
#1411=AXIS2_PLACEMENT_3D('',#3678,#1746,#1747);
#1412=AXIS2_PLACEMENT_3D('',#3680,#1749,#1750);
#1413=DIRECTION('axis',(0.,0.,1.));
#1414=DIRECTION('refdir',(1.,0.,0.));
#1415=DIRECTION('center_axis',(3.33013568423603E-48,1.,0.));
#1416=DIRECTION('ref_axis',(-1.,3.33013568423603E-48,0.));
#1417=DIRECTION('',(1.,-3.33013568423603E-48,-2.71926214689378E-32));
#1418=DIRECTION('',(0.,6.13538597698443E-48,-1.));
#1419=DIRECTION('',(0.117062029916324,9.36117654755041E-24,0.993124605048062));
#1420=DIRECTION('center_axis',(4.58130798096521E-24,1.,-2.46519204274355E-32));
#1421=DIRECTION('ref_axis',(-1.,4.58130798096521E-24,-1.70803542250025E-15));
#1422=DIRECTION('',(1.,-5.04684792983092E-33,-7.78030308595588E-15));
#1423=DIRECTION('center_axis',(4.58139873173191E-24,1.,-1.3664283380002E-14));
#1424=DIRECTION('ref_axis',(-6.83214169000103E-15,1.36642833800021E-14,
1.));
#1425=DIRECTION('',(0.153516080021237,-4.37860337286247E-15,-0.988146149704037));
#1426=DIRECTION('',(0.,0.,1.));
#1427=DIRECTION('center_axis',(-1.,2.22044604925031E-16,0.));
#1428=DIRECTION('ref_axis',(-2.71926214689378E-32,-1.22464679914735E-16,
-1.));
#1429=DIRECTION('',(2.22044604925031E-16,1.,-1.22464679914735E-16));
#1430=DIRECTION('',(2.71926214689378E-32,1.22464679914735E-16,1.));
#1431=DIRECTION('',(2.22044604925031E-16,1.,-1.22464679914735E-16));
#1432=DIRECTION('center_axis',(2.22044604925031E-16,1.,-1.22464679914735E-16));
#1433=DIRECTION('ref_axis',(-2.71926214689378E-32,-1.22464679914735E-16,
-1.));
#1434=DIRECTION('',(2.22044604925031E-16,1.,-1.22464679914735E-16));
#1435=DIRECTION('center_axis',(2.22044604925031E-16,1.,-1.22464679914735E-16));
#1436=DIRECTION('ref_axis',(-2.71926214689378E-32,-1.22464679914735E-16,
-1.));
#1437=DIRECTION('',(2.22044604925031E-16,1.,-1.22464679914735E-16));
#1438=DIRECTION('center_axis',(-2.22044604925031E-16,-1.,1.22464679914735E-16));
#1439=DIRECTION('ref_axis',(-2.71926214689378E-32,-1.22464679914735E-16,
-1.));
#1440=DIRECTION('',(2.22044604925031E-16,1.,-1.22464679914735E-16));
#1441=DIRECTION('center_axis',(-2.22044604925031E-16,-1.,1.22464679914735E-16));
#1442=DIRECTION('ref_axis',(-2.71926214689378E-32,-1.22464679914735E-16,
-1.));
#1443=DIRECTION('center_axis',(-2.71926214689378E-32,-1.22464679914735E-16,
-1.));
#1444=DIRECTION('ref_axis',(-1.,2.22044604925031E-16,0.));
#1445=DIRECTION('',(1.,-2.22044604925031E-16,0.));
#1446=DIRECTION('',(-1.,2.22044604925031E-16,0.));
#1447=DIRECTION('',(2.22044604925031E-16,1.,-1.22464679914735E-16));
#1448=DIRECTION('center_axis',(2.22044604925031E-16,1.,-1.22464679914735E-16));
#1449=DIRECTION('ref_axis',(-2.71926214689378E-32,-1.22464679914735E-16,
-1.));
#1450=DIRECTION('',(-2.22044604925031E-16,-1.,1.22464679914735E-16));
#1451=DIRECTION('center_axis',(-2.22044604925031E-16,-1.,1.22464679914735E-16));
#1452=DIRECTION('ref_axis',(-2.71926214689378E-32,-1.22464679914735E-16,
-1.));
#1453=DIRECTION('',(-2.22044604925031E-16,-1.,1.22464679914735E-16));
#1454=DIRECTION('center_axis',(-2.22044604925031E-16,-1.,1.22464679914735E-16));
#1455=DIRECTION('ref_axis',(-2.71926214689378E-32,-1.22464679914735E-16,
-1.));
#1456=DIRECTION('center_axis',(2.22044604925031E-16,1.,-1.22464679914735E-16));
#1457=DIRECTION('ref_axis',(-2.71926214689378E-32,-1.22464679914735E-16,
-1.));
#1458=DIRECTION('center_axis',(-2.22044604925031E-16,-1.,1.22464679914735E-16));
#1459=DIRECTION('ref_axis',(-1.,2.22044604925031E-16,0.));
#1460=DIRECTION('',(-1.,2.22044604925031E-16,0.));
#1461=DIRECTION('',(-2.71926214689378E-32,-1.22464679914735E-16,-1.));
#1462=DIRECTION('',(-1.,2.22044604925031E-16,0.));
#1463=DIRECTION('',(-2.71926214689378E-32,-1.22464679914735E-16,-1.));
#1464=DIRECTION('',(-1.,2.22044604925031E-16,0.));
#1465=DIRECTION('center_axis',(-2.22044604925031E-16,-1.,1.22464679914735E-16));
#1466=DIRECTION('ref_axis',(-1.,2.22044604925031E-16,0.));
#1467=DIRECTION('',(-1.,2.22044604925031E-16,0.));
#1468=DIRECTION('',(-2.71926214689378E-32,-1.22464679914735E-16,-1.));
#1469=DIRECTION('',(-1.,2.22044604925031E-16,0.));
#1470=DIRECTION('center_axis',(-2.22044604925031E-16,-1.,1.22464679914735E-16));
#1471=DIRECTION('ref_axis',(-1.,2.22044604925031E-16,0.));
#1472=DIRECTION('',(-1.,2.22044604925031E-16,0.));
#1473=DIRECTION('',(-2.71926214689378E-32,-1.22464679914735E-16,-1.));
#1474=DIRECTION('',(-1.,2.22044604925031E-16,0.));
#1475=DIRECTION('center_axis',(-2.71926214689378E-32,-1.22464679914735E-16,
-1.));
#1476=DIRECTION('ref_axis',(2.22044604925031E-16,1.,-1.22464679914735E-16));
#1477=DIRECTION('',(2.22044604925031E-16,1.,-1.22464679914735E-16));
#1478=DIRECTION('',(1.,-2.22044604925031E-16,0.));
#1479=DIRECTION('',(-2.22044604925031E-16,-1.,1.22464679914735E-16));
#1480=DIRECTION('',(-1.90038175386288E-16,-1.,1.22464679914735E-16));
#1481=DIRECTION('',(1.,-2.22044604925031E-16,0.));
#1482=DIRECTION('',(-2.22044604925031E-16,-1.,1.22464679914735E-16));
#1483=DIRECTION('',(1.,-2.22044604925031E-16,0.));
#1484=DIRECTION('',(-2.22044604925031E-16,-1.,1.22464679914735E-16));
#1485=DIRECTION('',(1.,-2.22044604925031E-16,0.));
#1486=DIRECTION('',(-2.22044604925031E-16,-1.,1.22464679914735E-16));
#1487=DIRECTION('',(-1.,2.22044604925031E-16,0.));
#1488=DIRECTION('',(2.22044604925031E-16,1.,-1.22464679914735E-16));
#1489=DIRECTION('',(1.,-2.22044604925031E-16,0.));
#1490=DIRECTION('',(2.22044604925031E-16,1.,-1.22464679914735E-16));
#1491=DIRECTION('',(1.,-2.22044604925031E-16,0.));
#1492=DIRECTION('',(2.22044604925031E-16,1.,-1.22464679914735E-16));
#1493=DIRECTION('center_axis',(-2.71926214689378E-32,-1.22464679914735E-16,
-1.));
#1494=DIRECTION('ref_axis',(2.22044604925031E-16,1.,-1.22464679914735E-16));
#1495=DIRECTION('center_axis',(-2.71926214689378E-32,-1.22464679914735E-16,
-1.));
#1496=DIRECTION('ref_axis',(2.22044604925031E-16,1.,-1.22464679914735E-16));
#1497=DIRECTION('center_axis',(-2.71926214689378E-32,-1.22464679914735E-16,
-1.));
#1498=DIRECTION('ref_axis',(2.22044604925031E-16,1.,-1.22464679914735E-16));
#1499=DIRECTION('center_axis',(-2.71926214689378E-32,-1.22464679914735E-16,
-1.));
#1500=DIRECTION('ref_axis',(2.22044604925031E-16,1.,-1.22464679914735E-16));
#1501=DIRECTION('center_axis',(-2.71926214689378E-32,-1.22464679914735E-16,
-1.));
#1502=DIRECTION('ref_axis',(2.22044604925031E-16,1.,-1.22464679914735E-16));
#1503=DIRECTION('center_axis',(-2.71926214689378E-32,-1.22464679914735E-16,
-1.));
#1504=DIRECTION('ref_axis',(2.22044604925031E-16,1.,-1.22464679914735E-16));
#1505=DIRECTION('center_axis',(-2.22044604925031E-16,-1.,1.22464679914735E-16));
#1506=DIRECTION('ref_axis',(2.71926214689378E-32,1.22464679914735E-16,1.));
#1507=DIRECTION('center_axis',(2.22044604925031E-16,1.,-1.22464679914735E-16));
#1508=DIRECTION('ref_axis',(2.71926214689378E-32,1.22464679914735E-16,1.));
#1509=DIRECTION('',(2.22044604925031E-16,1.,-1.22464679914735E-16));
#1510=DIRECTION('center_axis',(-2.22044604925031E-16,-1.,1.22464679914735E-16));
#1511=DIRECTION('ref_axis',(2.71926214689378E-32,1.22464679914735E-16,1.));
#1512=DIRECTION('',(2.22044604925031E-16,1.,-1.22464679914735E-16));
#1513=DIRECTION('center_axis',(2.22044604925031E-16,1.,-1.22464679914735E-16));
#1514=DIRECTION('ref_axis',(2.71926214689378E-32,1.22464679914735E-16,1.));
#1515=DIRECTION('center_axis',(-2.22044604925031E-16,-1.,1.22464679914735E-16));
#1516=DIRECTION('ref_axis',(2.71926214689378E-32,1.22464679914735E-16,1.));
#1517=DIRECTION('center_axis',(2.22044604925031E-16,1.,-1.22464679914735E-16));
#1518=DIRECTION('ref_axis',(2.71926214689378E-32,1.22464679914735E-16,1.));
#1519=DIRECTION('center_axis',(2.22044604925031E-16,1.,-1.22464679914735E-16));
#1520=DIRECTION('ref_axis',(2.71926214689378E-32,1.22464679914735E-16,1.));
#1521=DIRECTION('',(-2.22044604925031E-16,-1.,1.22464679914735E-16));
#1522=DIRECTION('center_axis',(-2.22044604925031E-16,-1.,1.22464679914735E-16));
#1523=DIRECTION('ref_axis',(2.71926214689378E-32,1.22464679914735E-16,1.));
#1524=DIRECTION('',(-2.22044604925031E-16,-1.,1.22464679914735E-16));
#1525=DIRECTION('center_axis',(-2.71926214689378E-32,-1.22464679914735E-16,
-1.));
#1526=DIRECTION('ref_axis',(1.,-2.22044604925031E-16,0.));
#1527=DIRECTION('',(-1.,2.22044604925031E-16,0.));
#1528=DIRECTION('',(1.,-2.22044604925031E-16,0.));
#1529=DIRECTION('center_axis',(-2.71926214689378E-32,-1.22464679914735E-16,
-1.));
#1530=DIRECTION('ref_axis',(1.,-2.22044604925031E-16,0.));
#1531=DIRECTION('',(1.,-2.22044604925031E-16,0.));
#1532=DIRECTION('',(-2.22044604925031E-16,-1.,1.22464679914735E-16));
#1533=DIRECTION('',(-1.,2.22044604925031E-16,0.));
#1534=DIRECTION('',(2.22044604925031E-16,1.,-1.22464679914735E-16));
#1535=DIRECTION('center_axis',(1.,-2.22044604925031E-16,0.));
#1536=DIRECTION('ref_axis',(2.71926214689378E-32,1.22464679914735E-16,1.));
#1537=DIRECTION('',(2.22044604925031E-16,1.,-1.22464679914735E-16));
#1538=DIRECTION('',(-2.71926214689378E-32,-1.22464679914735E-16,-1.));
#1539=DIRECTION('center_axis',(-2.22044604925031E-16,-1.,1.22464679914735E-16));
#1540=DIRECTION('ref_axis',(1.,-2.22044604925031E-16,0.));
#1541=DIRECTION('center_axis',(-2.22044604925031E-16,-1.,1.22464679914735E-16));
#1542=DIRECTION('ref_axis',(1.,-2.22044604925031E-16,0.));
#1543=DIRECTION('center_axis',(2.22044604925031E-16,1.,-1.22464679914735E-16));
#1544=DIRECTION('ref_axis',(1.,-2.22044604925031E-16,0.));
#1545=DIRECTION('',(0.,-1.,0.));
#1546=DIRECTION('center_axis',(-2.22044604925031E-16,-1.,1.22464679914735E-16));
#1547=DIRECTION('ref_axis',(-2.71926214689378E-32,-1.22464679914735E-16,
-1.));
#1548=DIRECTION('center_axis',(-2.22044604925031E-16,-1.,1.22464679914735E-16));
#1549=DIRECTION('ref_axis',(-2.71926214689378E-32,-1.22464679914735E-16,
-1.));
#1550=DIRECTION('',(0.,-1.,0.));
#1551=DIRECTION('center_axis',(2.22044604925031E-16,1.,-1.22464679914735E-16));
#1552=DIRECTION('ref_axis',(-2.71926214689378E-32,-1.22464679914735E-16,
-1.));
#1553=DIRECTION('center_axis',(-2.71926214689378E-32,-1.22464679914735E-16,
-1.));
#1554=DIRECTION('ref_axis',(2.22044604925031E-16,1.,-1.22464679914735E-16));
#1555=DIRECTION('',(2.22044604925031E-16,1.,-1.22464679914735E-16));
#1556=DIRECTION('',(1.,-2.22044604925031E-16,0.));
#1557=DIRECTION('',(1.,-2.22044604925031E-16,0.));
#1558=DIRECTION('',(2.22044604925031E-16,1.,-1.22464679914735E-16));
#1559=DIRECTION('',(-1.,2.22044604925031E-16,0.));
#1560=DIRECTION('center_axis',(2.22044604925031E-16,1.,-1.22464679914735E-16));
#1561=DIRECTION('ref_axis',(1.,-2.22044604925031E-16,0.));
#1562=DIRECTION('',(-2.71926214689378E-32,-1.22464679914735E-16,-1.));
#1563=DIRECTION('',(1.,-2.22044604925031E-16,0.));
#1564=DIRECTION('center_axis',(2.22044604925031E-16,1.,-1.22464679914735E-16));
#1565=DIRECTION('ref_axis',(1.,-2.22044604925031E-16,0.));
#1566=DIRECTION('',(-2.71926214689378E-32,-1.22464679914735E-16,-1.));
#1567=DIRECTION('center_axis',(-2.71926214689378E-32,-1.22464679914735E-16,
-1.));
#1568=DIRECTION('ref_axis',(2.22044604925031E-16,1.,-1.22464679914735E-16));
#1569=DIRECTION('',(-2.71926214689378E-32,-1.22464679914735E-16,-1.));
#1570=DIRECTION('center_axis',(-2.71926214689378E-32,-1.22464679914735E-16,
-1.));
#1571=DIRECTION('ref_axis',(2.22044604925031E-16,1.,-1.22464679914735E-16));
#1572=DIRECTION('center_axis',(-2.71926214689378E-32,-1.22464679914735E-16,
-1.));
#1573=DIRECTION('ref_axis',(2.22044604925031E-16,1.,-1.22464679914735E-16));
#1574=DIRECTION('center_axis',(-2.71926214689378E-32,-1.22464679914735E-16,
-1.));
#1575=DIRECTION('ref_axis',(2.22044604925031E-16,1.,-1.22464679914735E-16));
#1576=DIRECTION('',(-2.71926214689378E-32,-1.22464679914735E-16,-1.));
#1577=DIRECTION('center_axis',(-2.71926214689378E-32,-1.22464679914735E-16,
-1.));
#1578=DIRECTION('ref_axis',(2.22044604925031E-16,1.,-1.22464679914735E-16));
#1579=DIRECTION('center_axis',(-2.71926214689378E-32,-1.22464679914735E-16,
-1.));
#1580=DIRECTION('ref_axis',(2.22044604925031E-16,1.,-1.22464679914735E-16));
#1581=DIRECTION('center_axis',(-2.71926214689378E-32,-1.22464679914735E-16,
-1.));
#1582=DIRECTION('ref_axis',(2.22044604925031E-16,1.,-1.22464679914735E-16));
#1583=DIRECTION('',(-2.71926214689378E-32,-1.22464679914735E-16,-1.));
#1584=DIRECTION('center_axis',(-2.71926214689378E-32,-1.22464679914735E-16,
-1.));
#1585=DIRECTION('ref_axis',(2.22044604925031E-16,1.,-1.22464679914735E-16));
#1586=DIRECTION('center_axis',(-2.71926214689378E-32,-1.22464679914735E-16,
-1.));
#1587=DIRECTION('ref_axis',(2.22044604925031E-16,1.,-1.22464679914735E-16));
#1588=DIRECTION('center_axis',(-2.71926214689378E-32,-1.22464679914735E-16,
-1.));
#1589=DIRECTION('ref_axis',(2.22044604925031E-16,1.,-1.22464679914735E-16));
#1590=DIRECTION('',(-2.71926214689378E-32,-1.22464679914735E-16,-1.));
#1591=DIRECTION('center_axis',(-2.71926214689378E-32,-1.22464679914735E-16,
-1.));
#1592=DIRECTION('ref_axis',(2.22044604925031E-16,1.,-1.22464679914735E-16));
#1593=DIRECTION('center_axis',(-2.71926214689378E-32,-1.22464679914735E-16,
-1.));
#1594=DIRECTION('ref_axis',(2.22044604925031E-16,1.,-1.22464679914735E-16));
#1595=DIRECTION('center_axis',(-2.71926214689378E-32,-1.22464679914735E-16,
-1.));
#1596=DIRECTION('ref_axis',(2.22044604925031E-16,1.,-1.22464679914735E-16));
#1597=DIRECTION('',(-2.71926214689378E-32,-1.22464679914735E-16,-1.));
#1598=DIRECTION('center_axis',(-2.71926214689378E-32,-1.22464679914735E-16,
-1.));
#1599=DIRECTION('ref_axis',(2.22044604925031E-16,1.,-1.22464679914735E-16));
#1600=DIRECTION('center_axis',(-2.71926214689378E-32,-1.22464679914735E-16,
-1.));
#1601=DIRECTION('ref_axis',(2.22044604925031E-16,1.,-1.22464679914735E-16));
#1602=DIRECTION('center_axis',(-2.71926214689378E-32,-1.22464679914735E-16,
-1.));
#1603=DIRECTION('ref_axis',(2.22044604925031E-16,1.,-1.22464679914735E-16));
#1604=DIRECTION('',(-2.71926214689378E-32,-1.22464679914735E-16,-1.));
#1605=DIRECTION('center_axis',(-2.71926214689378E-32,-1.22464679914735E-16,
-1.));
#1606=DIRECTION('ref_axis',(2.22044604925031E-16,1.,-1.22464679914735E-16));
#1607=DIRECTION('center_axis',(-2.71926214689378E-32,-1.22464679914735E-16,
-1.));
#1608=DIRECTION('ref_axis',(2.22044604925031E-16,1.,-1.22464679914735E-16));
#1609=DIRECTION('center_axis',(1.,-2.22044604925031E-16,0.));
#1610=DIRECTION('ref_axis',(2.22044604925031E-16,1.,-1.22464679914735E-16));
#1611=DIRECTION('',(2.22044604925031E-16,1.,-1.22464679914735E-16));
#1612=DIRECTION('',(2.71926214689378E-32,1.22464679914735E-16,1.));
#1613=DIRECTION('',(2.22044604925031E-16,1.,-1.22464679914735E-16));
#1614=DIRECTION('',(2.71926214689378E-32,1.22464679914735E-16,1.));
#1615=DIRECTION('center_axis',(-2.22044604925031E-16,-1.,1.22464679914735E-16));
#1616=DIRECTION('ref_axis',(1.,-2.22044604925031E-16,0.));
#1617=DIRECTION('',(1.,-2.22044604925031E-16,0.));
#1618=DIRECTION('',(2.71926214689378E-32,1.22464679914735E-16,1.));
#1619=DIRECTION('',(1.,-2.22044604925031E-16,0.));
#1620=DIRECTION('center_axis',(-1.,2.22044604925031E-16,0.));
#1621=DIRECTION('ref_axis',(-2.22044604925031E-16,-1.,1.22464679914735E-16));
#1622=DIRECTION('',(-2.22044604925031E-16,-1.,1.22464679914735E-16));
#1623=DIRECTION('',(2.71926214689378E-32,1.22464679914735E-16,1.));
#1624=DIRECTION('',(-2.22044604925031E-16,-1.,1.22464679914735E-16));
#1625=DIRECTION('center_axis',(2.22044604925031E-16,1.,-1.22464679914735E-16));
#1626=DIRECTION('ref_axis',(-1.,2.22044604925031E-16,0.));
#1627=DIRECTION('',(-1.,2.22044604925031E-16,0.));
#1628=DIRECTION('',(-1.,2.22044604925031E-16,0.));
#1629=DIRECTION('center_axis',(-2.71926214689378E-32,-1.22464679914735E-16,
-1.));
#1630=DIRECTION('ref_axis',(2.22044604925031E-16,1.,-1.22464679914735E-16));
#1631=DIRECTION('',(-1.,2.22044604925031E-16,0.));
#1632=DIRECTION('',(-2.54222082284279E-16,-1.,1.22464679914735E-16));
#1633=DIRECTION('',(1.,-4.42723610589407E-16,2.70253837925898E-32));
#1634=DIRECTION('',(2.22044604925031E-16,1.,-1.22464679914735E-16));
#1635=DIRECTION('center_axis',(-1.,2.54222082284279E-16,-3.94060446526393E-33));
#1636=DIRECTION('ref_axis',(2.54222082284279E-16,1.,-1.22464679914735E-16));
#1637=DIRECTION('',(-2.71926214689378E-32,-1.22464679914735E-16,-1.));
#1638=DIRECTION('',(2.54222082284279E-16,1.,-1.22464679914735E-16));
#1639=DIRECTION('',(-2.71926214689378E-32,-1.22464679914735E-16,-1.));
#1640=DIRECTION('',(-2.71926214689378E-32,-1.22464679914735E-16,-1.));
#1641=DIRECTION('center_axis',(2.22044604925031E-16,1.,-1.22464679914735E-16));
#1642=DIRECTION('ref_axis',(1.,-2.22044604925031E-16,0.));
#1643=DIRECTION('',(-2.71926214689378E-32,-1.22464679914735E-16,-1.));
#1644=DIRECTION('',(1.,-2.22044604925031E-16,0.));
#1645=DIRECTION('',(-2.71926214689378E-32,-1.22464679914735E-16,-1.));
#1646=DIRECTION('center_axis',(-2.71926214689378E-32,-1.22464679914735E-16,
-1.));
#1647=DIRECTION('ref_axis',(2.22044604925031E-16,1.,-1.22464679914735E-16));
#1648=DIRECTION('',(2.22044604925031E-16,1.,-1.22464679914735E-16));
#1649=DIRECTION('',(-1.,2.22044604925031E-16,0.));
#1650=DIRECTION('',(-2.22044604925031E-16,-1.,1.22464679914735E-16));
#1651=DIRECTION('center_axis',(1.,-2.22044604925031E-16,0.));
#1652=DIRECTION('ref_axis',(-2.22044604925031E-16,-1.,1.22464679914735E-16));
#1653=DIRECTION('',(-2.71926214689378E-32,-1.22464679914735E-16,-1.));
#1654=DIRECTION('',(-2.22044604925031E-16,-1.,1.22464679914735E-16));
#1655=DIRECTION('center_axis',(-2.22044604925031E-16,-1.,1.22464679914735E-16));
#1656=DIRECTION('ref_axis',(-1.,2.22044604925031E-16,0.));
#1657=DIRECTION('',(-1.,2.22044604925031E-16,0.));
#1658=DIRECTION('',(-2.71926214689378E-32,-1.22464679914735E-16,-1.));
#1659=DIRECTION('center_axis',(-1.,2.22044604925031E-16,0.));
#1660=DIRECTION('ref_axis',(2.22044604925031E-16,1.,-1.22464679914735E-16));
#1661=DIRECTION('',(2.22044604925031E-16,1.,-1.22464679914735E-16));
#1662=DIRECTION('center_axis',(-1.,2.22044604925031E-16,0.));
#1663=DIRECTION('ref_axis',(2.22044604925031E-16,1.,-1.22464679914735E-16));
#1664=DIRECTION('',(2.22044604925031E-16,1.,-1.22464679914735E-16));
#1665=DIRECTION('',(-2.71926214689378E-32,-1.22464679914735E-16,-1.));
#1666=DIRECTION('center_axis',(2.22044604925031E-16,1.,-1.22464679914735E-16));
#1667=DIRECTION('ref_axis',(1.,-2.22044604925031E-16,0.));
#1668=DIRECTION('',(1.,-2.22044604925031E-16,0.));
#1669=DIRECTION('',(-2.71926214689378E-32,-1.22464679914735E-16,-1.));
#1670=DIRECTION('center_axis',(1.,-2.22044604925031E-16,0.));
#1671=DIRECTION('ref_axis',(-2.22044604925031E-16,-1.,1.22464679914735E-16));
#1672=DIRECTION('',(-2.22044604925031E-16,-1.,1.22464679914735E-16));
#1673=DIRECTION('center_axis',(-2.71926214689378E-32,-1.22464679914735E-16,
-1.));
#1674=DIRECTION('ref_axis',(2.22044604925031E-16,1.,-1.22464679914735E-16));
#1675=DIRECTION('center_axis',(1.,-2.22044604925031E-16,0.));
#1676=DIRECTION('ref_axis',(-2.22044604925031E-16,-1.,1.22464679914735E-16));
#1677=DIRECTION('',(-2.71926214689378E-32,-1.22464679914735E-16,-1.));
#1678=DIRECTION('',(-2.22044604925031E-16,-1.,1.22464679914735E-16));
#1679=DIRECTION('',(-2.71926214689378E-32,-1.22464679914735E-16,-1.));
#1680=DIRECTION('center_axis',(-2.22044604925031E-16,-1.,1.22464679914735E-16));
#1681=DIRECTION('ref_axis',(-1.,2.22044604925031E-16,0.));
#1682=DIRECTION('',(-1.,2.22044604925031E-16,0.));
#1683=DIRECTION('',(-2.71926214689378E-32,-1.22464679914735E-16,-1.));
#1684=DIRECTION('center_axis',(-1.,2.22044604925031E-16,0.));
#1685=DIRECTION('ref_axis',(2.22044604925031E-16,1.,-1.22464679914735E-16));
#1686=DIRECTION('',(2.22044604925031E-16,1.,-1.22464679914735E-16));
#1687=DIRECTION('',(-2.71926214689378E-32,-1.22464679914735E-16,-1.));
#1688=DIRECTION('center_axis',(2.22044604925031E-16,1.,-1.22464679914735E-16));
#1689=DIRECTION('ref_axis',(1.,-2.22044604925031E-16,0.));
#1690=DIRECTION('',(1.,-2.22044604925031E-16,0.));
#1691=DIRECTION('center_axis',(-2.71926214689378E-32,-1.22464679914735E-16,
-1.));
#1692=DIRECTION('ref_axis',(2.22044604925031E-16,1.,-1.22464679914735E-16));
#1693=DIRECTION('',(-2.22044604925031E-16,-1.,1.22464679914735E-16));
#1694=DIRECTION('',(-1.,4.42723610589407E-16,-2.70253837925898E-32));
#1695=DIRECTION('center_axis',(-4.42723610589407E-16,-1.,1.22464679914735E-16));
#1696=DIRECTION('ref_axis',(-1.,4.42723610589407E-16,-2.70253837925898E-32));
#1697=DIRECTION('',(-2.71926214689378E-32,-1.22464679914735E-16,-1.));
#1698=DIRECTION('',(-2.71926214689378E-32,-1.22464679914735E-16,-1.));
#1699=DIRECTION('',(-2.71926214689378E-32,-1.22464679914735E-16,-1.));
#1700=DIRECTION('center_axis',(1.,-2.22044604925031E-16,0.));
#1701=DIRECTION('ref_axis',(-2.22044604925031E-16,-1.,1.22464679914735E-16));
#1702=DIRECTION('center_axis',(1.,-1.90038175386288E-16,-3.91965714867572E-33));
#1703=DIRECTION('ref_axis',(-1.90038175386288E-16,-1.,1.22464679914735E-16));
#1704=DIRECTION('',(-1.90038175386288E-16,-1.,1.22464679914735E-16));
#1705=DIRECTION('center_axis',(-1.,2.22044604925031E-16,0.));
#1706=DIRECTION('ref_axis',(2.22044604925031E-16,1.,-1.22464679914735E-16));
#1707=DIRECTION('center_axis',(-1.,2.22044604925031E-16,0.));
#1708=DIRECTION('ref_axis',(2.22044604925031E-16,1.,-1.22464679914735E-16));
#1709=DIRECTION('',(-2.71926214689378E-32,-1.22464679914735E-16,-1.));
#1710=DIRECTION('',(2.22044604925031E-16,1.,-1.22464679914735E-16));
#1711=DIRECTION('',(-2.71926214689378E-32,-1.22464679914735E-16,-1.));
#1712=DIRECTION('center_axis',(-2.22044604925031E-16,-1.,1.22464679914735E-16));
#1713=DIRECTION('ref_axis',(-1.,2.22044604925031E-16,0.));
#1714=DIRECTION('',(-1.,2.22044604925031E-16,0.));
#1715=DIRECTION('',(-2.71926214689378E-32,-1.22464679914735E-16,-1.));
#1716=DIRECTION('',(-1.,2.22044604925031E-16,0.));
#1717=DIRECTION('center_axis',(1.,-2.22044604925031E-16,0.));
#1718=DIRECTION('ref_axis',(-2.22044604925031E-16,-1.,1.22464679914735E-16));
#1719=DIRECTION('',(-2.22044604925031E-16,-1.,1.22464679914735E-16));
#1720=DIRECTION('',(-2.22044604925031E-16,-1.,1.22464679914735E-16));
#1721=DIRECTION('',(-2.71926214689378E-32,-1.22464679914735E-16,-1.));
#1722=DIRECTION('center_axis',(-2.71926214689378E-32,-1.22464679914735E-16,
-1.));
#1723=DIRECTION('ref_axis',(2.22044604925031E-16,1.,-1.22464679914735E-16));
#1724=DIRECTION('',(1.,-2.22044604925031E-16,0.));
#1725=DIRECTION('center_axis',(-7.78030308595588E-15,0.,-1.));
#1726=DIRECTION('ref_axis',(1.,-5.04684792983092E-33,-7.78030308595588E-15));
#1727=DIRECTION('',(-1.,2.22044604925032E-16,7.78030308595588E-15));
#1728=DIRECTION('',(0.,-1.,0.));
#1729=DIRECTION('',(0.,-1.,0.));
#1730=DIRECTION('center_axis',(0.,-1.,0.));
#1731=DIRECTION('ref_axis',(-6.83214169000103E-15,0.,1.));
#1732=DIRECTION('center_axis',(-2.22044604925031E-16,-1.,1.22464679914735E-16));
#1733=DIRECTION('ref_axis',(-6.83214169000103E-15,0.,1.));
#1734=DIRECTION('',(0.,-1.,0.));
#1735=DIRECTION('center_axis',(-0.988146149704037,0.,-0.153516080021237));
#1736=DIRECTION('ref_axis',(0.153516080021237,-4.37860337286247E-15,-0.988146149704037));
#1737=DIRECTION('',(-0.153516080021237,1.55100419270438E-16,0.988146149704037));
#1738=DIRECTION('center_axis',(0.,-1.,0.));
#1739=DIRECTION('ref_axis',(-1.,0.,-1.70803542250025E-15));
#1740=DIRECTION('center_axis',(-2.22044604925031E-16,-1.,1.22464679914735E-16));
#1741=DIRECTION('ref_axis',(-1.,0.,-1.70803542250025E-15));
#1742=DIRECTION('',(0.,-1.,0.));
#1743=DIRECTION('center_axis',(0.993124605048062,0.,-0.117062029916324));
#1744=DIRECTION('ref_axis',(0.117062029916324,9.36117654755041E-24,0.993124605048062));
#1745=DIRECTION('',(-0.117062029916324,-9.56296946881666E-17,-0.993124605048062));
#1746=DIRECTION('center_axis',(-2.71926214689378E-32,-1.22464679914735E-16,
-1.));
#1747=DIRECTION('ref_axis',(-1.,0.,2.71926214689378E-32));
#1748=DIRECTION('',(1.,-2.22044604925031E-16,0.));
#1749=DIRECTION('center_axis',(2.22044604925031E-16,1.,-1.22464679914735E-16));
#1750=DIRECTION('ref_axis',(0.,1.22464679914735E-16,1.));
#1751=CARTESIAN_POINT('',(0.,0.,0.));
#1752=CARTESIAN_POINT('Origin',(33.7109183382716,109.631835087334,-0.554653567093477));
#1753=CARTESIAN_POINT('',(29.1596975950372,109.631835087334,-0.901396820783592));
#1754=CARTESIAN_POINT('',(38.262139081506,109.631835087334,-0.901396820783592));
#1755=CARTESIAN_POINT('',(30.8355265337367,109.631835087334,-0.901396820783595));
#1756=CARTESIAN_POINT('',(29.1596975950372,109.631835087334,-6.50791031340338));
#1757=CARTESIAN_POINT('',(29.1596975950372,109.631835087334,-0.00139682078357655));
#1758=CARTESIAN_POINT('',(29.2327890366898,109.631835087334,-5.88782103957564));
#1759=CARTESIAN_POINT('',(29.2327890366898,109.631835087334,-5.88782103957564));
#1760=CARTESIAN_POINT('',(30.5238510232523,109.631835087334,-4.74000167846687));
#1761=CARTESIAN_POINT('Origin',(30.5238510232523,109.631835087334,-6.04000167846686));
#1762=CARTESIAN_POINT('',(36.8738510232522,109.631835087334,-4.74000167846692));
#1763=CARTESIAN_POINT('',(36.8738510232522,109.631835087334,-4.74000167846692));
#1764=CARTESIAN_POINT('',(38.1584410178675,109.631835087334,-5.84043077443931));
#1765=CARTESIAN_POINT('Origin',(36.8738510232522,109.631835087334,-6.04000167846691));
#1766=CARTESIAN_POINT('',(38.262139081506,109.631835087334,-6.50791031340338));
#1767=CARTESIAN_POINT('',(38.1584410178675,109.631835087334,-5.84043077443931));
#1768=CARTESIAN_POINT('',(38.262139081506,109.631835087334,-0.00139682078357655));
#1769=CARTESIAN_POINT('Origin',(29.1596975950372,111.130839513512,-0.00139682078359016));
#1770=CARTESIAN_POINT('',(29.1596975950372,109.630839513512,-0.901396820783589));
#1771=CARTESIAN_POINT('',(29.1596975950372,82.8808395135122,-0.901396820783589));
#1772=CARTESIAN_POINT('',(29.1596975950372,109.630839513512,-6.50791031340339));
#1773=CARTESIAN_POINT('',(29.1596975950372,109.630839513512,-0.00139682078359016));
#1774=CARTESIAN_POINT('',(29.1596975950372,111.130839513512,-6.50791031340339));
#1775=CARTESIAN_POINT('Origin',(13.9996681497296,-2.86916048648781,0.123603179216421));
#1776=CARTESIAN_POINT('',(10.8271297338865,-2.86916048648781,-0.00139682078358128));
#1777=CARTESIAN_POINT('',(10.8271297338865,-0.869160486487814,-0.00139682078358128));
#1778=CARTESIAN_POINT('',(10.8271297338865,-2.86916048648781,-0.00139682078358128));
#1779=CARTESIAN_POINT('',(12.5027964117373,-2.86916048648781,-2.67639682078358));
#1780=CARTESIAN_POINT('Origin',(13.9996681497296,-2.86916048648781,0.123603179216421));
#1781=CARTESIAN_POINT('',(12.5027964117373,5.72777051999349,-2.67639682078358));
#1782=CARTESIAN_POINT('',(12.5027964117373,-2.86916048648781,-2.67639682078358));
#1783=CARTESIAN_POINT('',(10.9946723094662,5.72777051999349,-0.90139682078358));
#1784=CARTESIAN_POINT('Origin',(13.9996681497296,5.72777051999349,0.123603179216421));
#1785=CARTESIAN_POINT('',(10.9946723094662,-0.869160486487814,-0.90139682078358));
#1786=CARTESIAN_POINT('',(10.9946723094662,-2.86916048648781,-0.90139682078358));
#1787=CARTESIAN_POINT('Origin',(13.9996681497296,-0.869160486487814,0.123603179216421));
#1788=CARTESIAN_POINT('Origin',(15.4965398877218,-2.86916048648781,-2.67639682078358));
#1789=CARTESIAN_POINT('',(15.4965398877218,5.72777051999349,-2.67639682078358));
#1790=CARTESIAN_POINT('',(32.3283373084618,5.72777051999349,-2.67639682078358));
#1791=CARTESIAN_POINT('',(15.4965398877218,-2.86916048648781,-2.67639682078358));
#1792=CARTESIAN_POINT('',(36.6283373084618,-2.86916048648781,-2.67639682078358));
#1793=CARTESIAN_POINT('',(15.4965398877218,-2.86916048648781,-2.67639682078358));
#1794=CARTESIAN_POINT('Origin',(13.9996681497296,-2.86916048648781,0.123603179216421));
#1795=CARTESIAN_POINT('',(17.1722065655726,-0.869160486487814,-0.00139682078358128));
#1796=CARTESIAN_POINT('',(17.1722065655726,-2.86916048648781,-0.00139682078358128));
#1797=CARTESIAN_POINT('',(17.1722065655726,-2.86916048648781,-0.00139682078358128));
#1798=CARTESIAN_POINT('',(17.0046639899929,-0.869160486487814,-0.90139682078358));
#1799=CARTESIAN_POINT('Origin',(13.9996681497296,-0.869160486487814,0.123603179216421));
#1800=CARTESIAN_POINT('',(17.0046639899929,5.72777051999349,-0.90139682078358));
#1801=CARTESIAN_POINT('',(17.0046639899929,-2.86916048648781,-0.90139682078358));
#1802=CARTESIAN_POINT('Origin',(13.9996681497296,5.72777051999349,0.123603179216421));
#1803=CARTESIAN_POINT('Origin',(13.9996681497296,-2.86916048648781,0.123603179216421));
#1804=CARTESIAN_POINT('Origin',(49.1601347292018,5.72777051999349,-0.00139682078358128));
#1805=CARTESIAN_POINT('',(49.1601347292018,5.72777051999349,-0.90139682078358));
#1806=CARTESIAN_POINT('',(38.5601347292018,5.72777051999349,-0.90139682078358));
#1807=CARTESIAN_POINT('',(49.1601347292018,5.72777051999349,-9.30139682078358));
#1808=CARTESIAN_POINT('',(49.1601347292018,5.72777051999349,-0.00139682078358128));
#1809=CARTESIAN_POINT('',(6.76013472920182,5.72777051999349,-9.30139682078358));
#1810=CARTESIAN_POINT('',(49.1601347292018,5.72777051999349,-9.30139682078358));
#1811=CARTESIAN_POINT('',(6.76013472920182,5.72777051999349,-0.90139682078358));
#1812=CARTESIAN_POINT('',(6.76013472920182,5.72777051999349,-0.00139682078358128));
#1813=CARTESIAN_POINT('',(38.5601347292018,5.72777051999349,-0.90139682078358));
#1814=CARTESIAN_POINT('Origin',(56.4601347292018,-0.86916048648785,-0.00139682078358128));
#1815=CARTESIAN_POINT('',(56.4601347292018,-0.86916048648785,-0.00139682078358128));
#1816=CARTESIAN_POINT('',(42.1101347292018,-0.869160486487814,-0.00139682078358128));
#1817=CARTESIAN_POINT('',(56.4601347292018,-0.86916048648785,-0.90139682078358));
#1818=CARTESIAN_POINT('',(56.4601347292018,-0.86916048648785,-0.00139682078358128));
#1819=CARTESIAN_POINT('',(56.4601347292018,-0.86916048648785,-0.90139682078358));
#1820=CARTESIAN_POINT('Origin',(56.4601347292018,-0.86916048648785,-0.00139682078358128));
#1821=CARTESIAN_POINT('',(-0.539865270798217,-0.869160486487814,-0.90139682078358));
#1822=CARTESIAN_POINT('',(56.4601347292018,-0.86916048648785,-0.90139682078358));
#1823=CARTESIAN_POINT('',(-0.539865270798217,-0.869160486487814,-0.00139682078358128));
#1824=CARTESIAN_POINT('',(-0.539865270798217,-0.869160486487814,-0.00139682078358128));
#1825=CARTESIAN_POINT('',(42.1101347292018,-0.869160486487814,-0.00139682078358128));
#1826=CARTESIAN_POINT('Origin',(27.9601347292018,54.6308395135122,-0.901396820783589));
#1827=CARTESIAN_POINT('',(6.76013472920182,46.1277705199935,-0.901396820783589));
#1828=CARTESIAN_POINT('',(6.76013472920182,30.1793050167528,-0.90139682078358));
#1829=CARTESIAN_POINT('',(49.1601347292018,46.1277705199935,-0.901396820783589));
#1830=CARTESIAN_POINT('',(17.3601347292018,46.1277705199935,-0.901396820783589));
#1831=CARTESIAN_POINT('',(49.1601347292018,50.3793050167528,-0.901396820783589));
#1832=CARTESIAN_POINT('',(56.4601347292018,110.130839513512,-0.901396820783589));
#1833=CARTESIAN_POINT('',(56.4601347292018,110.130839513512,-0.901396820783589));
#1834=CARTESIAN_POINT('',(17.0046639899929,110.130839513512,-0.901396820783589));
#1835=CARTESIAN_POINT('',(13.7101347292018,110.130839513512,-0.901396820783595));
#1836=CARTESIAN_POINT('',(17.0046639899929,109.630839513512,-0.901396820783589));
#1837=CARTESIAN_POINT('',(17.0046639899929,111.130839513512,-0.901396820783589));
#1838=CARTESIAN_POINT('',(17.3576479849468,109.630839513512,-0.901396820783589));
#1839=CARTESIAN_POINT('',(38.262139081506,109.630839513512,-0.901396820783589));
#1840=CARTESIAN_POINT('',(38.262139081506,82.8808395135122,-0.901396820783589));
#1841=CARTESIAN_POINT('',(50.2801347292018,109.630839513512,-0.901396820783589));
#1842=CARTESIAN_POINT('',(17.3576479849468,109.630839513512,-0.901396820783589));
#1843=CARTESIAN_POINT('',(50.2801347292018,48.1308395135122,-0.901396820783589));
#1844=CARTESIAN_POINT('',(50.2801347292018,82.1308395135122,-0.901396820783589));
#1845=CARTESIAN_POINT('',(6.75516124069176,48.1308395135122,-0.901396820783589));
#1846=CARTESIAN_POINT('',(39.1201347292018,48.1308395135122,-0.901396820783589));
#1847=CARTESIAN_POINT('',(6.75516124069176,109.630839513512,-0.901396820783589));
#1848=CARTESIAN_POINT('',(6.75516124069176,51.3808395135122,-0.901396820783589));
#1849=CARTESIAN_POINT('',(10.9946723094662,109.630839513512,-0.901396820783589));
#1850=CARTESIAN_POINT('',(17.3576479849468,109.630839513512,-0.901396820783589));
#1851=CARTESIAN_POINT('',(10.9946723094662,110.130839513512,-0.901396820783589));
#1852=CARTESIAN_POINT('',(10.9946723094662,111.130839513512,-0.901396820783589));
#1853=CARTESIAN_POINT('',(-0.539865270798217,110.130839513512,-0.901396820783589));
#1854=CARTESIAN_POINT('',(-0.539865270798217,110.130839513512,-0.901396820783589));
#1855=CARTESIAN_POINT('',(-0.539865270798217,-0.869160486487814,-0.90139682078358));
#1856=CARTESIAN_POINT('',(3.51013472920179,2.53083951351218,-0.90139682078358));
#1857=CARTESIAN_POINT('Origin',(3.51013472920179,3.5308395135122,-0.90139682078358));
#1858=CARTESIAN_POINT('',(52.0101347292018,105.030839513512,-0.901396820783589));
#1859=CARTESIAN_POINT('Origin',(52.0101347292018,106.030839513512,-0.901396820783589));
#1860=CARTESIAN_POINT('',(3.51013472920179,49.0308395135122,-0.901396820783589));
#1861=CARTESIAN_POINT('Origin',(3.51013472920179,50.0308395135122,-0.901396820783589));
#1862=CARTESIAN_POINT('',(52.0101347292018,2.53083951351215,-0.90139682078358));
#1863=CARTESIAN_POINT('Origin',(52.0101347292018,3.53083951351216,-0.90139682078358));
#1864=CARTESIAN_POINT('',(52.0101347292018,49.0308395135122,-0.901396820783589));
#1865=CARTESIAN_POINT('Origin',(52.0101347292018,50.0308395135121,-0.901396820783589));
#1866=CARTESIAN_POINT('',(3.51013472920179,105.030839513512,-0.901396820783589));
#1867=CARTESIAN_POINT('Origin',(3.51013472920179,106.030839513512,-0.901396820783589));
#1868=CARTESIAN_POINT('Origin',(13.9996681497296,111.130839513512,0.123603179216412));
#1869=CARTESIAN_POINT('',(12.5027964117373,109.630839513512,-2.67639682078359));
#1870=CARTESIAN_POINT('Origin',(13.9996681497296,109.630839513512,0.123603179216412));
#1871=CARTESIAN_POINT('',(12.5027964117373,111.130839513512,-2.67639682078359));
#1872=CARTESIAN_POINT('',(12.5027964117373,111.130839513512,-2.67639682078359));
#1873=CARTESIAN_POINT('',(10.8271297338865,111.130839513512,-0.00139682078359016));
#1874=CARTESIAN_POINT('Origin',(13.9996681497296,111.130839513512,0.123603179216412));
#1875=CARTESIAN_POINT('',(10.8271297338865,110.130839513512,-0.00139682078359016));
#1876=CARTESIAN_POINT('',(10.8271297338865,111.130839513512,-0.00139682078359016));
#1877=CARTESIAN_POINT('Origin',(13.9996681497296,110.130839513512,0.123603179216412));
#1878=CARTESIAN_POINT('Origin',(13.9996681497296,111.130839513512,0.123603179216412));
#1879=CARTESIAN_POINT('',(15.4965398877218,109.630839513512,-2.67639682078359));
#1880=CARTESIAN_POINT('Origin',(13.9996681497296,109.630839513512,0.123603179216412));
#1881=CARTESIAN_POINT('',(17.1722065655726,110.130839513512,-0.00139682078359016));
#1882=CARTESIAN_POINT('Origin',(13.9996681497296,110.130839513512,0.123603179216412));
#1883=CARTESIAN_POINT('',(17.1722065655726,111.130839513512,-0.00139682078359016));
#1884=CARTESIAN_POINT('',(17.1722065655726,111.130839513512,-0.00139682078359016));
#1885=CARTESIAN_POINT('',(15.4965398877218,111.130839513512,-2.67639682078359));
#1886=CARTESIAN_POINT('Origin',(13.9996681497296,111.130839513512,0.123603179216412));
#1887=CARTESIAN_POINT('',(15.4965398877218,111.130839513512,-2.67639682078359));
#1888=CARTESIAN_POINT('Origin',(12.5027964117373,111.130839513512,-2.67639682078359));
#1889=CARTESIAN_POINT('',(9.62897882621455,109.630839513512,-2.67639682078359));
#1890=CARTESIAN_POINT('',(5.13146557046952,111.130839513512,-2.67639682078359));
#1891=CARTESIAN_POINT('Origin',(30.6596975950372,111.130839513512,-8.00791031340339));
#1892=CARTESIAN_POINT('',(30.6596975950372,111.130839513512,-8.00791031340339));
#1893=CARTESIAN_POINT('',(36.762139081506,111.130839513512,-8.00791031340339));
#1894=CARTESIAN_POINT('',(14.2099161621195,111.130839513512,-8.00791031340339));
#1895=CARTESIAN_POINT('',(30.6596975950372,109.630839513512,-8.00791031340339));
#1896=CARTESIAN_POINT('',(30.6596975950372,111.130839513512,-8.00791031340339));
#1897=CARTESIAN_POINT('',(36.762139081506,109.630839513512,-8.00791031340339));
#1898=CARTESIAN_POINT('',(18.7074294178645,109.630839513512,-8.00791031340339));
#1899=CARTESIAN_POINT('',(36.762139081506,111.130839513512,-8.00791031340339));
#1900=CARTESIAN_POINT('Origin',(38.262139081506,111.130839513512,-6.50791031340339));
#1901=CARTESIAN_POINT('',(38.262139081506,109.630839513512,-6.50791031340339));
#1902=CARTESIAN_POINT('',(38.262139081506,111.130839513512,-6.50791031340339));
#1903=CARTESIAN_POINT('',(38.262139081506,109.630839513512,-3.25465356709349));
#1904=CARTESIAN_POINT('Origin',(36.762139081506,111.130839513512,-6.50791031340339));
#1905=CARTESIAN_POINT('',(38.262139081506,111.130839513512,-6.50791031340338));
#1906=CARTESIAN_POINT('Origin',(36.762139081506,111.130839513512,-6.50791031340339));
#1907=CARTESIAN_POINT('Origin',(36.762139081506,109.630839513512,-6.50791031340339));
#1908=CARTESIAN_POINT('',(38.262139081506,111.131835087334,-6.50791031340338));
#1909=CARTESIAN_POINT('Origin',(30.6596975950372,111.130839513512,-6.50791031340339));
#1910=CARTESIAN_POINT('',(29.1596975950372,111.130839513512,-6.50791031340338));
#1911=CARTESIAN_POINT('Origin',(30.6596975950372,111.130839513512,-6.50791031340339));
#1912=CARTESIAN_POINT('',(29.1596975950372,111.131835087334,-6.50791031340338));
#1913=CARTESIAN_POINT('Origin',(30.6596975950372,109.630839513512,-6.50791031340339));
#1914=CARTESIAN_POINT('Origin',(27.7601347292018,54.1308395135122,-0.00139682078359016));
#1915=CARTESIAN_POINT('',(-0.539865270798217,110.130839513512,-0.00139682078359016));
#1916=CARTESIAN_POINT('',(-0.539865270798217,26.6308395135122,-0.00139682078358128));
#1917=CARTESIAN_POINT('',(13.6101347292018,110.130839513512,-0.00139682078359016));
#1918=CARTESIAN_POINT('',(-2.23986527079823,111.130839513512,-0.00139682078359016));
#1919=CARTESIAN_POINT('',(-2.23986527079823,111.130839513512,-0.00139682078359016));
#1920=CARTESIAN_POINT('',(-2.23986527079823,-2.86916048648781,-0.00139682078358128));
#1921=CARTESIAN_POINT('',(-2.23986527079823,-2.86916048648781,-0.00139682078358128));
#1922=CARTESIAN_POINT('',(57.7601347292018,-2.86916048648784,-0.00139682078358128));
#1923=CARTESIAN_POINT('Origin',(-0.539865270798217,110.130839513512,-0.00139682078359016));
#1924=CARTESIAN_POINT('',(56.4601347292018,110.130839513512,-0.00139682078359016));
#1925=CARTESIAN_POINT('',(56.4601347292018,110.130839513512,-0.00139682078359016));
#1926=CARTESIAN_POINT('',(13.6101347292018,110.130839513512,-0.00139682078359016));
#1927=CARTESIAN_POINT('Origin',(-0.539865270798217,110.130839513512,-0.00139682078359016));
#1928=CARTESIAN_POINT('',(-0.539865270798217,110.130839513512,-0.00139682078359016));
#1929=CARTESIAN_POINT('Origin',(3.51013472920179,3.5308395135122,-0.00139682078358128));
#1930=CARTESIAN_POINT('',(3.51013472920179,2.53083951351218,-8.00139682078358));
#1931=CARTESIAN_POINT('',(3.51013472920179,2.5308395135122,-0.00139682078358115));
#1932=CARTESIAN_POINT('Origin',(3.51013472920179,3.5308395135122,-8.00139682078358));
#1933=CARTESIAN_POINT('Origin',(3.51013472920179,3.5308395135122,-8.00139682078358));
#1934=CARTESIAN_POINT('Origin',(52.0101347292018,106.030839513512,-0.00139682078359016));
#1935=CARTESIAN_POINT('',(52.0101347292018,105.030839513512,-8.00139682078359));
#1936=CARTESIAN_POINT('',(52.0101347292018,105.030839513512,-0.00139682078359004));
#1937=CARTESIAN_POINT('Origin',(52.0101347292018,106.030839513512,-8.00139682078359));
#1938=CARTESIAN_POINT('Origin',(52.0101347292018,106.030839513512,-8.00139682078359));
#1939=CARTESIAN_POINT('Origin',(3.51013472920179,50.0308395135122,-0.00139682078359016));
#1940=CARTESIAN_POINT('',(3.51013472920179,49.0308395135122,-8.00139682078359));
#1941=CARTESIAN_POINT('',(3.51013472920179,49.0308395135122,-0.00139682078359004));
#1942=CARTESIAN_POINT('Origin',(3.51013472920179,50.0308395135122,-8.00139682078359));
#1943=CARTESIAN_POINT('Origin',(3.51013472920179,50.0308395135122,-8.00139682078359));
#1944=CARTESIAN_POINT('Origin',(52.0101347292018,3.53083951351216,-0.00139682078358128));
#1945=CARTESIAN_POINT('',(52.0101347292018,2.53083951351215,-8.00139682078358));
#1946=CARTESIAN_POINT('',(52.0101347292018,2.53083951351216,-0.00139682078358115));
#1947=CARTESIAN_POINT('Origin',(52.0101347292018,3.53083951351216,-8.00139682078358));
#1948=CARTESIAN_POINT('Origin',(52.0101347292018,3.53083951351216,-8.00139682078358));
#1949=CARTESIAN_POINT('Origin',(52.0101347292018,50.0308395135121,-0.00139682078359016));
#1950=CARTESIAN_POINT('',(52.0101347292018,49.0308395135122,-8.00139682078359));
#1951=CARTESIAN_POINT('',(52.0101347292018,49.0308395135121,-0.00139682078359004));
#1952=CARTESIAN_POINT('Origin',(52.0101347292018,50.0308395135121,-8.00139682078359));
#1953=CARTESIAN_POINT('Origin',(52.0101347292018,50.0308395135121,-8.00139682078359));
#1954=CARTESIAN_POINT('Origin',(3.51013472920179,106.030839513512,-0.00139682078359016));
#1955=CARTESIAN_POINT('',(3.51013472920179,105.030839513512,-8.00139682078359));
#1956=CARTESIAN_POINT('',(3.51013472920179,105.030839513512,-0.00139682078359004));
#1957=CARTESIAN_POINT('Origin',(3.51013472920179,106.030839513512,-8.00139682078359));
#1958=CARTESIAN_POINT('Origin',(3.51013472920179,106.030839513512,-8.00139682078359));
#1959=CARTESIAN_POINT('Origin',(54.7601347292018,0.130839513512129,-11.3013968207836));
#1960=CARTESIAN_POINT('',(54.7601347292018,0.130839513512129,-11.3013968207836));
#1961=CARTESIAN_POINT('',(54.7601347292018,108.130839513512,-11.3013968207836));
#1962=CARTESIAN_POINT('',(54.7601347292018,27.1308395135122,-11.3013968207836));
#1963=CARTESIAN_POINT('',(54.7601347292018,0.130839513512129,-10.7013968207836));
#1964=CARTESIAN_POINT('',(54.7601347292018,0.130839513512129,-11.3013968207836));
#1965=CARTESIAN_POINT('',(54.7601347292018,108.130839513512,-10.7013968207836));
#1966=CARTESIAN_POINT('',(54.7601347292018,108.130839513512,-10.7013968207836));
#1967=CARTESIAN_POINT('',(54.7601347292018,108.130839513512,-11.3013968207836));
#1968=CARTESIAN_POINT('Origin',(0.760134729201809,0.130839513512164,-11.3013968207836));
#1969=CARTESIAN_POINT('',(0.760134729201809,0.130839513512164,-11.3013968207836));
#1970=CARTESIAN_POINT('',(14.2601347292018,0.130839513512164,-11.3013968207836));
#1971=CARTESIAN_POINT('',(0.760134729201809,0.130839513512164,-10.7013968207836));
#1972=CARTESIAN_POINT('',(0.760134729201809,0.130839513512164,-11.3013968207836));
#1973=CARTESIAN_POINT('',(54.7601347292018,0.130839513512129,-10.7013968207836));
#1974=CARTESIAN_POINT('Origin',(0.760134729201809,108.130839513512,-11.3013968207836));
#1975=CARTESIAN_POINT('',(0.760134729201809,108.130839513512,-11.3013968207836));
#1976=CARTESIAN_POINT('',(0.760134729201809,81.1308395135122,-11.3013968207836));
#1977=CARTESIAN_POINT('',(0.760134729201809,108.130839513512,-10.7013968207836));
#1978=CARTESIAN_POINT('',(0.760134729201809,108.130839513512,-11.3013968207836));
#1979=CARTESIAN_POINT('',(0.760134729201809,0.130839513512164,-10.7013968207836));
#1980=CARTESIAN_POINT('Origin',(54.7601347292018,108.130839513512,-11.3013968207836));
#1981=CARTESIAN_POINT('',(41.2601347292018,108.130839513512,-11.3013968207836));
#1982=CARTESIAN_POINT('',(0.760134729201809,108.130839513512,-10.7013968207836));
#1983=CARTESIAN_POINT('Origin',(27.7601347292018,54.1308395135122,-10.7013968207836));
#1984=CARTESIAN_POINT('',(23.4967960462438,50.0788467175996,-10.7013968207836));
#1985=CARTESIAN_POINT('',(17.4571400700795,58.104429008582,-10.7013968207836));
#1986=CARTESIAN_POINT('Ctrl Pts',(23.4967960462438,50.0788467175996,-10.7013968207836));
#1987=CARTESIAN_POINT('Ctrl Pts',(23.3713250194939,50.0895809928954,-10.7013968207836));
#1988=CARTESIAN_POINT('Ctrl Pts',(23.2500686587453,50.1015048384931,-10.7013968207836));
#1989=CARTESIAN_POINT('Ctrl Pts',(23.1330017965954,50.1146061538776,-10.7013968207836));
#1990=CARTESIAN_POINT('Ctrl Pts',(23.0126166682249,50.1280788267195,-10.7013968207836));
#1991=CARTESIAN_POINT('Ctrl Pts',(22.8966617807008,50.1427965052312,-10.7013968207836));
#1992=CARTESIAN_POINT('Ctrl Pts',(22.7850576740872,50.1587205328221,-10.7013968207836));
#1993=CARTESIAN_POINT('Ctrl Pts',(22.6694323101998,50.1752183261436,-10.7013968207836));
#1994=CARTESIAN_POINT('Ctrl Pts',(22.5584767821616,50.1930107803519,-10.7013968207836));
#1995=CARTESIAN_POINT('Ctrl Pts',(22.4520494316819,50.2120305762474,-10.7013968207836));
#1996=CARTESIAN_POINT('Ctrl Pts',(22.3410920709966,50.2318599372512,-10.7013968207836));
#1997=CARTESIAN_POINT('Ctrl Pts',(22.2350564150782,50.2530230987834,-10.7013968207836));
#1998=CARTESIAN_POINT('Ctrl Pts',(22.1337270924943,50.2754211393314,-10.7013968207836));
#1999=CARTESIAN_POINT('Ctrl Pts',(22.0277241179827,50.298852253453,-10.7013968207836));
#2000=CARTESIAN_POINT('Ctrl Pts',(21.9268714262722,50.3236345113193,-10.7013968207836));
#2001=CARTESIAN_POINT('Ctrl Pts',(21.8308665714569,50.349634756174,-10.7013968207836));
#2002=CARTESIAN_POINT('Ctrl Pts',(21.7295835386307,50.3770644487471,-10.7013968207836));
#2003=CARTESIAN_POINT('Ctrl Pts',(21.6336958144745,50.405849466391,-10.7013968207836));
#2004=CARTESIAN_POINT('Ctrl Pts',(21.5427906563704,50.4358158130595,-10.7013968207836));
#2005=CARTESIAN_POINT('Ctrl Pts',(21.4452080796259,50.4679833312127,-10.7013968207836));
#2006=CARTESIAN_POINT('Ctrl Pts',(21.3533666110411,50.5015116781445,-10.7013968207836));
#2007=CARTESIAN_POINT('Ctrl Pts',(21.2666951992013,50.5361712417244,-10.7013968207836));
#2008=CARTESIAN_POINT('Ctrl Pts',(21.1705027851738,50.574638217387,-10.7013968207836));
#2009=CARTESIAN_POINT('Ctrl Pts',(21.080678121067,50.6144976875726,-10.7013968207836));
#2010=CARTESIAN_POINT('Ctrl Pts',(20.9963750157248,50.6554288253376,-10.7013968207836));
#2011=CARTESIAN_POINT('Ctrl Pts',(20.9061600313244,50.6992303192441,-10.7013968207836));
#2012=CARTESIAN_POINT('Ctrl Pts',(20.8222659801515,50.7442562733475,-10.7013968207836));
#2013=CARTESIAN_POINT('Ctrl Pts',(20.7436071091398,50.7901352426449,-10.7013968207836));
#2014=CARTESIAN_POINT('Ctrl Pts',(20.6747549207857,50.8302943168208,-10.7013968207836));
#2015=CARTESIAN_POINT('Ctrl Pts',(20.6099118839099,50.871106102814,-10.7013968207836));
#2016=CARTESIAN_POINT('Ctrl Pts',(20.5483449795979,50.9123608830956,-10.7013968207836));
#2017=CARTESIAN_POINT('Ctrl Pts',(20.4919517102892,50.950148911594,-10.7013968207836));
#2018=CARTESIAN_POINT('Ctrl Pts',(20.4383062080814,50.9883082956553,-10.7013968207836));
#2019=CARTESIAN_POINT('Ctrl Pts',(20.3868591634669,51.026721050739,-10.7013968207836));
#2020=CARTESIAN_POINT('Ctrl Pts',(20.3366204811712,51.0642315863434,-10.7013968207836));
#2021=CARTESIAN_POINT('Ctrl Pts',(20.2884776693483,51.1019838980786,-10.7013968207836));
#2022=CARTESIAN_POINT('Ctrl Pts',(20.2419430126752,51.1399117965163,-10.7013968207836));
#2023=CARTESIAN_POINT('Ctrl Pts',(20.1965090002788,51.1769426189393,-10.7013968207836));
#2024=CARTESIAN_POINT('Ctrl Pts',(20.1526075445618,51.2141409926364,-10.7013968207836));
#2025=CARTESIAN_POINT('Ctrl Pts',(20.1098145561469,51.2514848817102,-10.7013968207836));
#2026=CARTESIAN_POINT('Ctrl Pts',(20.0681566021932,51.2878382673725,-10.7013968207836));
#2027=CARTESIAN_POINT('Ctrl Pts',(20.0275487687891,51.3243297234144,-10.7013968207836));
#2028=CARTESIAN_POINT('Ctrl Pts',(19.9876338399529,51.3609743419981,-10.7013968207836));
#2029=CARTESIAN_POINT('Ctrl Pts',(19.9509368419663,51.3946646812671,-10.7013968207836));
#2030=CARTESIAN_POINT('Ctrl Pts',(19.9148254047104,51.4284842197751,-10.7013968207836));
#2031=CARTESIAN_POINT('Ctrl Pts',(19.8790530705823,51.46247372469,-10.7013968207836));
#2032=CARTESIAN_POINT('Ctrl Pts',(19.8459530285164,51.4939241198042,-10.7013968207836));
#2033=CARTESIAN_POINT('Ctrl Pts',(19.8131432002625,51.5255196165117,-10.7013968207836));
#2034=CARTESIAN_POINT('Ctrl Pts',(19.780458321754,51.5573247701351,-10.7013968207836));
#2035=CARTESIAN_POINT('Ctrl Pts',(19.7495401108836,51.5874108065949,-10.7013968207836));
#2036=CARTESIAN_POINT('Ctrl Pts',(19.7187336067679,51.6176841563363,-10.7013968207836));
#2037=CARTESIAN_POINT('Ctrl Pts',(19.6879284212722,51.6482344371662,-10.7013968207836));
#2038=CARTESIAN_POINT('Ctrl Pts',(19.6584176530997,51.6775010116298,-10.7013968207836));
#2039=CARTESIAN_POINT('Ctrl Pts',(19.6289080068524,51.7070215072071,-10.7013968207836));
#2040=CARTESIAN_POINT('Ctrl Pts',(19.5993316654803,51.7369114241173,-10.7013968207836));
#2041=CARTESIAN_POINT('Ctrl Pts',(19.5689782906383,51.7675866127946,-10.7013968207836));
#2042=CARTESIAN_POINT('Ctrl Pts',(19.5385543140888,51.7986505449555,-10.7013968207836));
#2043=CARTESIAN_POINT('Ctrl Pts',(19.5080221076262,51.8302738383947,-10.7013968207836));
#2044=CARTESIAN_POINT('Ctrl Pts',(19.4733183785602,51.8662177263359,-10.7013968207836));
#2045=CARTESIAN_POINT('Ctrl Pts',(19.4384743985143,51.9028863711419,-10.7013968207836));
#2046=CARTESIAN_POINT('Ctrl Pts',(19.4034878467763,51.9405766282359,-10.7013968207836));
#2047=CARTESIAN_POINT('Ctrl Pts',(19.3687854807225,51.9779607382257,-10.7013968207836));
#2048=CARTESIAN_POINT('Ctrl Pts',(19.3339436666096,52.0163535283125,-10.7013968207836));
#2049=CARTESIAN_POINT('Ctrl Pts',(19.299004001261,52.0560407699415,-10.7013968207836));
#2050=CARTESIAN_POINT('Ctrl Pts',(19.2687839341592,52.0903671177514,-10.7013968207836));
#2051=CARTESIAN_POINT('Ctrl Pts',(19.2384916357237,52.1256631215109,-10.7013968207836));
#2052=CARTESIAN_POINT('Ctrl Pts',(19.2081738659179,52.1620803599784,-10.7013968207836));
#2053=CARTESIAN_POINT('Ctrl Pts',(19.1802864380722,52.1955783090889,-10.7013968207836));
#2054=CARTESIAN_POINT('Ctrl Pts',(19.1523778690737,52.2300256013925,-10.7013968207836));
#2055=CARTESIAN_POINT('Ctrl Pts',(19.1244941548979,52.2654973770299,-10.7013968207836));
#2056=CARTESIAN_POINT('Ctrl Pts',(19.0963349810678,52.3013195738125,-10.7013968207836));
#2057=CARTESIAN_POINT('Ctrl Pts',(19.0682012895597,52.3381867138102,-10.7013968207836));
#2058=CARTESIAN_POINT('Ctrl Pts',(19.0401467267342,52.3761218039673,-10.7013968207836));
#2059=CARTESIAN_POINT('Ctrl Pts',(19.0111597525407,52.4153176911479,-10.7013968207836));
#2060=CARTESIAN_POINT('Ctrl Pts',(18.9822573452847,52.4556535198476,-10.7013968207836));
#2061=CARTESIAN_POINT('Ctrl Pts',(18.9535037815178,52.4970985780791,-10.7013968207836));
#2062=CARTESIAN_POINT('Ctrl Pts',(18.9236126069814,52.5401833754739,-10.7013968207836));
#2063=CARTESIAN_POINT('Ctrl Pts',(18.8938824050405,52.5844666957752,-10.7013968207836));
#2064=CARTESIAN_POINT('Ctrl Pts',(18.8643891863233,52.6298573497708,-10.7013968207836));
#2065=CARTESIAN_POINT('Ctrl Pts',(18.8334585841873,52.6774601656213,-10.7013968207836));
#2066=CARTESIAN_POINT('Ctrl Pts',(18.802788791198,52.726280605743,-10.7013968207836));
#2067=CARTESIAN_POINT('Ctrl Pts',(18.7724693741209,52.7761560220112,-10.7013968207836));
#2068=CARTESIAN_POINT('Ctrl Pts',(18.7402564521201,52.8291462523288,-10.7013968207836));
#2069=CARTESIAN_POINT('Ctrl Pts',(18.7084392807563,52.8833269639308,-10.7013968207836));
#2070=CARTESIAN_POINT('Ctrl Pts',(18.67712411637,52.9384446999945,-10.7013968207836));
#2071=CARTESIAN_POINT('Ctrl Pts',(18.6415089654179,53.0011308307721,-10.7013968207836));
#2072=CARTESIAN_POINT('Ctrl Pts',(18.6065435006749,53.0650289083818,-10.7013968207836));
#2073=CARTESIAN_POINT('Ctrl Pts',(18.5723773785485,53.1296955363547,-10.7013968207836));
#2074=CARTESIAN_POINT('Ctrl Pts',(18.5348821671132,53.200663171478,-10.7013968207836));
#2075=CARTESIAN_POINT('Ctrl Pts',(18.4983502105726,53.2725549376987,-10.7013968207836));
#2076=CARTESIAN_POINT('Ctrl Pts',(18.4629644815857,53.3447176928811,-10.7013968207836));
#2077=CARTESIAN_POINT('Ctrl Pts',(18.4208998923896,53.4305007681184,-10.7013968207836));
#2078=CARTESIAN_POINT('Ctrl Pts',(18.3804567937757,53.5166627932699,-10.7013968207836));
#2079=CARTESIAN_POINT('Ctrl Pts',(18.341903260349,53.6020582890972,-10.7013968207836));
#2080=CARTESIAN_POINT('Ctrl Pts',(18.3115188134165,53.6693593813866,-10.7013968207836));
#2081=CARTESIAN_POINT('Ctrl Pts',(18.2823074690637,53.7361820043978,-10.7013968207836));
#2082=CARTESIAN_POINT('Ctrl Pts',(18.2543759343281,53.8019823191274,-10.7013968207836));
#2083=CARTESIAN_POINT('Ctrl Pts',(18.2296384547174,53.8602581696815,-10.7013968207836));
#2084=CARTESIAN_POINT('Ctrl Pts',(18.2059047608823,53.9177313675663,-10.7013968207836));
#2085=CARTESIAN_POINT('Ctrl Pts',(18.1832298622474,53.974056651324,-10.7013968207836));
#2086=CARTESIAN_POINT('Ctrl Pts',(18.1621829187184,54.0263380346102,-10.7013968207836));
#2087=CARTESIAN_POINT('Ctrl Pts',(18.142048197242,54.0776299573117,-10.7013968207836));
#2088=CARTESIAN_POINT('Ctrl Pts',(18.1228524098742,54.1276943428421,-10.7013968207836));
#2089=CARTESIAN_POINT('Ctrl Pts',(18.1046556907071,54.1751530662752,-10.7013968207836));
#2090=CARTESIAN_POINT('Ctrl Pts',(18.0873027306968,54.2215083762253,-10.7013968207836));
#2091=CARTESIAN_POINT('Ctrl Pts',(18.0707999599946,54.2665984755623,-10.7013968207836));
#2092=CARTESIAN_POINT('Ctrl Pts',(18.0549173545446,54.3099941132039,-10.7013968207836));
#2093=CARTESIAN_POINT('Ctrl Pts',(18.0398222537721,54.352217577571,-10.7013968207836));
#2094=CARTESIAN_POINT('Ctrl Pts',(18.0255045279147,54.393168037218,-10.7013968207836));
#2095=CARTESIAN_POINT('Ctrl Pts',(18.0116124243298,54.4329011647364,-10.7013968207836));
#2096=CARTESIAN_POINT('Ctrl Pts',(17.9984521390271,54.4714356580553,-10.7013968207836));
#2097=CARTESIAN_POINT('Ctrl Pts',(17.9859993691029,54.5087242999778,-10.7013968207836));
#2098=CARTESIAN_POINT('Ctrl Pts',(17.9738691490588,54.5450470967869,-10.7013968207836));
#2099=CARTESIAN_POINT('Ctrl Pts',(17.962410248747,54.5801875841497,-10.7013968207836));
#2100=CARTESIAN_POINT('Ctrl Pts',(17.9515860132394,54.6141479347749,-10.7013968207836));
#2101=CARTESIAN_POINT('Ctrl Pts',(17.9410102215055,54.6473288088576,-10.7013968207836));
#2102=CARTESIAN_POINT('Ctrl Pts',(17.9310402811435,54.6793829575267,-10.7013968207836));
#2103=CARTESIAN_POINT('Ctrl Pts',(17.9216284981142,54.7103589516882,-10.7013968207836));
#2104=CARTESIAN_POINT('Ctrl Pts',(17.9123966983331,54.7407425862479,-10.7013968207836));
#2105=CARTESIAN_POINT('Ctrl Pts',(17.90370190583,54.7700887695099,-10.7013968207836));
#2106=CARTESIAN_POINT('Ctrl Pts',(17.8954860990486,54.7984907236163,-10.7013968207836));
#2107=CARTESIAN_POINT('Ctrl Pts',(17.8870362465188,54.827701771313,-10.7013968207836));
#2108=CARTESIAN_POINT('Ctrl Pts',(17.8790931082536,54.8559136262298,-10.7013968207836));
#2109=CARTESIAN_POINT('Ctrl Pts',(17.8715789653079,54.8832836255463,-10.7013968207836));
#2110=CARTESIAN_POINT('Ctrl Pts',(17.8632266431219,54.9137066630337,-10.7013968207836));
#2111=CARTESIAN_POINT('Ctrl Pts',(17.8554039684576,54.9430901112732,-10.7013968207836));
#2112=CARTESIAN_POINT('Ctrl Pts',(17.847988640641,54.9717187426866,-10.7013968207836));
#2113=CARTESIAN_POINT('Ctrl Pts',(17.8386336766882,55.0078357993451,-10.7013968207836));
#2114=CARTESIAN_POINT('Ctrl Pts',(17.8299255734985,55.042753029536,-10.7013968207836));
#2115=CARTESIAN_POINT('Ctrl Pts',(17.8216091889685,55.0771340724636,-10.7013968207836));
#2116=CARTESIAN_POINT('Ctrl Pts',(17.8135270827773,55.1105465774897,-10.7013968207836));
#2117=CARTESIAN_POINT('Ctrl Pts',(17.8058127935086,55.1434586196495,-10.7013968207836));
#2118=CARTESIAN_POINT('Ctrl Pts',(17.79825379011,55.176489975817,-10.7013968207836));
#2119=CARTESIAN_POINT('Ctrl Pts',(17.7922150356535,55.2028781435082,-10.7013968207836));
#2120=CARTESIAN_POINT('Ctrl Pts',(17.7862753971301,55.2293437122714,-10.7013968207836));
#2121=CARTESIAN_POINT('Ctrl Pts',(17.7803503081859,55.2561707825404,-10.7013968207836));
#2122=CARTESIAN_POINT('Ctrl Pts',(17.7743408024911,55.2833800671726,-10.7013968207836));
#2123=CARTESIAN_POINT('Ctrl Pts',(17.7683463356478,55.3109611941069,-10.7013968207836));
#2124=CARTESIAN_POINT('Ctrl Pts',(17.7623072053593,55.3391628469698,-10.7013968207836));
#2125=CARTESIAN_POINT('Ctrl Pts',(17.7556444698775,55.3702766239875,-10.7013968207836));
#2126=CARTESIAN_POINT('Ctrl Pts',(17.7489272661883,55.4021458299237,-10.7013968207836));
#2127=CARTESIAN_POINT('Ctrl Pts',(17.7421101462666,55.4350463320589,-10.7013968207836));
#2128=CARTESIAN_POINT('Ctrl Pts',(17.7349009986054,55.4698388222516,-10.7013968207836));
#2129=CARTESIAN_POINT('Ctrl Pts',(17.727580408064,55.5057840727341,-10.7013968207836));
#2130=CARTESIAN_POINT('Ctrl Pts',(17.7201298366096,55.5431502793466,-10.7013968207836));
#2131=CARTESIAN_POINT('Ctrl Pts',(17.7118899588293,55.5844750257079,-10.7013968207836));
#2132=CARTESIAN_POINT('Ctrl Pts',(17.7034914624482,55.627537011874,-10.7013968207836));
#2133=CARTESIAN_POINT('Ctrl Pts',(17.6949463425094,55.6726395833215,-10.7013968207836));
#2134=CARTESIAN_POINT('Ctrl Pts',(17.6860955294261,55.7193556542859,-10.7013968207836));
#2135=CARTESIAN_POINT('Ctrl Pts',(17.6770878277964,55.7682605245402,-10.7013968207836));
#2136=CARTESIAN_POINT('Ctrl Pts',(17.6679656029393,55.8196453063131,-10.7013968207836));
#2137=CARTESIAN_POINT('Ctrl Pts',(17.6589093265828,55.8706586053205,-10.7013968207836));
#2138=CARTESIAN_POINT('Ctrl Pts',(17.6497404097906,55.924116259868,-10.7013968207836));
#2139=CARTESIAN_POINT('Ctrl Pts',(17.6405244997683,55.9802578476097,-10.7013968207836));
#2140=CARTESIAN_POINT('Ctrl Pts',(17.6313853591682,56.0359317704936,-10.7013968207836));
#2141=CARTESIAN_POINT('Ctrl Pts',(17.622200229191,56.0942452492368,-10.7013968207836));
#2142=CARTESIAN_POINT('Ctrl Pts',(17.6130536091843,56.1553848666883,-10.7013968207836));
#2143=CARTESIAN_POINT('Ctrl Pts',(17.6036849722344,56.218008532997,-10.7013968207836));
#2144=CARTESIAN_POINT('Ctrl Pts',(17.5943569048518,56.2835975768013,-10.7013968207836));
#2145=CARTESIAN_POINT('Ctrl Pts',(17.5851790975005,56.3522982538851,-10.7013968207836));
#2146=CARTESIAN_POINT('Ctrl Pts',(17.5753898348619,56.4255759928581,-10.7013968207836));
#2147=CARTESIAN_POINT('Ctrl Pts',(17.5657722088999,56.5023934549579,-10.7013968207836));
#2148=CARTESIAN_POINT('Ctrl Pts',(17.5564742835156,56.5828656688618,-10.7013968207836));
#2149=CARTESIAN_POINT('Ctrl Pts',(17.5463895602687,56.6701475056954,-10.7013968207836));
#2150=CARTESIAN_POINT('Ctrl Pts',(17.5366821857178,56.7617280961642,-10.7013968207836));
#2151=CARTESIAN_POINT('Ctrl Pts',(17.5275425624408,56.8576911951225,-10.7013968207836));
#2152=CARTESIAN_POINT('Ctrl Pts',(17.5179731495382,56.9581669466402,-10.7013968207836));
#2153=CARTESIAN_POINT('Ctrl Pts',(17.5090279852213,57.0634454363389,-10.7013968207836));
#2154=CARTESIAN_POINT('Ctrl Pts',(17.5009024557784,57.1735756423625,-10.7013968207836));
#2155=CARTESIAN_POINT('Ctrl Pts',(17.4930864426568,57.2795107868238,-10.7013968207836));
#2156=CARTESIAN_POINT('Ctrl Pts',(17.4860295921156,57.3899343162677,-10.7013968207836));
#2157=CARTESIAN_POINT('Ctrl Pts',(17.4798655851501,57.5048667753877,-10.7013968207836));
#2158=CARTESIAN_POINT('Ctrl Pts',(17.4740498723417,57.6133050328937,-10.7013968207836));
#2159=CARTESIAN_POINT('Ctrl Pts',(17.4690292670847,57.7257566180334,-10.7013968207836));
#2160=CARTESIAN_POINT('Ctrl Pts',(17.4648724987887,57.8422255918508,-10.7013968207836));
#2161=CARTESIAN_POINT('Ctrl Pts',(17.4618299490359,57.9274751468561,-10.7013968207836));
#2162=CARTESIAN_POINT('Ctrl Pts',(17.4592493638529,58.0148767437199,-10.7013968207836));
#2163=CARTESIAN_POINT('Ctrl Pts',(17.4571400700795,58.104429008582,-10.7013968207836));
#2164=CARTESIAN_POINT('',(43.6155055423509,50.0788467175996,-10.7013968207836));
#2165=CARTESIAN_POINT('',(25.6284653877228,50.0788467175996,-10.7013968207836));
#2166=CARTESIAN_POINT('',(49.6551615185152,58.104429008582,-10.7013968207836));
#2167=CARTESIAN_POINT('Ctrl Pts',(49.6551615185152,58.104429008582,-10.7013968207836));
#2168=CARTESIAN_POINT('Ctrl Pts',(49.6522946372441,57.9827125771611,-10.7013968207836));
#2169=CARTESIAN_POINT('Ctrl Pts',(49.6485550688652,57.8649694262917,-10.7013968207836));
#2170=CARTESIAN_POINT('Ctrl Pts',(49.6439733395943,57.7512020405468,-10.7013968207836));
#2171=CARTESIAN_POINT('Ctrl Pts',(49.6391781313529,57.6321338299496,-10.7013968207836));
#2172=CARTESIAN_POINT('Ctrl Pts',(49.6334608124802,57.5174209188056,-10.7013968207836));
#2173=CARTESIAN_POINT('Ctrl Pts',(49.6269137017188,57.4070551369547,-10.7013968207836));
#2174=CARTESIAN_POINT('Ctrl Pts',(49.6200307894667,57.2910286911223,-10.7013968207836));
#2175=CARTESIAN_POINT('Ctrl Pts',(49.6122313342701,57.179807322873,-10.7013968207836));
#2176=CARTESIAN_POINT('Ctrl Pts',(49.6036774752489,57.0733617583268,-10.7013968207836));
#2177=CARTESIAN_POINT('Ctrl Pts',(49.5951011557118,56.9666366915934,-10.7013968207836));
#2178=CARTESIAN_POINT('Ctrl Pts',(49.5857678179727,56.8647137111606,-10.7013968207836));
#2179=CARTESIAN_POINT('Ctrl Pts',(49.5758803768595,56.7675330631226,-10.7013968207836));
#2180=CARTESIAN_POINT('Ctrl Pts',(49.5669205472543,56.6794696261434,-10.7013968207836));
#2181=CARTESIAN_POINT('Ctrl Pts',(49.557507154117,56.5953012511586,-10.7013968207836));
#2182=CARTESIAN_POINT('Ctrl Pts',(49.547802305296,56.5149433379551,-10.7013968207836));
#2183=CARTESIAN_POINT('Ctrl Pts',(49.538886458138,56.4411185020121,-10.7013968207836));
#2184=CARTESIAN_POINT('Ctrl Pts',(49.5297253611395,56.3705100660437,-10.7013968207836));
#2185=CARTESIAN_POINT('Ctrl Pts',(49.5204404425697,56.3030095062939,-10.7013968207836));
#2186=CARTESIAN_POINT('Ctrl Pts',(49.5114510422257,56.2376573386384,-10.7013968207836));
#2187=CARTESIAN_POINT('Ctrl Pts',(49.5023460632928,56.1752186915182,-10.7013968207836));
#2188=CARTESIAN_POINT('Ctrl Pts',(49.4932226946265,56.1155474315075,-10.7013968207836));
#2189=CARTESIAN_POINT('Ctrl Pts',(49.4840224935653,56.0553736503359,-10.7013968207836));
#2190=CARTESIAN_POINT('Ctrl Pts',(49.474803815663,55.998013924534,-10.7013968207836));
#2191=CARTESIAN_POINT('Ctrl Pts',(49.4656479591355,55.9432683831811,-10.7013968207836));
#2192=CARTESIAN_POINT('Ctrl Pts',(49.4564173320476,55.8880757668015,-10.7013968207836));
#2193=CARTESIAN_POINT('Ctrl Pts',(49.4472507894116,55.8355400459422,-10.7013968207836));
#2194=CARTESIAN_POINT('Ctrl Pts',(49.4382096033224,55.7854080952,-10.7013968207836));
#2195=CARTESIAN_POINT('Ctrl Pts',(49.4291967600325,55.735433300809,-10.7013968207836));
#2196=CARTESIAN_POINT('Ctrl Pts',(49.4203086790994,55.687846980616,-10.7013968207836));
#2197=CARTESIAN_POINT('Ctrl Pts',(49.4115811356988,55.6423537723122,-10.7013968207836));
#2198=CARTESIAN_POINT('Ctrl Pts',(49.4037498115752,55.601532198211,-10.7013968207836));
#2199=CARTESIAN_POINT('Ctrl Pts',(49.3960479358788,55.5623961901553,-10.7013968207836));
#2200=CARTESIAN_POINT('Ctrl Pts',(49.3884801677293,55.5246991887185,-10.7013968207836));
#2201=CARTESIAN_POINT('Ctrl Pts',(49.3815552879771,55.490204579897,-10.7013968207836));
#2202=CARTESIAN_POINT('Ctrl Pts',(49.3747429013239,55.4569152829037,-10.7013968207836));
#2203=CARTESIAN_POINT('Ctrl Pts',(49.3680244168766,55.4246066356968,-10.7013968207836));
#2204=CARTESIAN_POINT('Ctrl Pts',(49.3617000992178,55.3941935046309,-10.7013968207836));
#2205=CARTESIAN_POINT('Ctrl Pts',(49.3554591358481,55.3646496181059,-10.7013968207836));
#2206=CARTESIAN_POINT('Ctrl Pts',(49.3492630297185,55.3357496043893,-10.7013968207836));
#2207=CARTESIAN_POINT('Ctrl Pts',(49.3433246341089,55.3080516097161,-10.7013968207836));
#2208=CARTESIAN_POINT('Ctrl Pts',(49.337427573363,55.2809452891318,-10.7013968207836));
#2209=CARTESIAN_POINT('Ctrl Pts',(49.331514157461,55.2541924058006,-10.7013968207836));
#2210=CARTESIAN_POINT('Ctrl Pts',(49.3252358909848,55.2257889020821,-10.7013968207836));
#2211=CARTESIAN_POINT('Ctrl Pts',(49.3189396162849,55.1977843686204,-10.7013968207836));
#2212=CARTESIAN_POINT('Ctrl Pts',(49.3125230824778,55.1698382850879,-10.7013968207836));
#2213=CARTESIAN_POINT('Ctrl Pts',(49.3040751811442,55.1330449378634,-10.7013968207836));
#2214=CARTESIAN_POINT('Ctrl Pts',(49.2954189912201,55.0963497314433,-10.7013968207836));
#2215=CARTESIAN_POINT('Ctrl Pts',(49.2862545570554,55.058891107941,-10.7013968207836));
#2216=CARTESIAN_POINT('Ctrl Pts',(49.2788385205368,55.0285788688177,-10.7013968207836));
#2217=CARTESIAN_POINT('Ctrl Pts',(49.2710873573424,54.9977625923187,-10.7013968207836));
#2218=CARTESIAN_POINT('Ctrl Pts',(49.2628289467075,54.9660003140707,-10.7013968207836));
#2219=CARTESIAN_POINT('Ctrl Pts',(49.2558810067625,54.9392781744798,-10.7013968207836));
#2220=CARTESIAN_POINT('Ctrl Pts',(49.2485734575084,54.9118856984157,-10.7013968207836));
#2221=CARTESIAN_POINT('Ctrl Pts',(49.2408081380351,54.8835951411276,-10.7013968207836));
#2222=CARTESIAN_POINT('Ctrl Pts',(49.2335071366975,54.8569961844056,-10.7013968207836));
#2223=CARTESIAN_POINT('Ctrl Pts',(49.2258011487614,54.8296026788473,-10.7013968207836));
#2224=CARTESIAN_POINT('Ctrl Pts',(49.2176185550264,54.8012691845338,-10.7013968207836));
#2225=CARTESIAN_POINT('Ctrl Pts',(49.2093283446506,54.7725630509841,-10.7013968207836));
#2226=CARTESIAN_POINT('Ctrl Pts',(49.2005488585731,54.7428920472968,-10.7013968207836));
#2227=CARTESIAN_POINT('Ctrl Pts',(49.1912194432694,54.7121579580714,-10.7013968207836));
#2228=CARTESIAN_POINT('Ctrl Pts',(49.1816797393195,54.6807311105322,-10.7013968207836));
#2229=CARTESIAN_POINT('Ctrl Pts',(49.1715650214485,54.6481928430234,-10.7013968207836));
#2230=CARTESIAN_POINT('Ctrl Pts',(49.1608251177388,54.6144916447431,-10.7013968207836));
#2231=CARTESIAN_POINT('Ctrl Pts',(49.1498134348783,54.5799376191655,-10.7013968207836));
#2232=CARTESIAN_POINT('Ctrl Pts',(49.1381445056261,54.5441612098162,-10.7013968207836));
#2233=CARTESIAN_POINT('Ctrl Pts',(49.1257797740886,54.5071603982909,-10.7013968207836));
#2234=CARTESIAN_POINT('Ctrl Pts',(49.1130586904295,54.469093221706,-10.7013968207836));
#2235=CARTESIAN_POINT('Ctrl Pts',(49.0996010946048,54.4297302247599,-10.7013968207836));
#2236=CARTESIAN_POINT('Ctrl Pts',(49.0853815864784,54.3891226965388,-10.7013968207836));
#2237=CARTESIAN_POINT('Ctrl Pts',(49.0706753903875,54.3471253034169,-10.7013968207836));
#2238=CARTESIAN_POINT('Ctrl Pts',(49.0551541954964,54.3037969303313,-10.7013968207836));
#2239=CARTESIAN_POINT('Ctrl Pts',(49.0388079191326,54.2592478856883,-10.7013968207836));
#2240=CARTESIAN_POINT('Ctrl Pts',(49.0216852038488,54.212582786518,-10.7013968207836));
#2241=CARTESIAN_POINT('Ctrl Pts',(49.0036571634901,54.1645785792177,-10.7013968207836));
#2242=CARTESIAN_POINT('Ctrl Pts',(48.9847321676164,54.1154164160153,-10.7013968207836));
#2243=CARTESIAN_POINT('Ctrl Pts',(48.9646054780176,54.0631325684844,-10.7013968207836));
#2244=CARTESIAN_POINT('Ctrl Pts',(48.9434643113288,54.0095394372101,-10.7013968207836));
#2245=CARTESIAN_POINT('Ctrl Pts',(48.9213407937379,53.9549098395802,-10.7013968207836));
#2246=CARTESIAN_POINT('Ctrl Pts',(48.8971648874646,53.895212278981,-10.7013968207836));
#2247=CARTESIAN_POINT('Ctrl Pts',(48.8718158790026,53.8342776477338,-10.7013968207836));
#2248=CARTESIAN_POINT('Ctrl Pts',(48.8453616714364,53.7725178967894,-10.7013968207836));
#2249=CARTESIAN_POINT('Ctrl Pts',(48.8140629546927,53.6994481990436,-10.7013968207836));
#2250=CARTESIAN_POINT('Ctrl Pts',(48.7812168920742,53.6252248665796,-10.7013968207836));
#2251=CARTESIAN_POINT('Ctrl Pts',(48.7469743388028,53.5505908617494,-10.7013968207836));
#2252=CARTESIAN_POINT('Ctrl Pts',(48.7097964839588,53.4695591648425,-10.7013968207836));
#2253=CARTESIAN_POINT('Ctrl Pts',(48.6709726540298,53.3880477825917,-10.7013968207836));
#2254=CARTESIAN_POINT('Ctrl Pts',(48.6307368258441,53.3070244276832,-10.7013968207836));
#2255=CARTESIAN_POINT('Ctrl Pts',(48.597791940058,53.2406829282329,-10.7013968207836));
#2256=CARTESIAN_POINT('Ctrl Pts',(48.5639013598616,53.1746702059706,-10.7013968207836));
#2257=CARTESIAN_POINT('Ctrl Pts',(48.5292098170983,53.1094907169922,-10.7013968207836));
#2258=CARTESIAN_POINT('Ctrl Pts',(48.4979149493701,53.0506930007854,-10.7013968207836));
#2259=CARTESIAN_POINT('Ctrl Pts',(48.4659685978103,52.9925739841136,-10.7013968207836));
#2260=CARTESIAN_POINT('Ctrl Pts',(48.4334845277206,52.9354667215231,-10.7013968207836));
#2261=CARTESIAN_POINT('Ctrl Pts',(48.4032252168083,52.8822706038782,-10.7013968207836));
#2262=CARTESIAN_POINT('Ctrl Pts',(48.3724994940833,52.8299527868282,-10.7013968207836));
#2263=CARTESIAN_POINT('Ctrl Pts',(48.3414030679739,52.7787415309217,-10.7013968207836));
#2264=CARTESIAN_POINT('Ctrl Pts',(48.3118497348533,52.7300715229921,-10.7013968207836));
#2265=CARTESIAN_POINT('Ctrl Pts',(48.2819617639439,52.682401332429,-10.7013968207836));
#2266=CARTESIAN_POINT('Ctrl Pts',(48.2518222194924,52.6358832425815,-10.7013968207836));
#2267=CARTESIAN_POINT('Ctrl Pts',(48.222624535805,52.5908188430418,-10.7013968207836));
#2268=CARTESIAN_POINT('Ctrl Pts',(48.1931908994014,52.546836017734,-10.7013968207836));
#2269=CARTESIAN_POINT('Ctrl Pts',(48.1635953472493,52.5040259594285,-10.7013968207836));
#2270=CARTESIAN_POINT('Ctrl Pts',(48.134924656102,52.462553715445,-10.7013968207836));
#2271=CARTESIAN_POINT('Ctrl Pts',(48.1061021223454,52.4221823395694,-10.7013968207836));
#2272=CARTESIAN_POINT('Ctrl Pts',(48.077191818268,52.3829453282704,-10.7013968207836));
#2273=CARTESIAN_POINT('Ctrl Pts',(48.049184961193,52.3449344735744,-10.7013968207836));
#2274=CARTESIAN_POINT('Ctrl Pts',(48.021095819533,52.3079883669081,-10.7013968207836));
#2275=CARTESIAN_POINT('Ctrl Pts',(47.9929781421693,52.2720872951455,-10.7013968207836));
#2276=CARTESIAN_POINT('Ctrl Pts',(47.9638491720851,52.2348949896844,-10.7013968207836));
#2277=CARTESIAN_POINT('Ctrl Pts',(47.9346897748548,52.1988246419701,-10.7013968207836));
#2278=CARTESIAN_POINT('Ctrl Pts',(47.9055527247694,52.1637928525994,-10.7013968207836));
#2279=CARTESIAN_POINT('Ctrl Pts',(47.8731375032247,52.1248196823496,-10.7013968207836));
#2280=CARTESIAN_POINT('Ctrl Pts',(47.8407506402629,52.0871310615823,-10.7013968207836));
#2281=CARTESIAN_POINT('Ctrl Pts',(47.8084489016584,52.0505408165184,-10.7013968207836));
#2282=CARTESIAN_POINT('Ctrl Pts',(47.7720479684031,52.0093071515236,-10.7013968207836));
#2283=CARTESIAN_POINT('Ctrl Pts',(47.735756604462,51.9694657587883,-10.7013968207836));
#2284=CARTESIAN_POINT('Ctrl Pts',(47.6996189290073,51.9306911716779,-10.7013968207836));
#2285=CARTESIAN_POINT('Ctrl Pts',(47.6667298901008,51.8954022692231,-10.7013968207836));
#2286=CARTESIAN_POINT('Ctrl Pts',(47.6339681931733,51.8609938236583,-10.7013968207836));
#2287=CARTESIAN_POINT('Ctrl Pts',(47.6013294588304,51.8272198025778,-10.7013968207836));
#2288=CARTESIAN_POINT('Ctrl Pts',(47.5717140416899,51.7965742600054,-10.7013968207836));
#2289=CARTESIAN_POINT('Ctrl Pts',(47.5421997235748,51.7664496227259,-10.7013968207836));
#2290=CARTESIAN_POINT('Ctrl Pts',(47.5127515657825,51.7366907573028,-10.7013968207836));
#2291=CARTESIAN_POINT('Ctrl Pts',(47.4825853645404,51.7062062723506,-10.7013968207836));
#2292=CARTESIAN_POINT('Ctrl Pts',(47.4524885185311,51.6761056173082,-10.7013968207836));
#2293=CARTESIAN_POINT('Ctrl Pts',(47.4223886680143,51.6462667519836,-10.7013968207836));
#2294=CARTESIAN_POINT('Ctrl Pts',(47.3908952019491,51.6150463546596,-10.7013968207836));
#2295=CARTESIAN_POINT('Ctrl Pts',(47.3593983472266,51.5841128148123,-10.7013968207836));
#2296=CARTESIAN_POINT('Ctrl Pts',(47.3277790665733,51.5533717004158,-10.7013968207836));
#2297=CARTESIAN_POINT('Ctrl Pts',(47.294274877287,51.5207980271908,-10.7013968207836));
#2298=CARTESIAN_POINT('Ctrl Pts',(47.2606331075667,51.4884407694749,-10.7013968207836));
#2299=CARTESIAN_POINT('Ctrl Pts',(47.2266740690607,51.4562325709775,-10.7013968207836));
#2300=CARTESIAN_POINT('Ctrl Pts',(47.1885036489298,51.4200301187765,-10.7013968207836));
#2301=CARTESIAN_POINT('Ctrl Pts',(47.1499324621422,51.3840163645578,-10.7013968207836));
#2302=CARTESIAN_POINT('Ctrl Pts',(47.1106583340959,51.3481457058267,-10.7013968207836));
#2303=CARTESIAN_POINT('Ctrl Pts',(47.0698142121035,51.3108411077606,-10.7013968207836));
#2304=CARTESIAN_POINT('Ctrl Pts',(47.0282093758451,51.2736917389879,-10.7013968207836));
#2305=CARTESIAN_POINT('Ctrl Pts',(46.9854609587489,51.2366862893326,-10.7013968207836));
#2306=CARTESIAN_POINT('Ctrl Pts',(46.9417355228408,51.1988350768887,-10.7013968207836));
#2307=CARTESIAN_POINT('Ctrl Pts',(46.8968132297435,51.1611342727064,-10.7013968207836));
#2308=CARTESIAN_POINT('Ctrl Pts',(46.8502462773247,51.1236125808034,-10.7013968207836));
#2309=CARTESIAN_POINT('Ctrl Pts',(46.8026779846802,51.0852840510576,-10.7013968207836));
#2310=CARTESIAN_POINT('Ctrl Pts',(46.7533930445268,51.0471422485919,-10.7013968207836));
#2311=CARTESIAN_POINT('Ctrl Pts',(46.7018818015378,51.0092624417052,-10.7013968207836));
#2312=CARTESIAN_POINT('Ctrl Pts',(46.6483761882181,50.9699160353229,-10.7013968207836));
#2313=CARTESIAN_POINT('Ctrl Pts',(46.5924679556749,50.9308520568624,-10.7013968207836));
#2314=CARTESIAN_POINT('Ctrl Pts',(46.5335595525459,50.8922063687438,-10.7013968207836));
#2315=CARTESIAN_POINT('Ctrl Pts',(46.4681617374246,50.8493034307492,-10.7013968207836));
#2316=CARTESIAN_POINT('Ctrl Pts',(46.3990649876723,50.8069164961641,-10.7013968207836));
#2317=CARTESIAN_POINT('Ctrl Pts',(46.3254345630093,50.7652938063142,-10.7013968207836));
#2318=CARTESIAN_POINT('Ctrl Pts',(46.2464671469769,50.7206541579514,-10.7013968207836));
#2319=CARTESIAN_POINT('Ctrl Pts',(46.162282388586,50.6768953240186,-10.7013968207836));
#2320=CARTESIAN_POINT('Ctrl Pts',(46.0718640133119,50.6343731079976,-10.7013968207836));
#2321=CARTESIAN_POINT('Ctrl Pts',(45.9914055982942,50.5965348910012,-10.7013968207836));
#2322=CARTESIAN_POINT('Ctrl Pts',(45.9060101608265,50.5596777245608,-10.7013968207836));
#2323=CARTESIAN_POINT('Ctrl Pts',(45.8149966670877,50.5240623295148,-10.7013968207836));
#2324=CARTESIAN_POINT('Ctrl Pts',(45.7308525371192,50.4911350534977,-10.7013968207836));
#2325=CARTESIAN_POINT('Ctrl Pts',(45.6419059434994,50.4592697084726,-10.7013968207836));
#2326=CARTESIAN_POINT('Ctrl Pts',(45.547660347701,50.4286669220421,-10.7013968207836));
#2327=CARTESIAN_POINT('Ctrl Pts',(45.4586154496834,50.3997528706886,-10.7013968207836));
#2328=CARTESIAN_POINT('Ctrl Pts',(45.3648399194626,50.3719662055664,-10.7013968207836));
#2329=CARTESIAN_POINT('Ctrl Pts',(45.2659590647653,50.3454653419447,-10.7013968207836));
#2330=CARTESIAN_POINT('Ctrl Pts',(45.1713814272081,50.3201177750953,-10.7013968207836));
#2331=CARTESIAN_POINT('Ctrl Pts',(45.0721329141162,50.2959467620443,-10.7013968207836));
#2332=CARTESIAN_POINT('Ctrl Pts',(44.9679311636287,50.2730768529786,-10.7013968207836));
#2333=CARTESIAN_POINT('Ctrl Pts',(44.8699525608052,50.2515727829752,-10.7013968207836));
#2334=CARTESIAN_POINT('Ctrl Pts',(44.7675946571583,50.2312192209786,-10.7013968207836));
#2335=CARTESIAN_POINT('Ctrl Pts',(44.6606654030476,50.2121044383244,-10.7013968207836));
#2336=CARTESIAN_POINT('Ctrl Pts',(44.556786960002,50.1935350217716,-10.7013968207836));
#2337=CARTESIAN_POINT('Ctrl Pts',(44.4485940886422,50.1761349376811,-10.7013968207836));
#2338=CARTESIAN_POINT('Ctrl Pts',(44.3359543908647,50.1599670824197,-10.7013968207836));
#2339=CARTESIAN_POINT('Ctrl Pts',(44.2246613308338,50.143992518197,-10.7013968207836));
#2340=CARTESIAN_POINT('Ctrl Pts',(44.1090268425711,50.129221146528,-10.7013968207836));
#2341=CARTESIAN_POINT('Ctrl Pts',(43.9889703308962,50.1156921596924,-10.7013968207836));
#2342=CARTESIAN_POINT('Ctrl Pts',(43.8689138192212,50.1021631728567,-10.7013968207836));
#2343=CARTESIAN_POINT('Ctrl Pts',(43.7444349038347,50.0898768597426,-10.7013968207836));
#2344=CARTESIAN_POINT('Ctrl Pts',(43.6155055423509,50.0788467175996,-10.7013968207836));
#2345=CARTESIAN_POINT('',(49.6551615185152,97.2582396199172,-10.7013968207836));
#2346=CARTESIAN_POINT('',(49.6551615185152,56.1176342610471,-10.7013968207836));
#2347=CARTESIAN_POINT('',(43.6155055423509,105.2838219109,-10.7013968207836));
#2348=CARTESIAN_POINT('Ctrl Pts',(43.6155055423509,105.2838219109,-10.7013968207836));
#2349=CARTESIAN_POINT('Ctrl Pts',(43.7409765691008,105.273087635604,-10.7013968207836));
#2350=CARTESIAN_POINT('Ctrl Pts',(43.8622329298494,105.261163790006,-10.7013968207836));
#2351=CARTESIAN_POINT('Ctrl Pts',(43.9792997919992,105.248062474622,-10.7013968207836));
#2352=CARTESIAN_POINT('Ctrl Pts',(44.0996849203681,105.23458980178,-10.7013968207836));
#2353=CARTESIAN_POINT('Ctrl Pts',(44.2156398078906,105.219872123268,-10.7013968207836));
#2354=CARTESIAN_POINT('Ctrl Pts',(44.3272439145029,105.203948095678,-10.7013968207836));
#2355=CARTESIAN_POINT('Ctrl Pts',(44.4428692783886,105.187450302357,-10.7013968207836));
#2356=CARTESIAN_POINT('Ctrl Pts',(44.5538248064253,105.169657848149,-10.7013968207836));
#2357=CARTESIAN_POINT('Ctrl Pts',(44.6602521569037,105.150638052253,-10.7013968207836));
#2358=CARTESIAN_POINT('Ctrl Pts',(44.7712095175857,105.13080869125,-10.7013968207836));
#2359=CARTESIAN_POINT('Ctrl Pts',(44.8772451735011,105.109645529719,-10.7013968207836));
#2360=CARTESIAN_POINT('Ctrl Pts',(44.9785744960823,105.087247489172,-10.7013968207836));
#2361=CARTESIAN_POINT('Ctrl Pts',(45.0845774705883,105.063816375052,-10.7013968207836));
#2362=CARTESIAN_POINT('Ctrl Pts',(45.1854301622937,105.039034117187,-10.7013968207836));
#2363=CARTESIAN_POINT('Ctrl Pts',(45.2814350171045,105.013033872334,-10.7013968207836));
#2364=CARTESIAN_POINT('Ctrl Pts',(45.3827180499311,104.985604179762,-10.7013968207836));
#2365=CARTESIAN_POINT('Ctrl Pts',(45.4786057740877,104.956819162118,-10.7013968207836));
#2366=CARTESIAN_POINT('Ctrl Pts',(45.5695109321923,104.92685281545,-10.7013968207836));
#2367=CARTESIAN_POINT('Ctrl Pts',(45.6670935089364,104.894685297298,-10.7013968207836));
#2368=CARTESIAN_POINT('Ctrl Pts',(45.7589349775209,104.861156950367,-10.7013968207836));
#2369=CARTESIAN_POINT('Ctrl Pts',(45.8456063893606,104.826497386788,-10.7013968207836));
#2370=CARTESIAN_POINT('Ctrl Pts',(45.9417988033828,104.788030411128,-10.7013968207836));
#2371=CARTESIAN_POINT('Ctrl Pts',(46.0316234674851,104.748170940946,-10.7013968207836));
#2372=CARTESIAN_POINT('Ctrl Pts',(46.1159265728235,104.707239803184,-10.7013968207836));
#2373=CARTESIAN_POINT('Ctrl Pts',(46.2061415572286,104.663438309277,-10.7013968207836));
#2374=CARTESIAN_POINT('Ctrl Pts',(46.2900356084058,104.618412355172,-10.7013968207836));
#2375=CARTESIAN_POINT('Ctrl Pts',(46.3686944794214,104.572533385874,-10.7013968207836));
#2376=CARTESIAN_POINT('Ctrl Pts',(46.4375466677776,104.532374311698,-10.7013968207836));
#2377=CARTESIAN_POINT('Ctrl Pts',(46.5023897046555,104.491562525704,-10.7013968207836));
#2378=CARTESIAN_POINT('Ctrl Pts',(46.5639566089692,104.450307745422,-10.7013968207836));
#2379=CARTESIAN_POINT('Ctrl Pts',(46.6203498782832,104.412519716921,-10.7013968207836));
#2380=CARTESIAN_POINT('Ctrl Pts',(46.6739953804959,104.374360332857,-10.7013968207836));
#2381=CARTESIAN_POINT('Ctrl Pts',(46.7254424251148,104.33594757777,-10.7013968207836));
#2382=CARTESIAN_POINT('Ctrl Pts',(46.7756811074111,104.298437042165,-10.7013968207836));
#2383=CARTESIAN_POINT('Ctrl Pts',(46.8238239192346,104.26068473043,-10.7013968207836));
#2384=CARTESIAN_POINT('Ctrl Pts',(46.8703585759082,104.222756831992,-10.7013968207836));
#2385=CARTESIAN_POINT('Ctrl Pts',(46.9157925883053,104.185726009569,-10.7013968207836));
#2386=CARTESIAN_POINT('Ctrl Pts',(46.9596940440229,104.148527635871,-10.7013968207836));
#2387=CARTESIAN_POINT('Ctrl Pts',(47.0024870324384,104.111183746797,-10.7013968207836));
#2388=CARTESIAN_POINT('Ctrl Pts',(47.0441449863967,104.074830361131,-10.7013968207836));
#2389=CARTESIAN_POINT('Ctrl Pts',(47.0847528198053,104.038338905085,-10.7013968207836));
#2390=CARTESIAN_POINT('Ctrl Pts',(47.1246677486456,104.001694286497,-10.7013968207836));
#2391=CARTESIAN_POINT('Ctrl Pts',(47.1613647466316,103.968003947229,-10.7013968207836));
#2392=CARTESIAN_POINT('Ctrl Pts',(47.1974761838868,103.934184408722,-10.7013968207836));
#2393=CARTESIAN_POINT('Ctrl Pts',(47.2332485180142,103.900194903807,-10.7013968207836));
#2394=CARTESIAN_POINT('Ctrl Pts',(47.2663485600799,103.868744508693,-10.7013968207836));
#2395=CARTESIAN_POINT('Ctrl Pts',(47.2991583883336,103.837149011986,-10.7013968207836));
#2396=CARTESIAN_POINT('Ctrl Pts',(47.3318432668419,103.805343858363,-10.7013968207836));
#2397=CARTESIAN_POINT('Ctrl Pts',(47.3627614777123,103.775257821903,-10.7013968207836));
#2398=CARTESIAN_POINT('Ctrl Pts',(47.3935679818279,103.744984472162,-10.7013968207836));
#2399=CARTESIAN_POINT('Ctrl Pts',(47.4243731673237,103.714434191332,-10.7013968207836));
#2400=CARTESIAN_POINT('Ctrl Pts',(47.4538839354966,103.685167616868,-10.7013968207836));
#2401=CARTESIAN_POINT('Ctrl Pts',(47.4833935817444,103.65564712129,-10.7013968207836));
#2402=CARTESIAN_POINT('Ctrl Pts',(47.512969923117,103.625757204379,-10.7013968207836));
#2403=CARTESIAN_POINT('Ctrl Pts',(47.5433232979589,103.595082015702,-10.7013968207836));
#2404=CARTESIAN_POINT('Ctrl Pts',(47.5737472745082,103.564018083541,-10.7013968207836));
#2405=CARTESIAN_POINT('Ctrl Pts',(47.6042794809707,103.532394790102,-10.7013968207836));
#2406=CARTESIAN_POINT('Ctrl Pts',(47.6389832100368,103.496450902161,-10.7013968207836));
#2407=CARTESIAN_POINT('Ctrl Pts',(47.6738271900828,103.459782257355,-10.7013968207836));
#2408=CARTESIAN_POINT('Ctrl Pts',(47.7088137418208,103.422092000261,-10.7013968207836));
#2409=CARTESIAN_POINT('Ctrl Pts',(47.7435161078747,103.384707890271,-10.7013968207836));
#2410=CARTESIAN_POINT('Ctrl Pts',(47.7783579219876,103.346315100184,-10.7013968207836));
#2411=CARTESIAN_POINT('Ctrl Pts',(47.8132975873363,103.306627858555,-10.7013968207836));
#2412=CARTESIAN_POINT('Ctrl Pts',(47.8435176544381,103.272301510745,-10.7013968207836));
#2413=CARTESIAN_POINT('Ctrl Pts',(47.8738099528737,103.237005506985,-10.7013968207836));
#2414=CARTESIAN_POINT('Ctrl Pts',(47.9041277226795,103.200588268518,-10.7013968207836));
#2415=CARTESIAN_POINT('Ctrl Pts',(47.9320151505257,103.167090319406,-10.7013968207836));
#2416=CARTESIAN_POINT('Ctrl Pts',(47.9599237195246,103.132643027102,-10.7013968207836));
#2417=CARTESIAN_POINT('Ctrl Pts',(47.9878074337008,103.097171251464,-10.7013968207836));
#2418=CARTESIAN_POINT('Ctrl Pts',(48.0159666075309,103.061349054682,-10.7013968207836));
#2419=CARTESIAN_POINT('Ctrl Pts',(48.044100299039,103.024481914684,-10.7013968207836));
#2420=CARTESIAN_POINT('Ctrl Pts',(48.0721548618645,102.986546824526,-10.7013968207836));
#2421=CARTESIAN_POINT('Ctrl Pts',(48.1011418360581,102.947350937346,-10.7013968207836));
#2422=CARTESIAN_POINT('Ctrl Pts',(48.1300442433141,102.907015108646,-10.7013968207836));
#2423=CARTESIAN_POINT('Ctrl Pts',(48.1587978070809,102.865570050414,-10.7013968207836));
#2424=CARTESIAN_POINT('Ctrl Pts',(48.1886889816173,102.822485253019,-10.7013968207836));
#2425=CARTESIAN_POINT('Ctrl Pts',(48.2184191835582,102.778201932718,-10.7013968207836));
#2426=CARTESIAN_POINT('Ctrl Pts',(48.2479124022754,102.732811278722,-10.7013968207836));
#2427=CARTESIAN_POINT('Ctrl Pts',(48.2788430044114,102.685208462872,-10.7013968207836));
#2428=CARTESIAN_POINT('Ctrl Pts',(48.3095127974008,102.63638802275,-10.7013968207836));
#2429=CARTESIAN_POINT('Ctrl Pts',(48.3398322144778,102.586512606481,-10.7013968207836));
#2430=CARTESIAN_POINT('Ctrl Pts',(48.3720451364804,102.533522376161,-10.7013968207836));
#2431=CARTESIAN_POINT('Ctrl Pts',(48.4038623078461,102.479341664555,-10.7013968207836));
#2432=CARTESIAN_POINT('Ctrl Pts',(48.4351774722342,102.424223928488,-10.7013968207836));
#2433=CARTESIAN_POINT('Ctrl Pts',(48.4707926231868,102.361537797709,-10.7013968207836));
#2434=CARTESIAN_POINT('Ctrl Pts',(48.5057580879303,102.297639720098,-10.7013968207836));
#2435=CARTESIAN_POINT('Ctrl Pts',(48.5399242100572,102.232973092124,-10.7013968207836));
#2436=CARTESIAN_POINT('Ctrl Pts',(48.5774194214931,102.162005456999,-10.7013968207836));
#2437=CARTESIAN_POINT('Ctrl Pts',(48.6139513780343,102.090113690776,-10.7013968207836));
#2438=CARTESIAN_POINT('Ctrl Pts',(48.6493371070217,102.017950935592,-10.7013968207836));
#2439=CARTESIAN_POINT('Ctrl Pts',(48.6914016962189,101.932167860352,-10.7013968207836));
#2440=CARTESIAN_POINT('Ctrl Pts',(48.7318447948337,101.846005835198,-10.7013968207836));
#2441=CARTESIAN_POINT('Ctrl Pts',(48.7703983282613,101.760610339368,-10.7013968207836));
#2442=CARTESIAN_POINT('Ctrl Pts',(48.8007827751926,101.69330924708,-10.7013968207836));
#2443=CARTESIAN_POINT('Ctrl Pts',(48.8299941195443,101.62648662407,-10.7013968207836));
#2444=CARTESIAN_POINT('Ctrl Pts',(48.857925654279,101.560686309343,-10.7013968207836));
#2445=CARTESIAN_POINT('Ctrl Pts',(48.8826631338891,101.502410458789,-10.7013968207836));
#2446=CARTESIAN_POINT('Ctrl Pts',(48.9063968277237,101.444937260905,-10.7013968207836));
#2447=CARTESIAN_POINT('Ctrl Pts',(48.9290717263581,101.388611977148,-10.7013968207836));
#2448=CARTESIAN_POINT('Ctrl Pts',(48.9501186698868,101.336330593863,-10.7013968207836));
#2449=CARTESIAN_POINT('Ctrl Pts',(48.9702533913628,101.285038671162,-10.7013968207836));
#2450=CARTESIAN_POINT('Ctrl Pts',(48.9894491787302,101.234974285632,-10.7013968207836));
#2451=CARTESIAN_POINT('Ctrl Pts',(49.0076458978973,101.187515562198,-10.7013968207836));
#2452=CARTESIAN_POINT('Ctrl Pts',(49.0249988579076,101.141160252248,-10.7013968207836));
#2453=CARTESIAN_POINT('Ctrl Pts',(49.0415016286097,101.096070152911,-10.7013968207836));
#2454=CARTESIAN_POINT('Ctrl Pts',(49.0573842340597,101.052674515269,-10.7013968207836));
#2455=CARTESIAN_POINT('Ctrl Pts',(49.0724793348322,101.010451050901,-10.7013968207836));
#2456=CARTESIAN_POINT('Ctrl Pts',(49.0867970606895,100.969500591254,-10.7013968207836));
#2457=CARTESIAN_POINT('Ctrl Pts',(49.100689164274,100.929767463736,-10.7013968207836));
#2458=CARTESIAN_POINT('Ctrl Pts',(49.1138494495763,100.891232970418,-10.7013968207836));
#2459=CARTESIAN_POINT('Ctrl Pts',(49.1263022195001,100.853944328497,-10.7013968207836));
#2460=CARTESIAN_POINT('Ctrl Pts',(49.1384324395439,100.817621531688,-10.7013968207836));
#2461=CARTESIAN_POINT('Ctrl Pts',(49.1498913398553,100.782481044326,-10.7013968207836));
#2462=CARTESIAN_POINT('Ctrl Pts',(49.1607155753626,100.748520693701,-10.7013968207836));
#2463=CARTESIAN_POINT('Ctrl Pts',(49.1712913670961,100.715339819619,-10.7013968207836));
#2464=CARTESIAN_POINT('Ctrl Pts',(49.1812613074578,100.683285670951,-10.7013968207836));
#2465=CARTESIAN_POINT('Ctrl Pts',(49.1906730904869,100.65230967679,-10.7013968207836));
#2466=CARTESIAN_POINT('Ctrl Pts',(49.1999048902677,100.621926042231,-10.7013968207836));
#2467=CARTESIAN_POINT('Ctrl Pts',(49.2085996827704,100.59257985897,-10.7013968207836));
#2468=CARTESIAN_POINT('Ctrl Pts',(49.2168154895515,100.564177904864,-10.7013968207836));
#2469=CARTESIAN_POINT('Ctrl Pts',(49.2252653420814,100.534966857167,-10.7013968207836));
#2470=CARTESIAN_POINT('Ctrl Pts',(49.2332084803465,100.50675500225,-10.7013968207836));
#2471=CARTESIAN_POINT('Ctrl Pts',(49.2407226232922,100.479385002933,-10.7013968207836));
#2472=CARTESIAN_POINT('Ctrl Pts',(49.2490749454782,100.448961965445,-10.7013968207836));
#2473=CARTESIAN_POINT('Ctrl Pts',(49.2568976201426,100.419578517205,-10.7013968207836));
#2474=CARTESIAN_POINT('Ctrl Pts',(49.2643129479592,100.390949885791,-10.7013968207836));
#2475=CARTESIAN_POINT('Ctrl Pts',(49.2736679119124,100.354832829131,-10.7013968207836));
#2476=CARTESIAN_POINT('Ctrl Pts',(49.2823760151025,100.319915598938,-10.7013968207836));
#2477=CARTESIAN_POINT('Ctrl Pts',(49.2906923996328,100.285534556008,-10.7013968207836));
#2478=CARTESIAN_POINT('Ctrl Pts',(49.298774505823,100.252122050986,-10.7013968207836));
#2479=CARTESIAN_POINT('Ctrl Pts',(49.3064887950908,100.219210008829,-10.7013968207836));
#2480=CARTESIAN_POINT('Ctrl Pts',(49.3140477984887,100.186178652665,-10.7013968207836));
#2481=CARTESIAN_POINT('Ctrl Pts',(49.3200865529448,100.159790484975,-10.7013968207836));
#2482=CARTESIAN_POINT('Ctrl Pts',(49.3260261914679,100.133324916213,-10.7013968207836));
#2483=CARTESIAN_POINT('Ctrl Pts',(49.3319512804118,100.106497845945,-10.7013968207836));
#2484=CARTESIAN_POINT('Ctrl Pts',(49.3379607861066,100.079288561313,-10.7013968207836));
#2485=CARTESIAN_POINT('Ctrl Pts',(49.34395525295,100.051707434378,-10.7013968207836));
#2486=CARTESIAN_POINT('Ctrl Pts',(49.3499943832386,100.023505781514,-10.7013968207836));
#2487=CARTESIAN_POINT('Ctrl Pts',(49.3566571187204,99.9923920044967,-10.7013968207836));
#2488=CARTESIAN_POINT('Ctrl Pts',(49.3633743224094,99.9605227985605,-10.7013968207836));
#2489=CARTESIAN_POINT('Ctrl Pts',(49.3701914423312,99.9276222964254,-10.7013968207836));
#2490=CARTESIAN_POINT('Ctrl Pts',(49.3774005899924,99.8928298062321,-10.7013968207836));
#2491=CARTESIAN_POINT('Ctrl Pts',(49.3847211805339,99.856884555749,-10.7013968207836));
#2492=CARTESIAN_POINT('Ctrl Pts',(49.3921717519884,99.8195183491357,-10.7013968207836));
#2493=CARTESIAN_POINT('Ctrl Pts',(49.4004116297687,99.7781936027743,-10.7013968207836));
#2494=CARTESIAN_POINT('Ctrl Pts',(49.4088101261498,99.735131616608,-10.7013968207836));
#2495=CARTESIAN_POINT('Ctrl Pts',(49.4173552460885,99.6900290451604,-10.7013968207836));
#2496=CARTESIAN_POINT('Ctrl Pts',(49.4262060591721,99.6433129741946,-10.7013968207836));
#2497=CARTESIAN_POINT('Ctrl Pts',(49.4352137608019,99.5944081039389,-10.7013968207836));
#2498=CARTESIAN_POINT('Ctrl Pts',(49.4443359856592,99.5430233221645,-10.7013968207836));
#2499=CARTESIAN_POINT('Ctrl Pts',(49.4533922620158,99.492010023156,-10.7013968207836));
#2500=CARTESIAN_POINT('Ctrl Pts',(49.4625611788081,99.4385523686075,-10.7013968207836));
#2501=CARTESIAN_POINT('Ctrl Pts',(49.4717770888304,99.3824107808647,-10.7013968207836));
#2502=CARTESIAN_POINT('Ctrl Pts',(49.4809162294305,99.3267368579803,-10.7013968207836));
#2503=CARTESIAN_POINT('Ctrl Pts',(49.4901013594076,99.2684233792366,-10.7013968207836));
#2504=CARTESIAN_POINT('Ctrl Pts',(49.4992479794143,99.2072837617846,-10.7013968207836));
#2505=CARTESIAN_POINT('Ctrl Pts',(49.5086166163643,99.1446600954742,-10.7013968207836));
#2506=CARTESIAN_POINT('Ctrl Pts',(49.517944683747,99.0790710516682,-10.7013968207836));
#2507=CARTESIAN_POINT('Ctrl Pts',(49.5271224910983,99.0103703745825,-10.7013968207836));
#2508=CARTESIAN_POINT('Ctrl Pts',(49.5369117537372,98.9370926356064,-10.7013968207836));
#2509=CARTESIAN_POINT('Ctrl Pts',(49.5465293796993,98.8602751735033,-10.7013968207836));
#2510=CARTESIAN_POINT('Ctrl Pts',(49.5558273050838,98.7798029595959,-10.7013968207836));
#2511=CARTESIAN_POINT('Ctrl Pts',(49.5659120283304,98.6925211227622,-10.7013968207836));
#2512=CARTESIAN_POINT('Ctrl Pts',(49.5756194028811,98.6009405322934,-10.7013968207836));
#2513=CARTESIAN_POINT('Ctrl Pts',(49.5847590261578,98.5049774333353,-10.7013968207836));
#2514=CARTESIAN_POINT('Ctrl Pts',(49.5943284390599,98.4045016818203,-10.7013968207836));
#2515=CARTESIAN_POINT('Ctrl Pts',(49.6032736033762,98.2992231921248,-10.7013968207836));
#2516=CARTESIAN_POINT('Ctrl Pts',(49.6113991328186,98.1890929861048,-10.7013968207836));
#2517=CARTESIAN_POINT('Ctrl Pts',(49.6192151459398,98.0831578416465,-10.7013968207836));
#2518=CARTESIAN_POINT('Ctrl Pts',(49.6262719964805,97.972734312206,-10.7013968207836));
#2519=CARTESIAN_POINT('Ctrl Pts',(49.6324360034457,97.8578018530897,-10.7013968207836));
#2520=CARTESIAN_POINT('Ctrl Pts',(49.6382517162537,97.749363595588,-10.7013968207836));
#2521=CARTESIAN_POINT('Ctrl Pts',(49.6432723215104,97.6369120104528,-10.7013968207836));
#2522=CARTESIAN_POINT('Ctrl Pts',(49.6474290898063,97.5204430366404,-10.7013968207836));
#2523=CARTESIAN_POINT('Ctrl Pts',(49.650471639559,97.4351934816376,-10.7013968207836));
#2524=CARTESIAN_POINT('Ctrl Pts',(49.6530522247419,97.3477918847765,-10.7013968207836));
#2525=CARTESIAN_POINT('Ctrl Pts',(49.6551615185152,97.2582396199172,-10.7013968207836));
#2526=CARTESIAN_POINT('',(23.4967960462438,105.2838219109,-10.7013968207836));
#2527=CARTESIAN_POINT('',(35.6878201357763,105.2838219109,-10.7013968207836));
#2528=CARTESIAN_POINT('',(17.4571400700795,97.2582396199172,-10.7013968207836));
#2529=CARTESIAN_POINT('Ctrl Pts',(17.4571400700795,97.2582396199172,-10.7013968207836));
#2530=CARTESIAN_POINT('Ctrl Pts',(17.4600069513507,97.3799560513432,-10.7013968207836));
#2531=CARTESIAN_POINT('Ctrl Pts',(17.4637465197297,97.4976992022173,-10.7013968207836));
#2532=CARTESIAN_POINT('Ctrl Pts',(17.4683282490009,97.6114665879667,-10.7013968207836));
#2533=CARTESIAN_POINT('Ctrl Pts',(17.4731234572425,97.7305347985673,-10.7013968207836));
#2534=CARTESIAN_POINT('Ctrl Pts',(17.4788407761155,97.8452477097143,-10.7013968207836));
#2535=CARTESIAN_POINT('Ctrl Pts',(17.4853878868772,97.955613491568,-10.7013968207836));
#2536=CARTESIAN_POINT('Ctrl Pts',(17.4922707991294,98.0716399373982,-10.7013968207836));
#2537=CARTESIAN_POINT('Ctrl Pts',(17.500070254326,98.1828613056454,-10.7013968207836));
#2538=CARTESIAN_POINT('Ctrl Pts',(17.5086241133471,98.2893068701896,-10.7013968207836));
#2539=CARTESIAN_POINT('Ctrl Pts',(17.5172004328842,98.3960319369205,-10.7013968207836));
#2540=CARTESIAN_POINT('Ctrl Pts',(17.5265337706232,98.4979549173508,-10.7013968207836));
#2541=CARTESIAN_POINT('Ctrl Pts',(17.5364212117361,98.5951355653866,-10.7013968207836));
#2542=CARTESIAN_POINT('Ctrl Pts',(17.5453810413413,98.6831990023646,-10.7013968207836));
#2543=CARTESIAN_POINT('Ctrl Pts',(17.5547944344786,98.7673673773485,-10.7013968207836));
#2544=CARTESIAN_POINT('Ctrl Pts',(17.5644992832995,98.8477252905511,-10.7013968207836));
#2545=CARTESIAN_POINT('Ctrl Pts',(17.5734151304578,98.9215501264958,-10.7013968207836));
#2546=CARTESIAN_POINT('Ctrl Pts',(17.5825762274565,98.9921585624658,-10.7013968207836));
#2547=CARTESIAN_POINT('Ctrl Pts',(17.5918611460265,99.0596591222172,-10.7013968207836));
#2548=CARTESIAN_POINT('Ctrl Pts',(17.6008505463703,99.1250112898704,-10.7013968207836));
#2549=CARTESIAN_POINT('Ctrl Pts',(17.6099555253029,99.1874499369885,-10.7013968207836));
#2550=CARTESIAN_POINT('Ctrl Pts',(17.619078893969,99.2471211969972,-10.7013968207836));
#2551=CARTESIAN_POINT('Ctrl Pts',(17.6282790950302,99.3072949781689,-10.7013968207836));
#2552=CARTESIAN_POINT('Ctrl Pts',(17.6374977729325,99.3646547039709,-10.7013968207836));
#2553=CARTESIAN_POINT('Ctrl Pts',(17.6466536294601,99.4194002453238,-10.7013968207836));
#2554=CARTESIAN_POINT('Ctrl Pts',(17.6558842565479,99.4745928617029,-10.7013968207836));
#2555=CARTESIAN_POINT('Ctrl Pts',(17.6650507991838,99.5271285825618,-10.7013968207836));
#2556=CARTESIAN_POINT('Ctrl Pts',(17.674091985273,99.5772605333035,-10.7013968207836));
#2557=CARTESIAN_POINT('Ctrl Pts',(17.6831048285629,99.627235327694,-10.7013968207836));
#2558=CARTESIAN_POINT('Ctrl Pts',(17.6919929094959,99.6748216478865,-10.7013968207836));
#2559=CARTESIAN_POINT('Ctrl Pts',(17.7007204528964,99.7203148561898,-10.7013968207836));
#2560=CARTESIAN_POINT('Ctrl Pts',(17.7085517770199,99.7611364302905,-10.7013968207836));
#2561=CARTESIAN_POINT('Ctrl Pts',(17.7162536527162,99.8002724383456,-10.7013968207836));
#2562=CARTESIAN_POINT('Ctrl Pts',(17.7238214208656,99.837969439782,-10.7013968207836));
#2563=CARTESIAN_POINT('Ctrl Pts',(17.7307463006177,99.8724640486032,-10.7013968207836));
#2564=CARTESIAN_POINT('Ctrl Pts',(17.7375586872709,99.9057533455962,-10.7013968207836));
#2565=CARTESIAN_POINT('Ctrl Pts',(17.7442771717182,99.9380619928029,-10.7013968207836));
#2566=CARTESIAN_POINT('Ctrl Pts',(17.7506014893769,99.9684751238687,-10.7013968207836));
#2567=CARTESIAN_POINT('Ctrl Pts',(17.7568424527466,99.9980190103935,-10.7013968207836));
#2568=CARTESIAN_POINT('Ctrl Pts',(17.7630385588762,100.02691902411,-10.7013968207836));
#2569=CARTESIAN_POINT('Ctrl Pts',(17.7689769544857,100.054617018783,-10.7013968207836));
#2570=CARTESIAN_POINT('Ctrl Pts',(17.7748740152316,100.081723339367,-10.7013968207836));
#2571=CARTESIAN_POINT('Ctrl Pts',(17.7807874311335,100.108476222698,-10.7013968207836));
#2572=CARTESIAN_POINT('Ctrl Pts',(17.7870656976094,100.136879726415,-10.7013968207836));
#2573=CARTESIAN_POINT('Ctrl Pts',(17.793361972309,100.164884259875,-10.7013968207836));
#2574=CARTESIAN_POINT('Ctrl Pts',(17.7997785061157,100.192830343407,-10.7013968207836));
#2575=CARTESIAN_POINT('Ctrl Pts',(17.8082264074491,100.22962369063,-10.7013968207836));
#2576=CARTESIAN_POINT('Ctrl Pts',(17.8168825973729,100.266318897049,-10.7013968207836));
#2577=CARTESIAN_POINT('Ctrl Pts',(17.8260470315373,100.30377752055,-10.7013968207836));
#2578=CARTESIAN_POINT('Ctrl Pts',(17.833463068056,100.334089759674,-10.7013968207836));
#2579=CARTESIAN_POINT('Ctrl Pts',(17.8412142312505,100.364906036174,-10.7013968207836));
#2580=CARTESIAN_POINT('Ctrl Pts',(17.8494726418855,100.396668314422,-10.7013968207836));
#2581=CARTESIAN_POINT('Ctrl Pts',(17.8564205818308,100.423390454014,-10.7013968207836));
#2582=CARTESIAN_POINT('Ctrl Pts',(17.863728131085,100.450782930079,-10.7013968207836));
#2583=CARTESIAN_POINT('Ctrl Pts',(17.8714934505586,100.479073487368,-10.7013968207836));
#2584=CARTESIAN_POINT('Ctrl Pts',(17.8787944518963,100.505672444091,-10.7013968207836));
#2585=CARTESIAN_POINT('Ctrl Pts',(17.8865004398326,100.53306594965,-10.7013968207836));
#2586=CARTESIAN_POINT('Ctrl Pts',(17.8946830335678,100.561399443964,-10.7013968207836));
#2587=CARTESIAN_POINT('Ctrl Pts',(17.9029732439435,100.590105577513,-10.7013968207836));
#2588=CARTESIAN_POINT('Ctrl Pts',(17.911752730021,100.6197765812,-10.7013968207836));
#2589=CARTESIAN_POINT('Ctrl Pts',(17.9210821453247,100.650510670426,-10.7013968207836));
#2590=CARTESIAN_POINT('Ctrl Pts',(17.9306218492746,100.681937517965,-10.7013968207836));
#2591=CARTESIAN_POINT('Ctrl Pts',(17.9407365671456,100.714475785474,-10.7013968207836));
#2592=CARTESIAN_POINT('Ctrl Pts',(17.9514764708552,100.748176983754,-10.7013968207836));
#2593=CARTESIAN_POINT('Ctrl Pts',(17.9624881537157,100.782731009332,-10.7013968207836));
#2594=CARTESIAN_POINT('Ctrl Pts',(17.9741570829678,100.818507418681,-10.7013968207836));
#2595=CARTESIAN_POINT('Ctrl Pts',(17.9865218145054,100.855508230206,-10.7013968207836));
#2596=CARTESIAN_POINT('Ctrl Pts',(17.9992428981645,100.893575406791,-10.7013968207836));
#2597=CARTESIAN_POINT('Ctrl Pts',(18.0127004939893,100.932938403737,-10.7013968207836));
#2598=CARTESIAN_POINT('Ctrl Pts',(18.0269200021157,100.973545931959,-10.7013968207836));
#2599=CARTESIAN_POINT('Ctrl Pts',(18.0416261982058,101.015543325078,-10.7013968207836));
#2600=CARTESIAN_POINT('Ctrl Pts',(18.0571473930961,101.058871698162,-10.7013968207836));
#2601=CARTESIAN_POINT('Ctrl Pts',(18.0734936694591,101.103420742803,-10.7013968207836));
#2602=CARTESIAN_POINT('Ctrl Pts',(18.0906163847426,101.150085841972,-10.7013968207836));
#2603=CARTESIAN_POINT('Ctrl Pts',(18.1086444251011,101.198090049272,-10.7013968207836));
#2604=CARTESIAN_POINT('Ctrl Pts',(18.1275694209745,101.247252212474,-10.7013968207836));
#2605=CARTESIAN_POINT('Ctrl Pts',(18.1476961105731,101.299536060005,-10.7013968207836));
#2606=CARTESIAN_POINT('Ctrl Pts',(18.1688372772616,101.353129191278,-10.7013968207836));
#2607=CARTESIAN_POINT('Ctrl Pts',(18.1909607948522,101.407758788908,-10.7013968207836));
#2608=CARTESIAN_POINT('Ctrl Pts',(18.2151367011251,101.467456349506,-10.7013968207836));
#2609=CARTESIAN_POINT('Ctrl Pts',(18.2404857095868,101.528390980753,-10.7013968207836));
#2610=CARTESIAN_POINT('Ctrl Pts',(18.2669399171527,101.590150731697,-10.7013968207836));
#2611=CARTESIAN_POINT('Ctrl Pts',(18.2982386338941,101.663220429438,-10.7013968207836));
#2612=CARTESIAN_POINT('Ctrl Pts',(18.3310846965102,101.737443761897,-10.7013968207836));
#2613=CARTESIAN_POINT('Ctrl Pts',(18.3653272497791,101.812077766722,-10.7013968207836));
#2614=CARTESIAN_POINT('Ctrl Pts',(18.4025051046238,101.893109463631,-10.7013968207836));
#2615=CARTESIAN_POINT('Ctrl Pts',(18.4413289345537,101.974620845885,-10.7013968207836));
#2616=CARTESIAN_POINT('Ctrl Pts',(18.4815647627403,102.055644200795,-10.7013968207836));
#2617=CARTESIAN_POINT('Ctrl Pts',(18.514509648527,102.121985700247,-10.7013968207836));
#2618=CARTESIAN_POINT('Ctrl Pts',(18.5484002287241,102.187998422511,-10.7013968207836));
#2619=CARTESIAN_POINT('Ctrl Pts',(18.5830917714881,102.253177911492,-10.7013968207836));
#2620=CARTESIAN_POINT('Ctrl Pts',(18.6143866392161,102.311975627698,-10.7013968207836));
#2621=CARTESIAN_POINT('Ctrl Pts',(18.6463329907756,102.37009464437,-10.7013968207836));
#2622=CARTESIAN_POINT('Ctrl Pts',(18.6788170608651,102.42720190696,-10.7013968207836));
#2623=CARTESIAN_POINT('Ctrl Pts',(18.7090763717773,102.480398024605,-10.7013968207836));
#2624=CARTESIAN_POINT('Ctrl Pts',(18.7398020945022,102.532715841656,-10.7013968207836));
#2625=CARTESIAN_POINT('Ctrl Pts',(18.7708985206116,102.583927097562,-10.7013968207836));
#2626=CARTESIAN_POINT('Ctrl Pts',(18.8004518537322,102.632597105492,-10.7013968207836));
#2627=CARTESIAN_POINT('Ctrl Pts',(18.8303398246416,102.680267296056,-10.7013968207836));
#2628=CARTESIAN_POINT('Ctrl Pts',(18.8604793690932,102.726785385904,-10.7013968207836));
#2629=CARTESIAN_POINT('Ctrl Pts',(18.8896770527806,102.771849785444,-10.7013968207836));
#2630=CARTESIAN_POINT('Ctrl Pts',(18.9191106891843,102.815832610752,-10.7013968207836));
#2631=CARTESIAN_POINT('Ctrl Pts',(18.9487062413365,102.858642669058,-10.7013968207836));
#2632=CARTESIAN_POINT('Ctrl Pts',(18.9773769324838,102.900114913042,-10.7013968207836));
#2633=CARTESIAN_POINT('Ctrl Pts',(19.0061994662404,102.940486288918,-10.7013968207836));
#2634=CARTESIAN_POINT('Ctrl Pts',(19.0351097703179,102.979723300217,-10.7013968207836));
#2635=CARTESIAN_POINT('Ctrl Pts',(19.063116627393,103.017734154913,-10.7013968207836));
#2636=CARTESIAN_POINT('Ctrl Pts',(19.0912057690531,103.05468026158,-10.7013968207836));
#2637=CARTESIAN_POINT('Ctrl Pts',(19.1193234464169,103.090581333343,-10.7013968207836));
#2638=CARTESIAN_POINT('Ctrl Pts',(19.1484524165003,103.127773638803,-10.7013968207836));
#2639=CARTESIAN_POINT('Ctrl Pts',(19.1776118137299,103.163843986517,-10.7013968207836));
#2640=CARTESIAN_POINT('Ctrl Pts',(19.2067488638145,103.198875775887,-10.7013968207836));
#2641=CARTESIAN_POINT('Ctrl Pts',(19.2391640853588,103.237848946137,-10.7013968207836));
#2642=CARTESIAN_POINT('Ctrl Pts',(19.2715509483203,103.275537566904,-10.7013968207836));
#2643=CARTESIAN_POINT('Ctrl Pts',(19.3038526869245,103.312127811968,-10.7013968207836));
#2644=CARTESIAN_POINT('Ctrl Pts',(19.3402536201796,103.353361476962,-10.7013968207836));
#2645=CARTESIAN_POINT('Ctrl Pts',(19.3765449841205,103.393202869698,-10.7013968207836));
#2646=CARTESIAN_POINT('Ctrl Pts',(19.412682659575,103.431977456808,-10.7013968207836));
#2647=CARTESIAN_POINT('Ctrl Pts',(19.4455716984824,103.467266359264,-10.7013968207836));
#2648=CARTESIAN_POINT('Ctrl Pts',(19.4783333954107,103.50167480483,-10.7013968207836));
#2649=CARTESIAN_POINT('Ctrl Pts',(19.5109721297545,103.535448825911,-10.7013968207836));
#2650=CARTESIAN_POINT('Ctrl Pts',(19.5405875468964,103.566094368485,-10.7013968207836));
#2651=CARTESIAN_POINT('Ctrl Pts',(19.5701018650128,103.596219005766,-10.7013968207836));
#2652=CARTESIAN_POINT('Ctrl Pts',(19.5995500228063,103.62597787119,-10.7013968207836));
#2653=CARTESIAN_POINT('Ctrl Pts',(19.6297162240482,103.656462356143,-10.7013968207836));
#2654=CARTESIAN_POINT('Ctrl Pts',(19.6598130700574,103.686563011185,-10.7013968207836));
#2655=CARTESIAN_POINT('Ctrl Pts',(19.6899129205741,103.716401876509,-10.7013968207836));
#2656=CARTESIAN_POINT('Ctrl Pts',(19.7214063866392,103.747622273833,-10.7013968207836));
#2657=CARTESIAN_POINT('Ctrl Pts',(19.7529032413614,103.77855581368,-10.7013968207836));
#2658=CARTESIAN_POINT('Ctrl Pts',(19.7845225220146,103.809296928077,-10.7013968207836));
#2659=CARTESIAN_POINT('Ctrl Pts',(19.8180267113006,103.841870601302,-10.7013968207836));
#2660=CARTESIAN_POINT('Ctrl Pts',(19.8516684810207,103.874227859017,-10.7013968207836));
#2661=CARTESIAN_POINT('Ctrl Pts',(19.8856275195264,103.906436057515,-10.7013968207836));
#2662=CARTESIAN_POINT('Ctrl Pts',(19.9237979396577,103.942638509716,-10.7013968207836));
#2663=CARTESIAN_POINT('Ctrl Pts',(19.9623691264458,103.978652263935,-10.7013968207836));
#2664=CARTESIAN_POINT('Ctrl Pts',(20.0016432544926,104.014522922667,-10.7013968207836));
#2665=CARTESIAN_POINT('Ctrl Pts',(20.0424873764853,104.051827520733,-10.7013968207836));
#2666=CARTESIAN_POINT('Ctrl Pts',(20.084092212744,104.088976889506,-10.7013968207836));
#2667=CARTESIAN_POINT('Ctrl Pts',(20.1268406298406,104.125982339162,-10.7013968207836));
#2668=CARTESIAN_POINT('Ctrl Pts',(20.1705660657485,104.163833551606,-10.7013968207836));
#2669=CARTESIAN_POINT('Ctrl Pts',(20.2154883588456,104.201534355788,-10.7013968207836));
#2670=CARTESIAN_POINT('Ctrl Pts',(20.2620553112643,104.239056047691,-10.7013968207836));
#2671=CARTESIAN_POINT('Ctrl Pts',(20.3096236039144,104.277384577442,-10.7013968207836));
#2672=CARTESIAN_POINT('Ctrl Pts',(20.3589085440738,104.315526379912,-10.7013968207836));
#2673=CARTESIAN_POINT('Ctrl Pts',(20.4104197870694,104.353406186803,-10.7013968207836));
#2674=CARTESIAN_POINT('Ctrl Pts',(20.4639254003964,104.392752593191,-10.7013968207836));
#2675=CARTESIAN_POINT('Ctrl Pts',(20.5198336329475,104.431816571656,-10.7013968207836));
#2676=CARTESIAN_POINT('Ctrl Pts',(20.5787420360854,104.470462259779,-10.7013968207836));
#2677=CARTESIAN_POINT('Ctrl Pts',(20.6441398512102,104.513365197775,-10.7013968207836));
#2678=CARTESIAN_POINT('Ctrl Pts',(20.7132366009664,104.555752132361,-10.7013968207836));
#2679=CARTESIAN_POINT('Ctrl Pts',(20.7868670256338,104.597374822212,-10.7013968207836));
#2680=CARTESIAN_POINT('Ctrl Pts',(20.865834441666,104.642014470574,-10.7013968207836));
#2681=CARTESIAN_POINT('Ctrl Pts',(20.9500192000567,104.685773304505,-10.7013968207836));
#2682=CARTESIAN_POINT('Ctrl Pts',(21.0404375753304,104.728295520524,-10.7013968207836));
#2683=CARTESIAN_POINT('Ctrl Pts',(21.1208959903463,104.766133737518,-10.7013968207836));
#2684=CARTESIAN_POINT('Ctrl Pts',(21.206291427812,104.802990903957,-10.7013968207836));
#2685=CARTESIAN_POINT('Ctrl Pts',(21.2973049215485,104.838606299001,-10.7013968207836));
#2686=CARTESIAN_POINT('Ctrl Pts',(21.3814490515181,104.871533575017,-10.7013968207836));
#2687=CARTESIAN_POINT('Ctrl Pts',(21.4703956451391,104.903398920042,-10.7013968207836));
#2688=CARTESIAN_POINT('Ctrl Pts',(21.5646412409386,104.934001706472,-10.7013968207836));
#2689=CARTESIAN_POINT('Ctrl Pts',(21.6536861389578,104.962915757825,-10.7013968207836));
#2690=CARTESIAN_POINT('Ctrl Pts',(21.7474616691803,104.990702422947,-10.7013968207836));
#2691=CARTESIAN_POINT('Ctrl Pts',(21.8463425238793,105.017203286568,-10.7013968207836));
#2692=CARTESIAN_POINT('Ctrl Pts',(21.9409201614423,105.042550853418,-10.7013968207836));
#2693=CARTESIAN_POINT('Ctrl Pts',(22.0401686745403,105.06672186647,-10.7013968207836));
#2694=CARTESIAN_POINT('Ctrl Pts',(22.1443704250344,105.089591775536,-10.7013968207836));
#2695=CARTESIAN_POINT('Ctrl Pts',(22.2423490278606,105.111095845539,-10.7013968207836));
#2696=CARTESIAN_POINT('Ctrl Pts',(22.3447069315105,105.131449407535,-10.7013968207836));
#2697=CARTESIAN_POINT('Ctrl Pts',(22.4516361856241,105.150564190189,-10.7013968207836));
#2698=CARTESIAN_POINT('Ctrl Pts',(22.5555146286735,105.169133606741,-10.7013968207836));
#2699=CARTESIAN_POINT('Ctrl Pts',(22.6637075000373,105.186533690831,-10.7013968207836));
#2700=CARTESIAN_POINT('Ctrl Pts',(22.7763471978189,105.202701546092,-10.7013968207836));
#2701=CARTESIAN_POINT('Ctrl Pts',(22.8876402578374,105.218676110312,-10.7013968207836));
#2702=CARTESIAN_POINT('Ctrl Pts',(23.0032747460864,105.233447481979,-10.7013968207836));
#2703=CARTESIAN_POINT('Ctrl Pts',(23.1233312577465,105.246976468812,-10.7013968207836));
#2704=CARTESIAN_POINT('Ctrl Pts',(23.2433877694067,105.260505455646,-10.7013968207836));
#2705=CARTESIAN_POINT('Ctrl Pts',(23.3678666847772,105.272791768758,-10.7013968207836));
#2706=CARTESIAN_POINT('Ctrl Pts',(23.4967960462438,105.2838219109,-10.7013968207836));
#2707=CARTESIAN_POINT('',(17.4571400700795,75.6945395667147,-10.7013968207836));
#2708=CARTESIAN_POINT('Origin',(49.6551615185152,58.104429008582,-0.00139682078359016));
#2709=CARTESIAN_POINT('',(49.6551615185152,58.104429008582,-9.30139682078359));
#2710=CARTESIAN_POINT('',(49.6551615185152,58.104429008582,-0.00139682078359016));
#2711=CARTESIAN_POINT('',(49.6551615185152,97.2582396199172,-9.3013968207836));
#2712=CARTESIAN_POINT('',(49.6551615185152,68.4926342610471,-9.30139682078359));
#2713=CARTESIAN_POINT('',(49.6551615185152,97.2582396199172,-0.00139682078359016));
#2714=CARTESIAN_POINT('Ctrl Pts',(43.6155055423509,50.0788467175996,-0.00139682078359016));
#2715=CARTESIAN_POINT('Ctrl Pts',(43.6155055423509,50.0788467175996,-11.3013968207836));
#2716=CARTESIAN_POINT('Ctrl Pts',(43.9367113708306,50.1063264623569,-0.00139682078359016));
#2717=CARTESIAN_POINT('Ctrl Pts',(43.9367113708306,50.1063264623569,-11.3013968207836));
#2718=CARTESIAN_POINT('Ctrl Pts',(44.5331333854542,50.1742560931588,-0.00139682078359016));
#2719=CARTESIAN_POINT('Ctrl Pts',(44.5331333854542,50.1742560931588,-11.3013968207836));
#2720=CARTESIAN_POINT('Ctrl Pts',(45.2897875761686,50.315098200286,-0.00139682078359016));
#2721=CARTESIAN_POINT('Ctrl Pts',(45.2897875761686,50.315098200286,-11.3013968207836));
#2722=CARTESIAN_POINT('Ctrl Pts',(46.0434428996437,50.5702208461412,-0.00139682078359016));
#2723=CARTESIAN_POINT('Ctrl Pts',(46.0434428996437,50.5702208461412,-11.3013968207836));
#2724=CARTESIAN_POINT('Ctrl Pts',(46.6736596146629,50.9534755321928,-0.00139682078359016));
#2725=CARTESIAN_POINT('Ctrl Pts',(46.6736596146629,50.9534755321928,-11.3013968207836));
#2726=CARTESIAN_POINT('Ctrl Pts',(47.1307223966588,51.3527571060196,-0.00139682078359016));
#2727=CARTESIAN_POINT('Ctrl Pts',(47.1307223966588,51.3527571060196,-11.3013968207836));
#2728=CARTESIAN_POINT('Ctrl Pts',(47.5372579268581,51.7581917715145,-0.00139682078359016));
#2729=CARTESIAN_POINT('Ctrl Pts',(47.5372579268581,51.7581917715145,-11.3013968207836));
#2730=CARTESIAN_POINT('Ctrl Pts',(47.9722882776948,52.1977212826964,-0.00139682078359016));
#2731=CARTESIAN_POINT('Ctrl Pts',(47.9722882776948,52.1977212826964,-11.3013968207836));
#2732=CARTESIAN_POINT('Ctrl Pts',(48.409089748588,52.8388478532659,-0.00139682078359016));
#2733=CARTESIAN_POINT('Ctrl Pts',(48.409089748588,52.8388478532659,-11.3013968207836));
#2734=CARTESIAN_POINT('Ctrl Pts',(48.7944194605235,53.6116444000727,-0.00139682078359016));
#2735=CARTESIAN_POINT('Ctrl Pts',(48.7944194605235,53.6116444000727,-11.3013968207836));
#2736=CARTESIAN_POINT('Ctrl Pts',(49.0819211543196,54.343328707322,-0.00139682078359016));
#2737=CARTESIAN_POINT('Ctrl Pts',(49.0819211543196,54.343328707322,-11.3013968207836));
#2738=CARTESIAN_POINT('Ctrl Pts',(49.2482374500116,54.8792460142387,-0.00139682078359016));
#2739=CARTESIAN_POINT('Ctrl Pts',(49.2482374500116,54.8792460142387,-11.3013968207836));
#2740=CARTESIAN_POINT('Ctrl Pts',(49.3245890367972,55.2159604466175,-0.00139682078359016));
#2741=CARTESIAN_POINT('Ctrl Pts',(49.3245890367972,55.2159604466175,-11.3013968207836));
#2742=CARTESIAN_POINT('Ctrl Pts',(49.410862934588,55.6168052643039,-0.00139682078359016));
#2743=CARTESIAN_POINT('Ctrl Pts',(49.410862934588,55.6168052643039,-11.3013968207836));
#2744=CARTESIAN_POINT('Ctrl Pts',(49.5134980091516,56.1870594503064,-0.00139682078359016));
#2745=CARTESIAN_POINT('Ctrl Pts',(49.5134980091516,56.1870594503064,-11.3013968207836));
#2746=CARTESIAN_POINT('Ctrl Pts',(49.5923635323412,56.8306081070468,-0.00139682078359016));
#2747=CARTESIAN_POINT('Ctrl Pts',(49.5923635323412,56.8306081070468,-11.3013968207836));
#2748=CARTESIAN_POINT('Ctrl Pts',(49.6331703986071,57.4242931815468,-0.00139682078359016));
#2749=CARTESIAN_POINT('Ctrl Pts',(49.6331703986071,57.4242931815468,-11.3013968207836));
#2750=CARTESIAN_POINT('Ctrl Pts',(49.6496279229999,57.8694944454196,-0.00139682078359016));
#2751=CARTESIAN_POINT('Ctrl Pts',(49.6496279229999,57.8694944454196,-11.3013968207836));
#2752=CARTESIAN_POINT('Ctrl Pts',(49.6551615185152,58.104429008582,-0.00139682078359016));
#2753=CARTESIAN_POINT('Ctrl Pts',(49.6551615185152,58.104429008582,-11.3013968207836));
#2754=CARTESIAN_POINT('',(43.6155055423509,50.0788467175996,-9.80139682078359));
#2755=CARTESIAN_POINT('',(43.6155055423509,50.0788467175996,-0.00139682078359016));
#2756=CARTESIAN_POINT('',(46.5601347292018,50.9098033096155,-9.80139682078359));
#2757=CARTESIAN_POINT('Ctrl Pts',(43.6155055423509,50.0788467175996,-9.80139682078359));
#2758=CARTESIAN_POINT('Ctrl Pts',(43.7398350627588,50.0894833349449,-9.80139682078359));
#2759=CARTESIAN_POINT('Ctrl Pts',(43.8600263294655,50.1012879396125,-9.80139682078359));
#2760=CARTESIAN_POINT('Ctrl Pts',(43.976103611098,50.1142488675615,-9.80139682078359));
#2761=CARTESIAN_POINT('Ctrl Pts',(44.0954548952093,50.1275753632568,-9.80139682078359));
#2762=CARTESIAN_POINT('Ctrl Pts',(44.2104569684023,50.1421241780792,-9.80139682078359));
#2763=CARTESIAN_POINT('Ctrl Pts',(44.3211864573836,50.1578580252167,-9.80139682078359));
#2764=CARTESIAN_POINT('Ctrl Pts',(44.4355225360121,50.1741043422547,-9.80139682078359));
#2765=CARTESIAN_POINT('Ctrl Pts',(44.5453033119524,50.1916139570398,-9.80139682078359));
#2766=CARTESIAN_POINT('Ctrl Pts',(44.6506640201097,50.2103225573877,-9.80139682078359));
#2767=CARTESIAN_POINT('Ctrl Pts',(44.7600744887971,50.2297502621588,-9.80139682078359));
#2768=CARTESIAN_POINT('Ctrl Pts',(44.8647187399935,50.2504706559456,-9.80139682078359));
#2769=CARTESIAN_POINT('Ctrl Pts',(44.9647998651174,50.2723903220041,-9.80139682078359));
#2770=CARTESIAN_POINT('Ctrl Pts',(45.0713841114201,50.2957342950375,-9.80139682078359));
#2771=CARTESIAN_POINT('Ctrl Pts',(45.1727929946704,50.3204382398686,-9.80139682078359));
#2772=CARTESIAN_POINT('Ctrl Pts',(45.2693278690213,50.3463692353952,-9.80139682078359));
#2773=CARTESIAN_POINT('Ctrl Pts',(45.3705418236142,50.373557115645,-9.80139682078359));
#2774=CARTESIAN_POINT('Ctrl Pts',(45.4663981098019,50.4020936006352,-9.80139682078359));
#2775=CARTESIAN_POINT('Ctrl Pts',(45.5573012041024,50.4318078593973,-9.80139682078359));
#2776=CARTESIAN_POINT('Ctrl Pts',(45.6538750725606,50.4633757717891,-9.80139682078359));
#2777=CARTESIAN_POINT('Ctrl Pts',(45.7448588783298,50.4962725717282,-9.80139682078359));
#2778=CARTESIAN_POINT('Ctrl Pts',(45.8307955177349,50.5302794189778,-9.80139682078359));
#2779=CARTESIAN_POINT('Ctrl Pts',(45.9291078030198,50.5691835568587,-9.80139682078359));
#2780=CARTESIAN_POINT('Ctrl Pts',(46.0208148172747,50.6095396095565,-9.80139682078359));
#2781=CARTESIAN_POINT('Ctrl Pts',(46.1067992201421,50.6510119023928,-9.80139682078359));
#2782=CARTESIAN_POINT('Ctrl Pts',(46.1938412442193,50.6929943107274,-9.80139682078359));
#2783=CARTESIAN_POINT('Ctrl Pts',(46.2750213347411,50.7361183135807,-9.80139682078359));
#2784=CARTESIAN_POINT('Ctrl Pts',(46.3512996315792,50.7800529310665,-9.80139682078359));
#2785=CARTESIAN_POINT('Ctrl Pts',(46.425218605038,50.8226286302952,-9.80139682078359));
#2786=CARTESIAN_POINT('Ctrl Pts',(46.4945365768135,50.8659637342511,-9.80139682078359));
#2787=CARTESIAN_POINT('Ctrl Pts',(46.5601347291947,50.9098033096107,-9.80139682078359));
#2788=CARTESIAN_POINT('',(46.5601347291986,50.9098033096113,-9.30139682078359));
#2789=CARTESIAN_POINT('Ctrl Pts',(46.5601347292018,50.9098033096155,-9.80139682078359));
#2790=CARTESIAN_POINT('Ctrl Pts',(46.5601347292018,50.9098033096155,-9.63473015411692));
#2791=CARTESIAN_POINT('Ctrl Pts',(46.5601347292018,50.9098033096155,-9.46806348745025));
#2792=CARTESIAN_POINT('Ctrl Pts',(46.5601347292018,50.9098033096155,-9.30139682078359));
#2793=CARTESIAN_POINT('Ctrl Pts',(46.5601347291954,50.9098033096112,-9.30139682078359));
#2794=CARTESIAN_POINT('Ctrl Pts',(46.6166989089089,50.9476054355735,-9.30139682078359));
#2795=CARTESIAN_POINT('Ctrl Pts',(46.6704981480316,50.9857827290945,-9.30139682078359));
#2796=CARTESIAN_POINT('Ctrl Pts',(46.7220835701661,51.0242158733365,-9.30139682078359));
#2797=CARTESIAN_POINT('Ctrl Pts',(46.7724415057028,51.0617344923595,-9.30139682078359));
#2798=CARTESIAN_POINT('Ctrl Pts',(46.8206902575993,51.0994970961974,-9.30139682078359));
#2799=CARTESIAN_POINT('Ctrl Pts',(46.867318900906,51.1374364437873,-9.30139682078359));
#2800=CARTESIAN_POINT('Ctrl Pts',(46.912846009065,51.174479528439,-9.30139682078359));
#2801=CARTESIAN_POINT('Ctrl Pts',(46.9568290775418,51.2116912773813,-9.30139682078359));
#2802=CARTESIAN_POINT('Ctrl Pts',(46.999693615932,51.2490487591067,-9.30139682078359));
#2803=CARTESIAN_POINT('Ctrl Pts',(47.0414382734341,51.2854302375581,-9.30139682078359));
#2804=CARTESIAN_POINT('Ctrl Pts',(47.0821224123612,51.3219501034787,-9.30139682078359));
#2805=CARTESIAN_POINT('Ctrl Pts',(47.1221050745351,51.358622727305,-9.30139682078359));
#2806=CARTESIAN_POINT('Ctrl Pts',(47.1589072665912,51.3923781820916,-9.30139682078359));
#2807=CARTESIAN_POINT('Ctrl Pts',(47.1951152655661,51.4262628191325,-9.30139682078359));
#2808=CARTESIAN_POINT('Ctrl Pts',(47.2309778620385,51.460316904169,-9.30139682078359));
#2809=CARTESIAN_POINT('Ctrl Pts',(47.2641385357724,51.4918053214697,-9.30139682078359));
#2810=CARTESIAN_POINT('Ctrl Pts',(47.2970040104996,51.5234381923673,-9.30139682078359));
#2811=CARTESIAN_POINT('Ctrl Pts',(47.3297409770539,51.5552795296057,-9.30139682078359));
#2812=CARTESIAN_POINT('Ctrl Pts',(47.3606976216072,51.5853892515116,-9.30139682078359));
#2813=CARTESIAN_POINT('Ctrl Pts',(47.3915394561006,51.6156850888094,-9.30139682078359));
#2814=CARTESIAN_POINT('Ctrl Pts',(47.4223779199237,51.6462560970974,-9.30139682078359));
#2815=CARTESIAN_POINT('Ctrl Pts',(47.4519107912531,51.6755328360218,-9.30139682078359));
#2816=CARTESIAN_POINT('Ctrl Pts',(47.4814406591243,51.7050617133398,-9.30139682078359));
#2817=CARTESIAN_POINT('Ctrl Pts',(47.511036174291,51.7349576112714,-9.30139682078359));
#2818=CARTESIAN_POINT('Ctrl Pts',(47.5413240179799,51.7655528645858,-9.30139682078359));
#2819=CARTESIAN_POINT('Ctrl Pts',(47.5716809651018,51.7965321513269,-9.30139682078359));
#2820=CARTESIAN_POINT('Ctrl Pts',(47.6021452251512,51.8280640509403,-9.30139682078359));
#2821=CARTESIAN_POINT('Ctrl Pts',(47.6367461872846,51.8638776260195,-9.30139682078359));
#2822=CARTESIAN_POINT('Ctrl Pts',(47.6714860100167,51.9004061305823,-9.30139682078359));
#2823=CARTESIAN_POINT('Ctrl Pts',(47.7063681022167,51.937943413154,-9.30139682078359));
#2824=CARTESIAN_POINT('Ctrl Pts',(47.7411785546686,51.9754036028309,-9.30139682078359));
#2825=CARTESIAN_POINT('Ctrl Pts',(47.7761299149462,52.0138720588817,-9.30139682078359));
#2826=CARTESIAN_POINT('Ctrl Pts',(47.8111810169618,52.0536380469975,-9.30139682078359));
#2827=CARTESIAN_POINT('Ctrl Pts',(47.8414758673913,52.0880079980938,-9.30139682078359));
#2828=CARTESIAN_POINT('Ctrl Pts',(47.8718442387188,52.1233485609765,-9.30139682078359));
#2829=CARTESIAN_POINT('Ctrl Pts',(47.9022393525814,52.1598134844042,-9.30139682078359));
#2830=CARTESIAN_POINT('Ctrl Pts',(47.9301472155444,52.1932944606749,-9.30139682078359));
#2831=CARTESIAN_POINT('Ctrl Pts',(47.9580772062865,52.2277239760366,-9.30139682078359));
#2832=CARTESIAN_POINT('Ctrl Pts',(47.9859833869974,52.2631784483357,-9.30139682078359));
#2833=CARTESIAN_POINT('Ctrl Pts',(48.014125024565,52.2989320657843,-9.30139682078359));
#2834=CARTESIAN_POINT('Ctrl Pts',(48.0422423099691,52.3357281523788,-9.30139682078359));
#2835=CARTESIAN_POINT('Ctrl Pts',(48.0702818207978,52.3735908362724,-9.30139682078359));
#2836=CARTESIAN_POINT('Ctrl Pts',(48.0992499726079,52.4127074949641,-9.30139682078359));
#2837=CARTESIAN_POINT('Ctrl Pts',(48.1281350223087,52.4529623945373,-9.30139682078359));
#2838=CARTESIAN_POINT('Ctrl Pts',(48.1568729363627,52.4943260622041,-9.30139682078359));
#2839=CARTESIAN_POINT('Ctrl Pts',(48.1867431385488,52.5373194789862,-9.30139682078359));
#2840=CARTESIAN_POINT('Ctrl Pts',(48.2164542646051,52.581510543745,-9.30139682078359));
#2841=CARTESIAN_POINT('Ctrl Pts',(48.2459305771205,52.6268094898803,-9.30139682078359));
#2842=CARTESIAN_POINT('Ctrl Pts',(48.2768362434951,52.6743050548579,-9.30139682078359));
#2843=CARTESIAN_POINT('Ctrl Pts',(48.3074836087277,52.7230182801408,-9.30139682078359));
#2844=CARTESIAN_POINT('Ctrl Pts',(48.3377834309893,52.7727882504731,-9.30139682078359));
#2845=CARTESIAN_POINT('Ctrl Pts',(48.3699655400047,52.8256500328659,-9.30139682078359));
#2846=CARTESIAN_POINT('Ctrl Pts',(48.4017553416255,52.87970355581,-9.30139682078359));
#2847=CARTESIAN_POINT('Ctrl Pts',(48.4330469845318,52.93469763506,-9.30139682078359));
#2848=CARTESIAN_POINT('Ctrl Pts',(48.468604050756,52.9971880617752,-9.30139682078359));
#2849=CARTESIAN_POINT('Ctrl Pts',(48.5035175459562,53.0608928646182,-9.30139682078359));
#2850=CARTESIAN_POINT('Ctrl Pts',(48.5376386837459,53.1253730855524,-9.30139682078359));
#2851=CARTESIAN_POINT('Ctrl Pts',(48.5750207723448,53.1960156692402,-9.30139682078359));
#2852=CARTESIAN_POINT('Ctrl Pts',(48.6114512802348,53.2675875017452,-9.30139682078359));
#2853=CARTESIAN_POINT('Ctrl Pts',(48.6467490487394,53.3394444550114,-9.30139682078359));
#2854=CARTESIAN_POINT('Ctrl Pts',(48.6890117976935,53.4254802727177,-9.30139682078359));
#2855=CARTESIAN_POINT('Ctrl Pts',(48.7296488894151,53.5119209227783,-9.30139682078359));
#2856=CARTESIAN_POINT('Ctrl Pts',(48.7683887946476,53.597610288366,-9.30139682078359));
#2857=CARTESIAN_POINT('Ctrl Pts',(48.7989280907821,53.6651606061986,-9.30139682078359));
#2858=CARTESIAN_POINT('Ctrl Pts',(48.8282889423689,53.7322416079683,-9.30139682078359));
#2859=CARTESIAN_POINT('Ctrl Pts',(48.8563630324483,53.798303214263,-9.30139682078359));
#2860=CARTESIAN_POINT('Ctrl Pts',(48.8811878552062,53.8567189158129,-9.30139682078359));
#2861=CARTESIAN_POINT('Ctrl Pts',(48.9050065985755,53.914336738784,-9.30139682078359));
#2862=CARTESIAN_POINT('Ctrl Pts',(48.9277635416742,53.9708087145746,-9.30139682078359));
#2863=CARTESIAN_POINT('Ctrl Pts',(48.9488744576107,54.0231960290094,-9.30139682078359));
#2864=CARTESIAN_POINT('Ctrl Pts',(48.9690716177778,54.0745967981487,-9.30139682078359));
#2865=CARTESIAN_POINT('Ctrl Pts',(48.9883278438454,54.124771185405,-9.30139682078359));
#2866=CARTESIAN_POINT('Ctrl Pts',(49.0065757058431,54.1723181601474,-9.30139682078359));
#2867=CARTESIAN_POINT('Ctrl Pts',(49.0239785813732,54.2187635004509,-9.30139682078359));
#2868=CARTESIAN_POINT('Ctrl Pts',(49.0405296796043,54.2639440656268,-9.30139682078359));
#2869=CARTESIAN_POINT('Ctrl Pts',(49.0564548059943,54.3074158764246,-9.30139682078359));
#2870=CARTESIAN_POINT('Ctrl Pts',(49.0715913509821,54.3497165023704,-9.30139682078359));
#2871=CARTESIAN_POINT('Ctrl Pts',(49.0859491372065,54.3907439813555,-9.30139682078359));
#2872=CARTESIAN_POINT('Ctrl Pts',(49.0998787698057,54.4305480082297,-9.30139682078359));
#2873=CARTESIAN_POINT('Ctrl Pts',(49.1130754225362,54.4691534969675,-9.30139682078359));
#2874=CARTESIAN_POINT('Ctrl Pts',(49.1255631344021,54.5065122031535,-9.30139682078359));
#2875=CARTESIAN_POINT('Ctrl Pts',(49.1377265578981,54.5429007561154,-9.30139682078359));
#2876=CARTESIAN_POINT('Ctrl Pts',(49.1492174013597,54.5781062777166,-9.30139682078359));
#2877=CARTESIAN_POINT('Ctrl Pts',(49.1600720865349,54.6121299839896,-9.30139682078359));
#2878=CARTESIAN_POINT('Ctrl Pts',(49.1706770588563,54.6453709723252,-9.30139682078359));
#2879=CARTESIAN_POINT('Ctrl Pts',(49.1806748194751,54.6774837537707,-9.30139682078359));
#2880=CARTESIAN_POINT('Ctrl Pts',(49.1901128518678,54.7085159936667,-9.30139682078359));
#2881=CARTESIAN_POINT('Ctrl Pts',(49.1993680594844,54.7389471059048,-9.30139682078359));
#2882=CARTESIAN_POINT('Ctrl Pts',(49.2080850211069,54.7683389971176,-9.30139682078359));
#2883=CARTESIAN_POINT('Ctrl Pts',(49.2163215263801,54.7967839550588,-9.30139682078359));
#2884=CARTESIAN_POINT('Ctrl Pts',(49.2247791604371,54.8259925862749,-9.30139682078359));
#2885=CARTESIAN_POINT('Ctrl Pts',(49.2327301419213,54.8542023539374,-9.30139682078359));
#2886=CARTESIAN_POINT('Ctrl Pts',(49.2402515784854,54.8815688051208,-9.30139682078359));
#2887=CARTESIAN_POINT('Ctrl Pts',(49.2486005637929,54.9119462598663,-9.30139682078359));
#2888=CARTESIAN_POINT('Ctrl Pts',(49.2564206664803,54.9412851594556,-9.30139682078359));
#2889=CARTESIAN_POINT('Ctrl Pts',(49.2638329521169,54.9698667482788,-9.30139682078359));
#2890=CARTESIAN_POINT('Ctrl Pts',(49.2731508645397,55.0057963865326,-9.30139682078359));
#2891=CARTESIAN_POINT('Ctrl Pts',(49.2818257146684,55.0405307147872,-9.30139682078359));
#2892=CARTESIAN_POINT('Ctrl Pts',(49.290107955803,55.0747196996019,-9.30139682078359));
#2893=CARTESIAN_POINT('Ctrl Pts',(49.2986819762296,55.1101131455786,-9.30139682078359));
#2894=CARTESIAN_POINT('Ctrl Pts',(49.306838102391,55.1449291893396,-9.30139682078359));
#2895=CARTESIAN_POINT('Ctrl Pts',(49.3148280480956,55.1799023820325,-9.30139682078359));
#2896=CARTESIAN_POINT('Ctrl Pts',(49.3208437349957,55.2062339473417,-9.30139682078359));
#2897=CARTESIAN_POINT('Ctrl Pts',(49.3267649467542,55.2326555915576,-9.30139682078359));
#2898=CARTESIAN_POINT('Ctrl Pts',(49.3326745203719,55.2594475536676,-9.30139682078359));
#2899=CARTESIAN_POINT('Ctrl Pts',(49.3386933205498,55.2867347112096,-9.30139682078359));
#2900=CARTESIAN_POINT('Ctrl Pts',(49.3446999643893,55.3144059266656,-9.30139682078359));
#2901=CARTESIAN_POINT('Ctrl Pts',(49.350753359232,55.3427093316024,-9.30139682078359));
#2902=CARTESIAN_POINT('Ctrl Pts',(49.3574042900522,55.3738065907608,-9.30139682078359));
#2903=CARTESIAN_POINT('Ctrl Pts',(49.3641117346735,55.4056670965899,-9.30139682078359));
#2904=CARTESIAN_POINT('Ctrl Pts',(49.3709196229301,55.4385627703344,-9.30139682078359));
#2905=CARTESIAN_POINT('Ctrl Pts',(49.3781584620759,55.4735407960969,-9.30139682078359));
#2906=CARTESIAN_POINT('Ctrl Pts',(49.3855105940309,55.5096886762681,-9.30139682078359));
#2907=CARTESIAN_POINT('Ctrl Pts',(49.3929936234697,55.5472753017605,-9.30139682078359));
#2908=CARTESIAN_POINT('Ctrl Pts',(49.401270424313,55.5888489740429,-9.30139682078359));
#2909=CARTESIAN_POINT('Ctrl Pts',(49.4097069893518,55.6321820526882,-9.30139682078359));
#2910=CARTESIAN_POINT('Ctrl Pts',(49.4182901243945,55.6775791317609,-9.30139682078359));
#2911=CARTESIAN_POINT('Ctrl Pts',(49.4271497249075,55.7244384649809,-9.30139682078359));
#2912=CARTESIAN_POINT('Ctrl Pts',(49.4361650983639,55.7734965738719,-9.30139682078359));
#2913=CARTESIAN_POINT('Ctrl Pts',(49.4452929865275,55.8250427989748,-9.30139682078359));
#2914=CARTESIAN_POINT('Ctrl Pts',(49.4543544889074,55.8762141359881,-9.30139682078359));
#2915=CARTESIAN_POINT('Ctrl Pts',(49.4635266426905,55.9298376998134,-9.30139682078359));
#2916=CARTESIAN_POINT('Ctrl Pts',(49.4727430652934,55.9861512280815,-9.30139682078359));
#2917=CARTESIAN_POINT('Ctrl Pts',(49.4818824053867,56.0419937722953,-9.30139682078359));
#2918=CARTESIAN_POINT('Ctrl Pts',(49.4910650530607,56.1004816241199,-9.30139682078359));
#2919=CARTESIAN_POINT('Ctrl Pts',(49.5002059257173,56.1617994924046,-9.30139682078359));
#2920=CARTESIAN_POINT('Ctrl Pts',(49.5095874470793,56.2247316557547,-9.30139682078359));
#2921=CARTESIAN_POINT('Ctrl Pts',(49.5189247940953,56.2906451840513,-9.30139682078359));
#2922=CARTESIAN_POINT('Ctrl Pts',(49.5281071319702,56.3596851446445,-9.30139682078359));
#2923=CARTESIAN_POINT('Ctrl Pts',(49.5379101282482,56.4333916980246,-9.30139682078359));
#2924=CARTESIAN_POINT('Ctrl Pts',(49.5475357471884,56.5106612642704,-9.30139682078359));
#2925=CARTESIAN_POINT('Ctrl Pts',(49.556834472294,56.591607805042,-9.30139682078359));
#2926=CARTESIAN_POINT('Ctrl Pts',(49.5669231525165,56.6794310018432,-9.30139682078359));
#2927=CARTESIAN_POINT('Ctrl Pts',(49.5766257593484,56.7715817256058,-9.30139682078359));
#2928=CARTESIAN_POINT('Ctrl Pts',(49.585750543805,56.8681426141167,-9.30139682078359));
#2929=CARTESIAN_POINT('Ctrl Pts',(49.5952663055623,56.9688409280885,-9.30139682078359));
#2930=CARTESIAN_POINT('Ctrl Pts',(49.6041518354616,57.0743337731219,-9.30139682078359));
#2931=CARTESIAN_POINT('Ctrl Pts',(49.6122136356285,57.1846688452505,-9.30139682078359));
#2932=CARTESIAN_POINT('Ctrl Pts',(49.6199662435526,57.2907722634418,-9.30139682078359));
#2933=CARTESIAN_POINT('Ctrl Pts',(49.6269563372414,57.4013528938864,-9.30139682078359));
#2934=CARTESIAN_POINT('Ctrl Pts',(49.6330523778857,57.5164305547449,-9.30139682078359));
#2935=CARTESIAN_POINT('Ctrl Pts',(49.638807216292,57.6250671897448,-9.30139682078359));
#2936=CARTESIAN_POINT('Ctrl Pts',(49.6437649718844,57.7377110922026,-9.30139682078359));
#2937=CARTESIAN_POINT('Ctrl Pts',(49.6478587518153,57.8543659462152,-9.30139682078359));
#2938=CARTESIAN_POINT('Ctrl Pts',(49.6507153994813,57.9357679321693,-9.30139682078359));
#2939=CARTESIAN_POINT('Ctrl Pts',(49.6531522329407,58.0191226960028,-9.30139682078359));
#2940=CARTESIAN_POINT('Ctrl Pts',(49.6551615185152,58.104429008582,-9.30139682078359));
#2941=CARTESIAN_POINT('Origin',(23.4967960462438,50.0788467175996,-0.00139682078359016));
#2942=CARTESIAN_POINT('',(23.4967960462438,50.0788467175996,-9.80139682078359));
#2943=CARTESIAN_POINT('',(23.4967960462438,50.0788467175996,-0.00139682078359016));
#2944=CARTESIAN_POINT('',(28.5284653877228,50.0788467175996,-9.80139682078359));
#2945=CARTESIAN_POINT('Ctrl Pts',(17.4571400700795,58.104429008582,-0.00139682078359016));
#2946=CARTESIAN_POINT('Ctrl Pts',(17.4571400700795,58.104429008582,-11.3013968207836));
#2947=CARTESIAN_POINT('Ctrl Pts',(17.4626736655948,57.8694944454196,-0.00139682078359016));
#2948=CARTESIAN_POINT('Ctrl Pts',(17.4626736655948,57.8694944454196,-11.3013968207836));
#2949=CARTESIAN_POINT('Ctrl Pts',(17.4791311899875,57.4242931815468,-0.00139682078359016));
#2950=CARTESIAN_POINT('Ctrl Pts',(17.4791311899875,57.4242931815468,-11.3013968207836));
#2951=CARTESIAN_POINT('Ctrl Pts',(17.5199380562535,56.8306081070468,-0.00139682078359016));
#2952=CARTESIAN_POINT('Ctrl Pts',(17.5199380562535,56.8306081070468,-11.3013968207836));
#2953=CARTESIAN_POINT('Ctrl Pts',(17.598803579443,56.1870594503064,-0.00139682078359016));
#2954=CARTESIAN_POINT('Ctrl Pts',(17.598803579443,56.1870594503064,-11.3013968207836));
#2955=CARTESIAN_POINT('Ctrl Pts',(17.7014386540067,55.6168052643039,-0.00139682078359016));
#2956=CARTESIAN_POINT('Ctrl Pts',(17.7014386540067,55.6168052643039,-11.3013968207836));
#2957=CARTESIAN_POINT('Ctrl Pts',(17.7877125517974,55.2159604466175,-0.00139682078359016));
#2958=CARTESIAN_POINT('Ctrl Pts',(17.7877125517974,55.2159604466175,-11.3013968207836));
#2959=CARTESIAN_POINT('Ctrl Pts',(17.8640641385831,54.8792460142387,-0.00139682078359016));
#2960=CARTESIAN_POINT('Ctrl Pts',(17.8640641385831,54.8792460142387,-11.3013968207836));
#2961=CARTESIAN_POINT('Ctrl Pts',(18.0303804342751,54.343328707322,-0.00139682078359016));
#2962=CARTESIAN_POINT('Ctrl Pts',(18.0303804342751,54.343328707322,-11.3013968207836));
#2963=CARTESIAN_POINT('Ctrl Pts',(18.3178821280712,53.6116444000727,-0.00139682078359016));
#2964=CARTESIAN_POINT('Ctrl Pts',(18.3178821280712,53.6116444000727,-11.3013968207836));
#2965=CARTESIAN_POINT('Ctrl Pts',(18.7032118400067,52.8388478532659,-0.00139682078359016));
#2966=CARTESIAN_POINT('Ctrl Pts',(18.7032118400067,52.8388478532659,-11.3013968207836));
#2967=CARTESIAN_POINT('Ctrl Pts',(19.1400133108998,52.1977212826964,-0.00139682078359016));
#2968=CARTESIAN_POINT('Ctrl Pts',(19.1400133108998,52.1977212826964,-11.3013968207836));
#2969=CARTESIAN_POINT('Ctrl Pts',(19.5750436617365,51.7581917715145,-0.00139682078359016));
#2970=CARTESIAN_POINT('Ctrl Pts',(19.5750436617365,51.7581917715145,-11.3013968207836));
#2971=CARTESIAN_POINT('Ctrl Pts',(19.9815791919359,51.3527571060196,-0.00139682078359016));
#2972=CARTESIAN_POINT('Ctrl Pts',(19.9815791919359,51.3527571060196,-11.3013968207836));
#2973=CARTESIAN_POINT('Ctrl Pts',(20.4386419739318,50.9534755321928,-0.00139682078359016));
#2974=CARTESIAN_POINT('Ctrl Pts',(20.4386419739318,50.9534755321928,-11.3013968207836));
#2975=CARTESIAN_POINT('Ctrl Pts',(21.0688586889509,50.5702208461412,-0.00139682078359016));
#2976=CARTESIAN_POINT('Ctrl Pts',(21.0688586889509,50.5702208461412,-11.3013968207836));
#2977=CARTESIAN_POINT('Ctrl Pts',(21.8225140124261,50.315098200286,-0.00139682078359016));
#2978=CARTESIAN_POINT('Ctrl Pts',(21.8225140124261,50.315098200286,-11.3013968207836));
#2979=CARTESIAN_POINT('Ctrl Pts',(22.5791682031404,50.1742560931588,-0.00139682078359016));
#2980=CARTESIAN_POINT('Ctrl Pts',(22.5791682031404,50.1742560931588,-11.3013968207836));
#2981=CARTESIAN_POINT('Ctrl Pts',(23.175590217764,50.1063264623569,-0.00139682078359016));
#2982=CARTESIAN_POINT('Ctrl Pts',(23.175590217764,50.1063264623569,-11.3013968207836));
#2983=CARTESIAN_POINT('Ctrl Pts',(23.4967960462438,50.0788467175996,-0.00139682078359016));
#2984=CARTESIAN_POINT('Ctrl Pts',(23.4967960462438,50.0788467175996,-11.3013968207836));
#2985=CARTESIAN_POINT('',(17.4571400700795,58.104429008582,-9.30139682078359));
#2986=CARTESIAN_POINT('',(17.4571400700795,58.104429008582,-0.00139682078359016));
#2987=CARTESIAN_POINT('',(20.5601347292128,50.9044930638799,-9.30139682078359));
#2988=CARTESIAN_POINT('Ctrl Pts',(17.4571400700795,58.104429008582,-9.30139682078359));
#2989=CARTESIAN_POINT('Ctrl Pts',(17.4599889535719,57.9834766916078,-9.30139682078359));
#2990=CARTESIAN_POINT('Ctrl Pts',(17.4636995467998,57.8664479167973,-9.30139682078359));
#2991=CARTESIAN_POINT('Ctrl Pts',(17.4682420581808,57.7533451457284,-9.30139682078359));
#2992=CARTESIAN_POINT('Ctrl Pts',(17.4729919946558,57.6350777529486,-9.30139682078359));
#2993=CARTESIAN_POINT('Ctrl Pts',(17.4786512101816,57.521103494873,-9.30139682078359));
#2994=CARTESIAN_POINT('Ctrl Pts',(17.4851298437262,57.4114145071437,-9.30139682078359));
#2995=CARTESIAN_POINT('Ctrl Pts',(17.491938791995,57.2961329994051,-9.30139682078359));
#2996=CARTESIAN_POINT('Ctrl Pts',(17.4996523151194,57.1855854347489,-9.30139682078359));
#2997=CARTESIAN_POINT('Ctrl Pts',(17.5081126356675,57.0797435648895,-9.30139682078359));
#2998=CARTESIAN_POINT('Ctrl Pts',(17.5168090282779,56.9709483425694,-9.30139682078359));
#2999=CARTESIAN_POINT('Ctrl Pts',(17.5262932368104,56.8671264232265,-9.30139682078359));
#3000=CARTESIAN_POINT('Ctrl Pts',(17.5363518156613,56.7682153029657,-9.30139682078359));
#3001=CARTESIAN_POINT('Ctrl Pts',(17.5454355369354,56.6788904529375,-9.30139682078359));
#3002=CARTESIAN_POINT('Ctrl Pts',(17.5549861233854,56.5935715045647,-9.30139682078359));
#3003=CARTESIAN_POINT('Ctrl Pts',(17.5648345196148,56.5121699900751,-9.30139682078359));
#3004=CARTESIAN_POINT('Ctrl Pts',(17.5738481226701,56.4376684242756,-9.30139682078359));
#3005=CARTESIAN_POINT('Ctrl Pts',(17.5831104068119,56.3664486486434,-9.30139682078359));
#3006=CARTESIAN_POINT('Ctrl Pts',(17.5924963481639,56.2983978826507,-9.30139682078359));
#3007=CARTESIAN_POINT('Ctrl Pts',(17.6014806918445,56.2332588149243,-9.30139682078359));
#3008=CARTESIAN_POINT('Ctrl Pts',(17.610577878657,56.1710235967278,-9.30139682078359));
#3009=CARTESIAN_POINT('Ctrl Pts',(17.6196914331999,56.111545465101,-9.30139682078359));
#3010=CARTESIAN_POINT('Ctrl Pts',(17.6288810542871,56.0515708975438,-9.30139682078359));
#3011=CARTESIAN_POINT('Ctrl Pts',(17.638087095906,55.9943994919363,-9.30139682078359));
#3012=CARTESIAN_POINT('Ctrl Pts',(17.6472289911562,55.9398310769919,-9.30139682078359));
#3013=CARTESIAN_POINT('Ctrl Pts',(17.656447083758,55.8848078363698,-9.30139682078359));
#3014=CARTESIAN_POINT('Ctrl Pts',(17.6655997239591,55.8324310007939,-9.30139682078359));
#3015=CARTESIAN_POINT('Ctrl Pts',(17.6746263148901,55.7824473163606,-9.30139682078359));
#3016=CARTESIAN_POINT('Ctrl Pts',(17.6840511061516,55.7302586444837,-9.30139682078359));
#3017=CARTESIAN_POINT('Ctrl Pts',(17.6933380358558,55.6806790306812,-9.30139682078359));
#3018=CARTESIAN_POINT('Ctrl Pts',(17.702447441988,55.633368084025,-9.30139682078359));
#3019=CARTESIAN_POINT('Ctrl Pts',(17.7103517571263,55.5923159422672,-9.30139682078359));
#3020=CARTESIAN_POINT('Ctrl Pts',(17.7181222869396,55.5529721155291,-9.30139682078359));
#3021=CARTESIAN_POINT('Ctrl Pts',(17.7257563006333,55.5150779269984,-9.30139682078359));
#3022=CARTESIAN_POINT('Ctrl Pts',(17.7327107641317,55.4805569316852,-9.30139682078359));
#3023=CARTESIAN_POINT('Ctrl Pts',(17.7395517481092,55.4472393637323,-9.30139682078359));
#3024=CARTESIAN_POINT('Ctrl Pts',(17.7463007589751,55.4148915242454,-9.30139682078359));
#3025=CARTESIAN_POINT('Ctrl Pts',(17.7526413135731,55.3845014053866,-9.30139682078359));
#3026=CARTESIAN_POINT('Ctrl Pts',(17.7589005519788,55.3549674627601,-9.30139682078359));
#3027=CARTESIAN_POINT('Ctrl Pts',(17.7651204010289,55.326056045227,-9.30139682078359));
#3028=CARTESIAN_POINT('Ctrl Pts',(17.7710540965216,55.2984747411598,-9.30139682078359));
#3029=CARTESIAN_POINT('Ctrl Pts',(17.7769518331818,55.2714602119191,-9.30139682078359));
#3030=CARTESIAN_POINT('Ctrl Pts',(17.7828744372678,55.2447686694865,-9.30139682078359));
#3031=CARTESIAN_POINT('Ctrl Pts',(17.7890478103303,55.2169469804701,-9.30139682078359));
#3032=CARTESIAN_POINT('Ctrl Pts',(17.7952480100839,55.1894763105858,-9.30139682078359));
#3033=CARTESIAN_POINT('Ctrl Pts',(17.8015751500499,55.162028794601,-9.30139682078359));
#3034=CARTESIAN_POINT('Ctrl Pts',(17.8101497291012,55.1248317518866,-9.30139682078359));
#3035=CARTESIAN_POINT('Ctrl Pts',(17.8189571724159,55.0876738801512,-9.30139682078359));
#3036=CARTESIAN_POINT('Ctrl Pts',(17.8283115590711,55.0496621283986,-9.30139682078359));
#3037=CARTESIAN_POINT('Ctrl Pts',(17.8359504338556,55.0186213961003,-9.30139682078359));
#3038=CARTESIAN_POINT('Ctrl Pts',(17.8439564339815,54.9870069575334,-9.30139682078359));
#3039=CARTESIAN_POINT('Ctrl Pts',(17.8525124075983,54.9543545117895,-9.30139682078359));
#3040=CARTESIAN_POINT('Ctrl Pts',(17.8596317647709,54.9271846730053,-9.30139682078359));
#3041=CARTESIAN_POINT('Ctrl Pts',(17.8671324707726,54.8992955202626,-9.30139682078359));
#3042=CARTESIAN_POINT('Ctrl Pts',(17.8751140424514,54.8704599622379,-9.30139682078359));
#3043=CARTESIAN_POINT('Ctrl Pts',(17.8825266225417,54.843680038194,-9.30139682078359));
#3044=CARTESIAN_POINT('Ctrl Pts',(17.8903542230607,54.816083361843,-9.30139682078359));
#3045=CARTESIAN_POINT('Ctrl Pts',(17.8986657464491,54.7875339573373,-9.30139682078359));
#3046=CARTESIAN_POINT('Ctrl Pts',(17.9070976334883,54.7585711135146,-9.30139682078359));
#3047=CARTESIAN_POINT('Ctrl Pts',(17.9160275779792,54.7286278546653,-9.30139682078359));
#3048=CARTESIAN_POINT('Ctrl Pts',(17.9255137460928,54.6976145532857,-9.30139682078359));
#3049=CARTESIAN_POINT('Ctrl Pts',(17.935211790328,54.6659085614606,-9.30139682078359));
#3050=CARTESIAN_POINT('Ctrl Pts',(17.945491195677,54.6330843272686,-9.30139682078359));
#3051=CARTESIAN_POINT('Ctrl Pts',(17.9563996436916,54.5990984030264,-9.30139682078359));
#3052=CARTESIAN_POINT('Ctrl Pts',(17.96758133291,54.5642611794203,-9.30139682078359));
#3053=CARTESIAN_POINT('Ctrl Pts',(17.9794239904804,54.5282034919328,-9.30139682078359));
#3054=CARTESIAN_POINT('Ctrl Pts',(17.9919636856462,54.4909307525425,-9.30139682078359));
#3055=CARTESIAN_POINT('Ctrl Pts',(18.0050690523642,54.4519766223317,-9.30139682078359));
#3056=CARTESIAN_POINT('Ctrl Pts',(18.0189358326665,54.4116953910582,-9.30139682078359));
#3057=CARTESIAN_POINT('Ctrl Pts',(18.0335879506959,54.3701482572131,-9.30139682078359));
#3058=CARTESIAN_POINT('Ctrl Pts',(18.0488028557763,54.3270053002324,-9.30139682078359));
#3059=CARTESIAN_POINT('Ctrl Pts',(18.0648646361642,54.2824975227115,-9.30139682078359));
#3060=CARTESIAN_POINT('Ctrl Pts',(18.0817809537169,54.2367495421923,-9.30139682078359));
#3061=CARTESIAN_POINT('Ctrl Pts',(18.0995849771532,54.1886008765748,-9.30139682078359));
#3062=CARTESIAN_POINT('Ctrl Pts',(18.1183355760002,54.1390787313297,-9.30139682078359));
#3063=CARTESIAN_POINT('Ctrl Pts',(18.1380203373009,54.088385766901,-9.30139682078359));
#3064=CARTESIAN_POINT('Ctrl Pts',(18.1590992564506,54.0341025128484,-9.30139682078359));
#3065=CARTESIAN_POINT('Ctrl Pts',(18.1812493550257,53.9784771558964,-9.30139682078359));
#3066=CARTESIAN_POINT('Ctrl Pts',(18.2044313829919,53.9218171122011,-9.30139682078359));
#3067=CARTESIAN_POINT('Ctrl Pts',(18.2300756886533,53.8591389253992,-9.30139682078359));
#3068=CARTESIAN_POINT('Ctrl Pts',(18.2569828415164,53.7951953188815,-9.30139682078359));
#3069=CARTESIAN_POINT('Ctrl Pts',(18.2850704446805,53.7304629531109,-9.30139682078359));
#3070=CARTESIAN_POINT('Ctrl Pts',(18.3187960725824,53.6527368592024,-9.30139682078359));
#3071=CARTESIAN_POINT('Ctrl Pts',(18.354223983822,53.5738756031813,-9.30139682078359));
#3072=CARTESIAN_POINT('Ctrl Pts',(18.3911667393011,53.4947672039502,-9.30139682078359));
#3073=CARTESIAN_POINT('Ctrl Pts',(18.427233140507,53.4175354103703,-9.30139682078359));
#3074=CARTESIAN_POINT('Ctrl Pts',(18.4647426426432,53.340072226214,-9.30139682078359));
#3075=CARTESIAN_POINT('Ctrl Pts',(18.5034875373532,53.2632056221586,-9.30139682078359));
#3076=CARTESIAN_POINT('Ctrl Pts',(18.5373717569989,53.1959821875687,-9.30139682078359));
#3077=CARTESIAN_POINT('Ctrl Pts',(18.5722001351074,53.1292166983563,-9.30139682078359));
#3078=CARTESIAN_POINT('Ctrl Pts',(18.6078180387162,53.0634276323955,-9.30139682078359));
#3079=CARTESIAN_POINT('Ctrl Pts',(18.6397512484785,53.0044444854234,-9.30139682078359));
#3080=CARTESIAN_POINT('Ctrl Pts',(18.6723187551669,52.9462467444293,-9.30139682078359));
#3081=CARTESIAN_POINT('Ctrl Pts',(18.705401924895,52.8891643931308,-9.30139682078359));
#3082=CARTESIAN_POINT('Ctrl Pts',(18.736149475007,52.8361119658246,-9.30139682078359));
#3083=CARTESIAN_POINT('Ctrl Pts',(18.7673422411042,52.7840233652696,-9.30139682078359));
#3084=CARTESIAN_POINT('Ctrl Pts',(18.7988817359414,52.7331175145659,-9.30139682078359));
#3085=CARTESIAN_POINT('Ctrl Pts',(18.8286883056697,52.6850086657588,-9.30139682078359));
#3086=CARTESIAN_POINT('Ctrl Pts',(18.8588043625846,52.6379564543275,-9.30139682078359));
#3087=CARTESIAN_POINT('Ctrl Pts',(18.8891466726177,52.5920982837338,-9.30139682078359));
#3088=CARTESIAN_POINT('Ctrl Pts',(18.9181784636489,52.548220779869,-9.30139682078359));
#3089=CARTESIAN_POINT('Ctrl Pts',(18.947417255496,52.505436624944,-9.30139682078359));
#3090=CARTESIAN_POINT('Ctrl Pts',(18.9767922508698,52.4638178604321,-9.30139682078359));
#3091=CARTESIAN_POINT('Ctrl Pts',(19.0051232342409,52.4236782617595,-9.30139682078359));
#3092=CARTESIAN_POINT('Ctrl Pts',(19.0335808135439,52.3846228720013,-9.30139682078359));
#3093=CARTESIAN_POINT('Ctrl Pts',(19.0621051039578,52.3466673945998,-9.30139682078359));
#3094=CARTESIAN_POINT('Ctrl Pts',(19.089775453776,52.3098482021861,-9.30139682078359));
#3095=CARTESIAN_POINT('Ctrl Pts',(19.1175085021144,52.2740642097639,-9.30139682078359));
#3096=CARTESIAN_POINT('Ctrl Pts',(19.1452543271902,52.2392803504933,-9.30139682078359));
#3097=CARTESIAN_POINT('Ctrl Pts',(19.1753554324609,52.201543768259,-9.30139682078359));
#3098=CARTESIAN_POINT('Ctrl Pts',(19.2054712217166,52.164984505142,-9.30139682078359));
#3099=CARTESIAN_POINT('Ctrl Pts',(19.235546742093,52.1294910317381,-9.30139682078359));
#3100=CARTESIAN_POINT('Ctrl Pts',(19.2693365494939,52.08961416127,-9.30139682078359));
#3101=CARTESIAN_POINT('Ctrl Pts',(19.3030746105771,52.0510813937182,-9.30139682078359));
#3102=CARTESIAN_POINT('Ctrl Pts',(19.3367042769156,52.013662595207,-9.30139682078359));
#3103=CARTESIAN_POINT('Ctrl Pts',(19.3730301460824,51.9732438064681,-9.30139682078359));
#3104=CARTESIAN_POINT('Ctrl Pts',(19.4092282075316,51.9341213861068,-9.30139682078359));
#3105=CARTESIAN_POINT('Ctrl Pts',(19.4452687551613,51.8959633685433,-9.30139682078359));
#3106=CARTESIAN_POINT('Ctrl Pts',(19.4768567770514,51.8625194734487,-9.30139682078359));
#3107=CARTESIAN_POINT('Ctrl Pts',(19.5083240524286,51.8298139084114,-9.30139682078359));
#3108=CARTESIAN_POINT('Ctrl Pts',(19.5396861149582,51.7976346116707,-9.30139682078359));
#3109=CARTESIAN_POINT('Ctrl Pts',(19.5691532048614,51.767399666849,-9.30139682078359));
#3110=CARTESIAN_POINT('Ctrl Pts',(19.5985274725481,51.7376282037268,-9.30139682078359));
#3111=CARTESIAN_POINT('Ctrl Pts',(19.6278540296624,51.7081796854364,-9.30139682078359));
#3112=CARTESIAN_POINT('Ctrl Pts',(19.6582171214071,51.6776903218498,-9.30139682078359));
#3113=CARTESIAN_POINT('Ctrl Pts',(19.6885291740729,51.647547359366,-9.30139682078359));
#3114=CARTESIAN_POINT('Ctrl Pts',(19.7188747773429,51.6176393359789,-9.30139682078359));
#3115=CARTESIAN_POINT('Ctrl Pts',(19.7515676093577,51.5854179305981,-9.30139682078359));
#3116=CARTESIAN_POINT('Ctrl Pts',(19.7842993353793,51.553469326312,-9.30139682078359));
#3117=CARTESIAN_POINT('Ctrl Pts',(19.8172149811626,51.5217025908281,-9.30139682078359));
#3118=CARTESIAN_POINT('Ctrl Pts',(19.8522797983593,51.4878617000852,-9.30139682078359));
#3119=CARTESIAN_POINT('Ctrl Pts',(19.88755349618,51.4542276731976,-9.30139682078359));
#3120=CARTESIAN_POINT('Ctrl Pts',(19.9232534249736,51.4207388986977,-9.30139682078359));
#3121=CARTESIAN_POINT('Ctrl Pts',(19.9618479370637,51.3845348233396,-9.30139682078359));
#3122=CARTESIAN_POINT('Ctrl Pts',(20.0009408875687,51.3485013112668,-9.30139682078359));
#3123=CARTESIAN_POINT('Ctrl Pts',(20.0408511115882,51.3126051794042,-9.30139682078359));
#3124=CARTESIAN_POINT('Ctrl Pts',(20.0825750043173,51.2750777940781,-9.30139682078359));
#3125=CARTESIAN_POINT('Ctrl Pts',(20.1251924007896,51.237700460838,-9.30139682078359));
#3126=CARTESIAN_POINT('Ctrl Pts',(20.1691086576596,51.2004740230018,-9.30139682078359));
#3127=CARTESIAN_POINT('Ctrl Pts',(20.2138216494668,51.1625722178706,-9.30139682078359));
#3128=CARTESIAN_POINT('Ctrl Pts',(20.2598815126514,51.1248266963696,-9.30139682078359));
#3129=CARTESIAN_POINT('Ctrl Pts',(20.3077521263173,51.0872799666647,-9.30139682078359));
#3130=CARTESIAN_POINT('Ctrl Pts',(20.3569682045798,51.0486779382772,-9.30139682078359));
#3131=CARTESIAN_POINT('Ctrl Pts',(20.4080987482928,51.0102858067811,-9.30139682078359));
#3132=CARTESIAN_POINT('Ctrl Pts',(20.4616783742591,50.9721962619281,-9.30139682078359));
#3133=CARTESIAN_POINT('Ctrl Pts',(20.4935890084876,50.949511117868,-9.30139682078359));
#3134=CARTESIAN_POINT('Ctrl Pts',(20.526368903513,50.926934222219,-9.30139682078359));
#3135=CARTESIAN_POINT('Ctrl Pts',(20.5601347292238,50.9044930638799,-9.30139682078359));
#3136=CARTESIAN_POINT('',(20.5601347292018,50.9044930638945,-9.80139682078359));
#3137=CARTESIAN_POINT('Ctrl Pts',(20.5601347292018,50.9044930638945,-9.30139682078359));
#3138=CARTESIAN_POINT('Ctrl Pts',(20.5601347292018,50.9044930638945,-9.46806348745025));
#3139=CARTESIAN_POINT('Ctrl Pts',(20.5601347292018,50.9044930638945,-9.63473015411692));
#3140=CARTESIAN_POINT('Ctrl Pts',(20.5601347292018,50.9044930638945,-9.80139682078359));
#3141=CARTESIAN_POINT('Ctrl Pts',(20.5601347292018,50.9044930638945,-9.80139682078359));
#3142=CARTESIAN_POINT('Ctrl Pts',(20.838959817049,50.7191826853185,-9.80139682078359));
#3143=CARTESIAN_POINT('Ctrl Pts',(21.1714280206995,50.5521733220344,-9.80139682078359));
#3144=CARTESIAN_POINT('Ctrl Pts',(22.1597866662966,50.2411618568145,-9.80139682078359));
#3145=CARTESIAN_POINT('Ctrl Pts',(22.7925992050836,50.1390920423671,-9.80139682078359));
#3146=CARTESIAN_POINT('Ctrl Pts',(23.4967960462438,50.0788467175996,-9.80139682078359));
#3147=CARTESIAN_POINT('Origin',(33.5601347292018,52.4944504101346,-9.80139682078359));
#3148=CARTESIAN_POINT('',(20.5601347292018,48.259833185884,-9.80139682078359));
#3149=CARTESIAN_POINT('',(20.5601347292018,56.729067634385,-9.80139682078359));
#3150=CARTESIAN_POINT('',(46.5601347292018,48.259833185884,-9.80139682078359));
#3151=CARTESIAN_POINT('',(20.5601347292018,48.259833185884,-9.80139682078359));
#3152=CARTESIAN_POINT('',(46.5601347292018,48.259833185884,-9.80139682078359));
#3153=CARTESIAN_POINT('Origin',(46.5601347292018,56.729067634385,-0.00139682078359016));
#3154=CARTESIAN_POINT('',(46.5601347292018,48.259833185884,-9.30139682078359));
#3155=CARTESIAN_POINT('',(46.5601347292018,48.259833185884,-0.00139682078359016));
#3156=CARTESIAN_POINT('',(46.5601347292018,67.8049535739486,-9.30139682078359));
#3157=CARTESIAN_POINT('Origin',(46.5601347292018,48.259833185884,-0.00139682078359016));
#3158=CARTESIAN_POINT('',(20.5601347292018,48.259833185884,-9.30139682078359));
#3159=CARTESIAN_POINT('',(37.5388913570743,48.259833185884,-9.30139682078359));
#3160=CARTESIAN_POINT('',(20.5601347292018,48.259833185884,-0.00139682078359016));
#3161=CARTESIAN_POINT('Origin',(20.5601347292018,48.259833185884,-0.00139682078359016));
#3162=CARTESIAN_POINT('',(20.5601347292018,63.5703363496981,-9.30139682078359));
#3163=CARTESIAN_POINT('Origin',(6.76013472920182,5.72777051999349,-0.00139682078358128));
#3164=CARTESIAN_POINT('',(6.76013472920182,46.1277705199935,-9.30139682078359));
#3165=CARTESIAN_POINT('',(6.76013472920182,5.72777051999349,-9.30139682078358));
#3166=CARTESIAN_POINT('',(6.76013472920182,46.1277705199935,-0.00139682078359016));
#3167=CARTESIAN_POINT('Origin',(6.76013472920182,46.1277705199935,-0.00139682078359016));
#3168=CARTESIAN_POINT('',(49.1601347292018,46.1277705199935,-9.30139682078359));
#3169=CARTESIAN_POINT('',(6.76013472920182,46.1277705199935,-9.30139682078359));
#3170=CARTESIAN_POINT('',(49.1601347292018,46.1277705199935,-0.00139682078359016));
#3171=CARTESIAN_POINT('Origin',(49.1601347292018,46.1277705199935,-0.00139682078359016));
#3172=CARTESIAN_POINT('',(49.1601347292018,46.1277705199935,-9.30139682078359));
#3173=CARTESIAN_POINT('Origin',(27.9601347292018,25.9277705199935,-9.30139682078359));
#3174=CARTESIAN_POINT('Origin',(50.2801347292018,109.630839513512,-0.00139682078359016));
#3175=CARTESIAN_POINT('',(50.2801347292018,109.630839513512,-9.3013968207836));
#3176=CARTESIAN_POINT('',(50.2801347292018,109.630839513512,-0.00139682078359016));
#3177=CARTESIAN_POINT('',(50.2801347292018,48.1308395135122,-9.30139682078359));
#3178=CARTESIAN_POINT('',(50.2801347292018,109.630839513512,-9.3013968207836));
#3179=CARTESIAN_POINT('',(50.2801347292018,48.1308395135122,-0.00139682078359016));
#3180=CARTESIAN_POINT('Origin',(50.2801347292018,48.1308395135122,-0.00139682078359016));
#3181=CARTESIAN_POINT('',(6.75516124069176,48.1308395135122,-9.30139682078359));
#3182=CARTESIAN_POINT('',(50.2801347292018,48.1308395135122,-9.30139682078359));
#3183=CARTESIAN_POINT('',(6.75516124069176,48.1308395135122,-0.00139682078359016));
#3184=CARTESIAN_POINT('Origin',(6.75516124069176,48.1308395135122,-0.00139682078359016));
#3185=CARTESIAN_POINT('',(6.75516124069176,109.630839513512,-9.3013968207836));
#3186=CARTESIAN_POINT('',(6.75516124069176,48.1308395135122,-9.30139682078359));
#3187=CARTESIAN_POINT('',(6.75516124069176,109.630839513512,-0.00139682078359016));
#3188=CARTESIAN_POINT('Origin',(6.75516124069176,109.630839513512,-0.00139682078359016));
#3189=CARTESIAN_POINT('',(6.75516124069176,109.630839513512,-9.3013968207836));
#3190=CARTESIAN_POINT('Origin',(28.5176479849468,78.8808395135122,-9.30139682078359));
#3191=CARTESIAN_POINT('',(17.4571400700795,97.2582396199172,-9.3013968207836));
#3192=CARTESIAN_POINT('',(17.4571400700795,88.0695395667147,-9.30139682078359));
#3193=CARTESIAN_POINT('',(23.4967960462438,105.2838219109,-9.3013968207836));
#3194=CARTESIAN_POINT('Ctrl Pts',(23.4967960462438,105.2838219109,-9.30139682078359));
#3195=CARTESIAN_POINT('Ctrl Pts',(23.3713250194939,105.273087635604,-9.30139682078359));
#3196=CARTESIAN_POINT('Ctrl Pts',(23.2500686587453,105.261163790006,-9.30139682078359));
#3197=CARTESIAN_POINT('Ctrl Pts',(23.1330017965955,105.248062474622,-9.30139682078359));
#3198=CARTESIAN_POINT('Ctrl Pts',(23.0126166682233,105.23458980178,-9.30139682078359));
#3199=CARTESIAN_POINT('Ctrl Pts',(22.8966617806976,105.219872123268,-9.30139682078359));
#3200=CARTESIAN_POINT('Ctrl Pts',(22.7850576740825,105.203948095676,-9.30139682078359));
#3201=CARTESIAN_POINT('Ctrl Pts',(22.6694323101948,105.187450302355,-9.30139682078359));
#3202=CARTESIAN_POINT('Ctrl Pts',(22.5584767821562,105.169657848146,-9.30139682078359));
#3203=CARTESIAN_POINT('Ctrl Pts',(22.4520494316761,105.150638052251,-9.30139682078359));
#3204=CARTESIAN_POINT('Ctrl Pts',(22.3410920709918,105.130808691247,-9.30139682078359));
#3205=CARTESIAN_POINT('Ctrl Pts',(22.2350564150742,105.109645529715,-9.30139682078359));
#3206=CARTESIAN_POINT('Ctrl Pts',(22.1337270924911,105.087247489167,-9.30139682078359));
#3207=CARTESIAN_POINT('Ctrl Pts',(22.0277241179798,105.063816375046,-9.30139682078359));
#3208=CARTESIAN_POINT('Ctrl Pts',(21.9268714262696,105.039034117179,-9.30139682078359));
#3209=CARTESIAN_POINT('Ctrl Pts',(21.8308665714545,105.013033872325,-9.30139682078359));
#3210=CARTESIAN_POINT('Ctrl Pts',(21.7295835386282,104.985604179751,-9.30139682078359));
#3211=CARTESIAN_POINT('Ctrl Pts',(21.6336958144719,104.956819162107,-9.30139682078359));
#3212=CARTESIAN_POINT('Ctrl Pts',(21.5427906563677,104.926852815439,-9.30139682078359));
#3213=CARTESIAN_POINT('Ctrl Pts',(21.4452080796235,104.894685297286,-9.30139682078359));
#3214=CARTESIAN_POINT('Ctrl Pts',(21.3533666110389,104.861156950354,-9.30139682078359));
#3215=CARTESIAN_POINT('Ctrl Pts',(21.2666951991992,104.826497386774,-9.30139682078359));
#3216=CARTESIAN_POINT('Ctrl Pts',(21.1705027851741,104.788030411112,-9.30139682078359));
#3217=CARTESIAN_POINT('Ctrl Pts',(21.0806781210694,104.748170940928,-9.30139682078359));
#3218=CARTESIAN_POINT('Ctrl Pts',(20.9963750157289,104.707239803164,-9.30139682078359));
#3219=CARTESIAN_POINT('Ctrl Pts',(20.9061600313265,104.663438309256,-9.30139682078359));
#3220=CARTESIAN_POINT('Ctrl Pts',(20.8222659801519,104.618412355152,-9.30139682078359));
#3221=CARTESIAN_POINT('Ctrl Pts',(20.7436071091386,104.572533385854,-9.30139682078359));
#3222=CARTESIAN_POINT('Ctrl Pts',(20.6747549207851,104.532374311678,-9.30139682078359));
#3223=CARTESIAN_POINT('Ctrl Pts',(20.6099118839098,104.491562525685,-9.30139682078359));
#3224=CARTESIAN_POINT('Ctrl Pts',(20.5483449795984,104.450307745404,-9.30139682078359));
#3225=CARTESIAN_POINT('Ctrl Pts',(20.4919517102835,104.412519716901,-9.30139682078359));
#3226=CARTESIAN_POINT('Ctrl Pts',(20.4383062080702,104.374360332836,-9.30139682078359));
#3227=CARTESIAN_POINT('Ctrl Pts',(20.3868591634506,104.335947577748,-9.30139682078359));
#3228=CARTESIAN_POINT('Ctrl Pts',(20.3366204811557,104.298437042144,-9.30139682078359));
#3229=CARTESIAN_POINT('Ctrl Pts',(20.2884776693337,104.260684730409,-9.30139682078359));
#3230=CARTESIAN_POINT('Ctrl Pts',(20.2419430126613,104.222756831972,-9.30139682078359));
#3231=CARTESIAN_POINT('Ctrl Pts',(20.196509000265,104.185726009548,-9.30139682078359));
#3232=CARTESIAN_POINT('Ctrl Pts',(20.1526075445482,104.148527635851,-9.30139682078359));
#3233=CARTESIAN_POINT('Ctrl Pts',(20.1098145561334,104.111183746777,-9.30139682078359));
#3234=CARTESIAN_POINT('Ctrl Pts',(20.0681566021769,104.074830361112,-9.30139682078359));
#3235=CARTESIAN_POINT('Ctrl Pts',(20.02754876877,104.038338905068,-9.30139682078359));
#3236=CARTESIAN_POINT('Ctrl Pts',(19.9876338399312,104.001694286481,-9.30139682078359));
#3237=CARTESIAN_POINT('Ctrl Pts',(19.9509368419457,103.968003947213,-9.30139682078359));
#3238=CARTESIAN_POINT('Ctrl Pts',(19.9148254046907,103.934184408706,-9.30139682078359));
#3239=CARTESIAN_POINT('Ctrl Pts',(19.8790530705636,103.900194903791,-9.30139682078359));
#3240=CARTESIAN_POINT('Ctrl Pts',(19.8459530284983,103.868744508678,-9.30139682078359));
#3241=CARTESIAN_POINT('Ctrl Pts',(19.8131432002449,103.837149011971,-9.30139682078359));
#3242=CARTESIAN_POINT('Ctrl Pts',(19.7804583217369,103.805343858348,-9.30139682078359));
#3243=CARTESIAN_POINT('Ctrl Pts',(19.7495401108669,103.775257821888,-9.30139682078359));
#3244=CARTESIAN_POINT('Ctrl Pts',(19.7187336067516,103.744984472147,-9.30139682078359));
#3245=CARTESIAN_POINT('Ctrl Pts',(19.6879284212562,103.714434191317,-9.30139682078359));
#3246=CARTESIAN_POINT('Ctrl Pts',(19.6584176530828,103.685167616853,-9.30139682078359));
#3247=CARTESIAN_POINT('Ctrl Pts',(19.6289080068346,103.655647121274,-9.30139682078359));
#3248=CARTESIAN_POINT('Ctrl Pts',(19.5993316654616,103.625757204363,-9.30139682078359));
#3249=CARTESIAN_POINT('Ctrl Pts',(19.568978290618,103.595082015684,-9.30139682078359));
#3250=CARTESIAN_POINT('Ctrl Pts',(19.5385543140669,103.564018083521,-9.30139682078359));
#3251=CARTESIAN_POINT('Ctrl Pts',(19.5080221076026,103.53239479008,-9.30139682078359));
#3252=CARTESIAN_POINT('Ctrl Pts',(19.4733183785353,103.496450902137,-9.30139682078359));
#3253=CARTESIAN_POINT('Ctrl Pts',(19.4384743984882,103.45978225733,-9.30139682078359));
#3254=CARTESIAN_POINT('Ctrl Pts',(19.4034878467489,103.422092000234,-9.30139682078359));
#3255=CARTESIAN_POINT('Ctrl Pts',(19.3687854806962,103.384707890245,-9.30139682078359));
#3256=CARTESIAN_POINT('Ctrl Pts',(19.3339436665845,103.346315100159,-9.30139682078359));
#3257=CARTESIAN_POINT('Ctrl Pts',(19.2990040012372,103.306627858531,-9.30139682078359));
#3258=CARTESIAN_POINT('Ctrl Pts',(19.2687839341361,103.272301510721,-9.30139682078359));
#3259=CARTESIAN_POINT('Ctrl Pts',(19.2384916357014,103.237005506962,-9.30139682078359));
#3260=CARTESIAN_POINT('Ctrl Pts',(19.2081738658964,103.200588268495,-9.30139682078359));
#3261=CARTESIAN_POINT('Ctrl Pts',(19.1802864380516,103.167090319385,-9.30139682078359));
#3262=CARTESIAN_POINT('Ctrl Pts',(19.1523778690541,103.132643027082,-9.30139682078359));
#3263=CARTESIAN_POINT('Ctrl Pts',(19.1244941548792,103.097171251446,-9.30139682078359));
#3264=CARTESIAN_POINT('Ctrl Pts',(19.0963349810488,103.061349054662,-9.30139682078359));
#3265=CARTESIAN_POINT('Ctrl Pts',(19.0682012895404,103.024481914663,-9.30139682078359));
#3266=CARTESIAN_POINT('Ctrl Pts',(19.0401467267146,102.986546824505,-9.30139682078359));
#3267=CARTESIAN_POINT('Ctrl Pts',(19.0111597525208,102.947350937324,-9.30139682078359));
#3268=CARTESIAN_POINT('Ctrl Pts',(18.9822573452645,102.907015108623,-9.30139682078359));
#3269=CARTESIAN_POINT('Ctrl Pts',(18.9535037814974,102.865570050391,-9.30139682078359));
#3270=CARTESIAN_POINT('Ctrl Pts',(18.9236126069607,102.822485252995,-9.30139682078359));
#3271=CARTESIAN_POINT('Ctrl Pts',(18.8938824050195,102.778201932692,-9.30139682078359));
#3272=CARTESIAN_POINT('Ctrl Pts',(18.8643891863021,102.732811278696,-9.30139682078359));
#3273=CARTESIAN_POINT('Ctrl Pts',(18.8334585841659,102.685208462844,-9.30139682078359));
#3274=CARTESIAN_POINT('Ctrl Pts',(18.8027887911763,102.636388022721,-9.30139682078359));
#3275=CARTESIAN_POINT('Ctrl Pts',(18.7724693740992,102.586512606452,-9.30139682078359));
#3276=CARTESIAN_POINT('Ctrl Pts',(18.7402564520968,102.533522376131,-9.30139682078359));
#3277=CARTESIAN_POINT('Ctrl Pts',(18.7084392807315,102.479341664526,-9.30139682078359));
#3278=CARTESIAN_POINT('Ctrl Pts',(18.6771241163438,102.424223928459,-9.30139682078359));
#3279=CARTESIAN_POINT('Ctrl Pts',(18.6415089653907,102.361537797678,-9.30139682078359));
#3280=CARTESIAN_POINT('Ctrl Pts',(18.6065435006468,102.297639720066,-9.30139682078359));
#3281=CARTESIAN_POINT('Ctrl Pts',(18.5723773785195,102.23297309209,-9.30139682078359));
#3282=CARTESIAN_POINT('Ctrl Pts',(18.5348821670828,102.162005456962,-9.30139682078359));
#3283=CARTESIAN_POINT('Ctrl Pts',(18.4983502105408,102.090113690737,-9.30139682078359));
#3284=CARTESIAN_POINT('Ctrl Pts',(18.4629644815527,102.017950935551,-9.30139682078359));
#3285=CARTESIAN_POINT('Ctrl Pts',(18.4208998923611,101.932167860321,-9.30139682078359));
#3286=CARTESIAN_POINT('Ctrl Pts',(18.3804567937515,101.846005835177,-9.30139682078359));
#3287=CARTESIAN_POINT('Ctrl Pts',(18.3419032603288,101.760610339357,-9.30139682078359));
#3288=CARTESIAN_POINT('Ctrl Pts',(18.3115188133981,101.693309247071,-9.30139682078359));
#3289=CARTESIAN_POINT('Ctrl Pts',(18.282307469047,101.626486624063,-9.30139682078359));
#3290=CARTESIAN_POINT('Ctrl Pts',(18.2543759343129,101.560686309336,-9.30139682078359));
#3291=CARTESIAN_POINT('Ctrl Pts',(18.2296384547031,101.502410458784,-9.30139682078359));
#3292=CARTESIAN_POINT('Ctrl Pts',(18.2059047608689,101.4449372609,-9.30139682078359));
#3293=CARTESIAN_POINT('Ctrl Pts',(18.1832298622349,101.388611977144,-9.30139682078359));
#3294=CARTESIAN_POINT('Ctrl Pts',(18.1621829187065,101.336330593859,-9.30139682078359));
#3295=CARTESIAN_POINT('Ctrl Pts',(18.1420481972307,101.285038671159,-9.30139682078359));
#3296=CARTESIAN_POINT('Ctrl Pts',(18.1228524098635,101.234974285629,-9.30139682078359));
#3297=CARTESIAN_POINT('Ctrl Pts',(18.1046556906972,101.187515562198,-9.30139682078359));
#3298=CARTESIAN_POINT('Ctrl Pts',(18.0873027306876,101.141160252249,-9.30139682078359));
#3299=CARTESIAN_POINT('Ctrl Pts',(18.070799959986,101.096070152913,-9.30139682078359));
#3300=CARTESIAN_POINT('Ctrl Pts',(18.0549173545366,101.052674515273,-9.30139682078359));
#3301=CARTESIAN_POINT('Ctrl Pts',(18.0398222537646,101.010451050907,-9.30139682078359));
#3302=CARTESIAN_POINT('Ctrl Pts',(18.0255045279077,100.969500591261,-9.30139682078359));
#3303=CARTESIAN_POINT('Ctrl Pts',(18.0116124243231,100.929767463743,-9.30139682078359));
#3304=CARTESIAN_POINT('Ctrl Pts',(17.9984521390207,100.891232970425,-9.30139682078359));
#3305=CARTESIAN_POINT('Ctrl Pts',(17.9859993690968,100.853944328503,-9.30139682078359));
#3306=CARTESIAN_POINT('Ctrl Pts',(17.9738691490529,100.817621531694,-9.30139682078359));
#3307=CARTESIAN_POINT('Ctrl Pts',(17.9624102487414,100.782481044332,-9.30139682078359));
#3308=CARTESIAN_POINT('Ctrl Pts',(17.951586013234,100.748520693708,-9.30139682078359));
#3309=CARTESIAN_POINT('Ctrl Pts',(17.9410102215004,100.715339819625,-9.30139682078359));
#3310=CARTESIAN_POINT('Ctrl Pts',(17.9310402811387,100.683285670957,-9.30139682078359));
#3311=CARTESIAN_POINT('Ctrl Pts',(17.9216284981095,100.652309676796,-9.30139682078359));
#3312=CARTESIAN_POINT('Ctrl Pts',(17.9123966983284,100.621926042236,-9.30139682078359));
#3313=CARTESIAN_POINT('Ctrl Pts',(17.9037019058254,100.592579858974,-9.30139682078359));
#3314=CARTESIAN_POINT('Ctrl Pts',(17.895486099044,100.564177904867,-9.30139682078359));
#3315=CARTESIAN_POINT('Ctrl Pts',(17.887036246514,100.534966857169,-9.30139682078359));
#3316=CARTESIAN_POINT('Ctrl Pts',(17.8790931082487,100.506755002252,-9.30139682078359));
#3317=CARTESIAN_POINT('Ctrl Pts',(17.8715789653029,100.479385002935,-9.30139682078359));
#3318=CARTESIAN_POINT('Ctrl Pts',(17.8632266431168,100.448961965447,-9.30139682078359));
#3319=CARTESIAN_POINT('Ctrl Pts',(17.8554039684525,100.419578517207,-9.30139682078359));
#3320=CARTESIAN_POINT('Ctrl Pts',(17.847988640636,100.390949885793,-9.30139682078359));
#3321=CARTESIAN_POINT('Ctrl Pts',(17.8386336766827,100.354832829133,-9.30139682078359));
#3322=CARTESIAN_POINT('Ctrl Pts',(17.8299255734927,100.31991559894,-9.30139682078359));
#3323=CARTESIAN_POINT('Ctrl Pts',(17.8216091889624,100.28553455601,-9.30139682078359));
#3324=CARTESIAN_POINT('Ctrl Pts',(17.8135270827721,100.252122050988,-9.30139682078359));
#3325=CARTESIAN_POINT('Ctrl Pts',(17.8058127935042,100.219210008831,-9.30139682078359));
#3326=CARTESIAN_POINT('Ctrl Pts',(17.7982537901063,100.186178652666,-9.30139682078359));
#3327=CARTESIAN_POINT('Ctrl Pts',(17.79221503565,100.159790484976,-9.30139682078359));
#3328=CARTESIAN_POINT('Ctrl Pts',(17.7862753971267,100.133324916213,-9.30139682078359));
#3329=CARTESIAN_POINT('Ctrl Pts',(17.7803503081826,100.106497845944,-9.30139682078359));
#3330=CARTESIAN_POINT('Ctrl Pts',(17.7743408024878,100.079288561311,-9.30139682078359));
#3331=CARTESIAN_POINT('Ctrl Pts',(17.7683463356444,100.051707434377,-9.30139682078359));
#3332=CARTESIAN_POINT('Ctrl Pts',(17.7623072053559,100.023505781513,-9.30139682078359));
#3333=CARTESIAN_POINT('Ctrl Pts',(17.7556444698741,99.9923920044959,-9.30139682078359));
#3334=CARTESIAN_POINT('Ctrl Pts',(17.748927266185,99.9605227985597,-9.30139682078359));
#3335=CARTESIAN_POINT('Ctrl Pts',(17.7421101462633,99.9276222964245,-9.30139682078359));
#3336=CARTESIAN_POINT('Ctrl Pts',(17.734900998602,99.8928298062313,-9.30139682078359));
#3337=CARTESIAN_POINT('Ctrl Pts',(17.7275804080606,99.8568845557481,-9.30139682078359));
#3338=CARTESIAN_POINT('Ctrl Pts',(17.7201298366061,99.8195183491349,-9.30139682078359));
#3339=CARTESIAN_POINT('Ctrl Pts',(17.7118899588255,99.7781936027718,-9.30139682078359));
#3340=CARTESIAN_POINT('Ctrl Pts',(17.703491462444,99.7351316166037,-9.30139682078359));
#3341=CARTESIAN_POINT('Ctrl Pts',(17.6949463425049,99.6900290451542,-9.30139682078359));
#3342=CARTESIAN_POINT('Ctrl Pts',(17.6860955294215,99.643312974189,-9.30139682078359));
#3343=CARTESIAN_POINT('Ctrl Pts',(17.6770878277919,99.5944081039339,-9.30139682078359));
#3344=CARTESIAN_POINT('Ctrl Pts',(17.6679656029347,99.5430233221603,-9.30139682078359));
#3345=CARTESIAN_POINT('Ctrl Pts',(17.6589093265781,99.4920100231517,-9.30139682078359));
#3346=CARTESIAN_POINT('Ctrl Pts',(17.6497404097858,99.4385523686032,-9.30139682078359));
#3347=CARTESIAN_POINT('Ctrl Pts',(17.6405244997635,99.3824107808604,-9.30139682078359));
#3348=CARTESIAN_POINT('Ctrl Pts',(17.6313853591633,99.3267368579751,-9.30139682078359));
#3349=CARTESIAN_POINT('Ctrl Pts',(17.6222002291861,99.2684233792306,-9.30139682078359));
#3350=CARTESIAN_POINT('Ctrl Pts',(17.6130536091793,99.2072837617776,-9.30139682078359));
#3351=CARTESIAN_POINT('Ctrl Pts',(17.6036849722292,99.1446600954663,-9.30139682078359));
#3352=CARTESIAN_POINT('Ctrl Pts',(17.5943569048464,99.0790710516594,-9.30139682078359));
#3353=CARTESIAN_POINT('Ctrl Pts',(17.585179097495,99.0103703745727,-9.30139682078359));
#3354=CARTESIAN_POINT('Ctrl Pts',(17.5753898348564,98.9370926355979,-9.30139682078359));
#3355=CARTESIAN_POINT('Ctrl Pts',(17.5657722088944,98.8602751734962,-9.30139682078359));
#3356=CARTESIAN_POINT('Ctrl Pts',(17.5564742835102,98.7798029595904,-9.30139682078359));
#3357=CARTESIAN_POINT('Ctrl Pts',(17.5463895602635,98.6925211227557,-9.30139682078359));
#3358=CARTESIAN_POINT('Ctrl Pts',(17.5366821857128,98.6009405322858,-9.30139682078359));
#3359=CARTESIAN_POINT('Ctrl Pts',(17.527542562436,98.5049774333264,-9.30139682078359));
#3360=CARTESIAN_POINT('Ctrl Pts',(17.5179731495337,98.4045016818087,-9.30139682078359));
#3361=CARTESIAN_POINT('Ctrl Pts',(17.5090279852173,98.2992231921101,-9.30139682078359));
#3362=CARTESIAN_POINT('Ctrl Pts',(17.5009024557747,98.1890929860868,-9.30139682078359));
#3363=CARTESIAN_POINT('Ctrl Pts',(17.4930864426535,98.0831578416254,-9.30139682078359));
#3364=CARTESIAN_POINT('Ctrl Pts',(17.4860295921126,97.9727343121816,-9.30139682078359));
#3365=CARTESIAN_POINT('Ctrl Pts',(17.4798655851474,97.8578018530618,-9.30139682078359));
#3366=CARTESIAN_POINT('Ctrl Pts',(17.4740498723393,97.7493635955552,-9.30139682078359));
#3367=CARTESIAN_POINT('Ctrl Pts',(17.4690292670826,97.636912010415,-9.30139682078359));
#3368=CARTESIAN_POINT('Ctrl Pts',(17.4648724987869,97.5204430365972,-9.30139682078359));
#3369=CARTESIAN_POINT('Ctrl Pts',(17.4618299490348,97.4351934816081,-9.30139682078359));
#3370=CARTESIAN_POINT('Ctrl Pts',(17.4592493638525,97.3477918847613,-9.30139682078359));
#3371=CARTESIAN_POINT('Ctrl Pts',(17.4571400700795,97.2582396199172,-9.30139682078359));
#3372=CARTESIAN_POINT('',(43.6155055423509,105.2838219109,-9.3013968207836));
#3373=CARTESIAN_POINT('',(36.0665767636488,105.2838219109,-9.3013968207836));
#3374=CARTESIAN_POINT('Ctrl Pts',(49.6551615185152,97.2582396199172,-9.30139682078359));
#3375=CARTESIAN_POINT('Ctrl Pts',(49.6522946372441,97.3799560513382,-9.30139682078359));
#3376=CARTESIAN_POINT('Ctrl Pts',(49.6485550688652,97.4976992022078,-9.30139682078359));
#3377=CARTESIAN_POINT('Ctrl Pts',(49.6439733395943,97.6114665879529,-9.30139682078359));
#3378=CARTESIAN_POINT('Ctrl Pts',(49.6391781313529,97.7305347985499,-9.30139682078359));
#3379=CARTESIAN_POINT('Ctrl Pts',(49.6334608124802,97.8452477096936,-9.30139682078359));
#3380=CARTESIAN_POINT('Ctrl Pts',(49.6269137017188,97.9556134915444,-9.30139682078359));
#3381=CARTESIAN_POINT('Ctrl Pts',(49.6200307894671,98.0716399373709,-9.30139682078359));
#3382=CARTESIAN_POINT('Ctrl Pts',(49.6122313342709,98.1828613056148,-9.30139682078359));
#3383=CARTESIAN_POINT('Ctrl Pts',(49.6036774752502,98.289306870156,-9.30139682078359));
#3384=CARTESIAN_POINT('Ctrl Pts',(49.5951011557139,98.3960319368806,-9.30139682078359));
#3385=CARTESIAN_POINT('Ctrl Pts',(49.5857678179757,98.4979549173053,-9.30139682078359));
#3386=CARTESIAN_POINT('Ctrl Pts',(49.5758803768637,98.5951355653361,-9.30139682078359));
#3387=CARTESIAN_POINT('Ctrl Pts',(49.5669205472583,98.6831990023187,-9.30139682078359));
#3388=CARTESIAN_POINT('Ctrl Pts',(49.5575071541209,98.7673673773068,-9.30139682078359));
#3389=CARTESIAN_POINT('Ctrl Pts',(49.5478023052997,98.8477252905134,-9.30139682078359));
#3390=CARTESIAN_POINT('Ctrl Pts',(49.5388864581417,98.9215501264575,-9.30139682078359));
#3391=CARTESIAN_POINT('Ctrl Pts',(49.5297253611432,98.9921585624269,-9.30139682078359));
#3392=CARTESIAN_POINT('Ctrl Pts',(49.5204404425735,99.0596591221778,-9.30139682078359));
#3393=CARTESIAN_POINT('Ctrl Pts',(49.5114510422294,99.1250112898353,-9.30139682078359));
#3394=CARTESIAN_POINT('Ctrl Pts',(49.5023460632963,99.1874499369574,-9.30139682078359));
#3395=CARTESIAN_POINT('Ctrl Pts',(49.4932226946298,99.2471211969699,-9.30139682078359));
#3396=CARTESIAN_POINT('Ctrl Pts',(49.4840224935687,99.307294978142,-9.30139682078359));
#3397=CARTESIAN_POINT('Ctrl Pts',(49.4748038156664,99.3646547039445,-9.30139682078359));
#3398=CARTESIAN_POINT('Ctrl Pts',(49.4656479591389,99.4194002452978,-9.30139682078359));
#3399=CARTESIAN_POINT('Ctrl Pts',(49.4564173320509,99.4745928616783,-9.30139682078359));
#3400=CARTESIAN_POINT('Ctrl Pts',(49.4472507894149,99.5271285825384,-9.30139682078359));
#3401=CARTESIAN_POINT('Ctrl Pts',(49.4382096033257,99.5772605332813,-9.30139682078359));
#3402=CARTESIAN_POINT('Ctrl Pts',(49.429196760036,99.6272353276709,-9.30139682078359));
#3403=CARTESIAN_POINT('Ctrl Pts',(49.4203086791033,99.6748216478627,-9.30139682078359));
#3404=CARTESIAN_POINT('Ctrl Pts',(49.411581135703,99.7203148561653,-9.30139682078359));
#3405=CARTESIAN_POINT('Ctrl Pts',(49.4037498115793,99.7611364302675,-9.30139682078359));
#3406=CARTESIAN_POINT('Ctrl Pts',(49.3960479358827,99.8002724383241,-9.30139682078359));
#3407=CARTESIAN_POINT('Ctrl Pts',(49.3884801677331,99.8379694397618,-9.30139682078359));
#3408=CARTESIAN_POINT('Ctrl Pts',(49.3815552879808,99.872464048584,-9.30139682078359));
#3409=CARTESIAN_POINT('Ctrl Pts',(49.3747429013275,99.9057533455781,-9.30139682078359));
#3410=CARTESIAN_POINT('Ctrl Pts',(49.3680244168801,99.9380619927857,-9.30139682078359));
#3411=CARTESIAN_POINT('Ctrl Pts',(49.3617000992212,99.9684751238522,-9.30139682078359));
#3412=CARTESIAN_POINT('Ctrl Pts',(49.3554591358514,99.9980190103777,-9.30139682078359));
#3413=CARTESIAN_POINT('Ctrl Pts',(49.3492630297217,100.026919024095,-9.30139682078359));
#3414=CARTESIAN_POINT('Ctrl Pts',(49.3433246341123,100.054617018767,-9.30139682078359));
#3415=CARTESIAN_POINT('Ctrl Pts',(49.3374275733666,100.081723339351,-9.30139682078359));
#3416=CARTESIAN_POINT('Ctrl Pts',(49.3315141574648,100.108476222681,-9.30139682078359));
#3417=CARTESIAN_POINT('Ctrl Pts',(49.3252358909891,100.136879726398,-9.30139682078359));
#3418=CARTESIAN_POINT('Ctrl Pts',(49.3189396162897,100.164884259858,-9.30139682078359));
#3419=CARTESIAN_POINT('Ctrl Pts',(49.3125230824832,100.192830343388,-9.30139682078359));
#3420=CARTESIAN_POINT('Ctrl Pts',(49.3040751811507,100.229623690608,-9.30139682078359));
#3421=CARTESIAN_POINT('Ctrl Pts',(49.2954189912277,100.266318897024,-9.30139682078359));
#3422=CARTESIAN_POINT('Ctrl Pts',(49.2862545570644,100.303777520521,-9.30139682078359));
#3423=CARTESIAN_POINT('Ctrl Pts',(49.2788385205453,100.334089759647,-9.30139682078359));
#3424=CARTESIAN_POINT('Ctrl Pts',(49.2710873573504,100.364906036149,-9.30139682078359));
#3425=CARTESIAN_POINT('Ctrl Pts',(49.262828946715,100.3966683144,-9.30139682078359));
#3426=CARTESIAN_POINT('Ctrl Pts',(49.2558810067698,100.423390453992,-9.30139682078359));
#3427=CARTESIAN_POINT('Ctrl Pts',(49.2485734575156,100.450782930057,-9.30139682078359));
#3428=CARTESIAN_POINT('Ctrl Pts',(49.2408081380422,100.479073487346,-9.30139682078359));
#3429=CARTESIAN_POINT('Ctrl Pts',(49.2335071367049,100.505672444067,-9.30139682078359));
#3430=CARTESIAN_POINT('Ctrl Pts',(49.225801148769,100.533065949625,-9.30139682078359));
#3431=CARTESIAN_POINT('Ctrl Pts',(49.2176185550343,100.561399443938,-9.30139682078359));
#3432=CARTESIAN_POINT('Ctrl Pts',(49.2093283446589,100.590105577487,-9.30139682078359));
#3433=CARTESIAN_POINT('Ctrl Pts',(49.2005488585818,100.619776581173,-9.30139682078359));
#3434=CARTESIAN_POINT('Ctrl Pts',(49.1912194432784,100.650510670398,-9.30139682078359));
#3435=CARTESIAN_POINT('Ctrl Pts',(49.1816797393289,100.681937517936,-9.30139682078359));
#3436=CARTESIAN_POINT('Ctrl Pts',(49.1715650214584,100.714475785444,-9.30139682078359));
#3437=CARTESIAN_POINT('Ctrl Pts',(49.1608251177492,100.748176983724,-9.30139682078359));
#3438=CARTESIAN_POINT('Ctrl Pts',(49.1498134348892,100.7827310093,-9.30139682078359));
#3439=CARTESIAN_POINT('Ctrl Pts',(49.1381445056375,100.818507418648,-9.30139682078359));
#3440=CARTESIAN_POINT('Ctrl Pts',(49.1257797741005,100.855508230173,-9.30139682078359));
#3441=CARTESIAN_POINT('Ctrl Pts',(49.113058690442,100.893575406757,-9.30139682078359));
#3442=CARTESIAN_POINT('Ctrl Pts',(49.0996010946178,100.932938403702,-9.30139682078359));
#3443=CARTESIAN_POINT('Ctrl Pts',(49.085381586492,100.973545931922,-9.30139682078359));
#3444=CARTESIAN_POINT('Ctrl Pts',(49.0706753904012,101.015543325044,-9.30139682078359));
#3445=CARTESIAN_POINT('Ctrl Pts',(49.05515419551,101.05887169813,-9.30139682078359));
#3446=CARTESIAN_POINT('Ctrl Pts',(49.038807919146,101.103420742774,-9.30139682078359));
#3447=CARTESIAN_POINT('Ctrl Pts',(49.0216852038629,101.150085841943,-9.30139682078359));
#3448=CARTESIAN_POINT('Ctrl Pts',(49.0036571635048,101.198090049243,-9.30139682078359));
#3449=CARTESIAN_POINT('Ctrl Pts',(48.9847321676318,101.247252212444,-9.30139682078359));
#3450=CARTESIAN_POINT('Ctrl Pts',(48.9646054780337,101.299536059974,-9.30139682078359));
#3451=CARTESIAN_POINT('Ctrl Pts',(48.9434643113457,101.353129191247,-9.30139682078359));
#3452=CARTESIAN_POINT('Ctrl Pts',(48.9213407937556,101.407758788875,-9.30139682078359));
#3453=CARTESIAN_POINT('Ctrl Pts',(48.8971648874834,101.467456349473,-9.30139682078359));
#3454=CARTESIAN_POINT('Ctrl Pts',(48.8718158790224,101.528390980718,-9.30139682078359));
#3455=CARTESIAN_POINT('Ctrl Pts',(48.8453616714573,101.590150731661,-9.30139682078359));
#3456=CARTESIAN_POINT('Ctrl Pts',(48.8140629547141,101.663220429407,-9.30139682078359));
#3457=CARTESIAN_POINT('Ctrl Pts',(48.7812168920959,101.737443761871,-9.30139682078359));
#3458=CARTESIAN_POINT('Ctrl Pts',(48.7469743388247,101.812077766702,-9.30139682078359));
#3459=CARTESIAN_POINT('Ctrl Pts',(48.7097964839792,101.893109463614,-9.30139682078359));
#3460=CARTESIAN_POINT('Ctrl Pts',(48.6709726540485,101.974620845869,-9.30139682078359));
#3461=CARTESIAN_POINT('Ctrl Pts',(48.630736825861,102.055644200782,-9.30139682078359));
#3462=CARTESIAN_POINT('Ctrl Pts',(48.5977919400742,102.121985700235,-9.30139682078359));
#3463=CARTESIAN_POINT('Ctrl Pts',(48.5639013598769,102.187998422499,-9.30139682078359));
#3464=CARTESIAN_POINT('Ctrl Pts',(48.5292098171128,102.25317791148,-9.30139682078359));
#3465=CARTESIAN_POINT('Ctrl Pts',(48.4979149493848,102.311975627687,-9.30139682078359));
#3466=CARTESIAN_POINT('Ctrl Pts',(48.4659685978253,102.370094644359,-9.30139682078359));
#3467=CARTESIAN_POINT('Ctrl Pts',(48.4334845277358,102.427201906949,-9.30139682078359));
#3468=CARTESIAN_POINT('Ctrl Pts',(48.4032252168231,102.480398024596,-9.30139682078359));
#3469=CARTESIAN_POINT('Ctrl Pts',(48.3724994940977,102.532715841647,-9.30139682078359));
#3470=CARTESIAN_POINT('Ctrl Pts',(48.3414030679877,102.583927097555,-9.30139682078359));
#3471=CARTESIAN_POINT('Ctrl Pts',(48.3118497348671,102.632597105485,-9.30139682078359));
#3472=CARTESIAN_POINT('Ctrl Pts',(48.2819617639576,102.680267296049,-9.30139682078359));
#3473=CARTESIAN_POINT('Ctrl Pts',(48.251822219506,102.726785385897,-9.30139682078359));
#3474=CARTESIAN_POINT('Ctrl Pts',(48.2226245358186,102.771849785437,-9.30139682078359));
#3475=CARTESIAN_POINT('Ctrl Pts',(48.1931908994149,102.815832610745,-9.30139682078359));
#3476=CARTESIAN_POINT('Ctrl Pts',(48.1635953472627,102.858642669051,-9.30139682078359));
#3477=CARTESIAN_POINT('Ctrl Pts',(48.1349246561153,102.900114913035,-9.30139682078359));
#3478=CARTESIAN_POINT('Ctrl Pts',(48.1061021223587,102.940486288912,-9.30139682078359));
#3479=CARTESIAN_POINT('Ctrl Pts',(48.0771918182811,102.979723300211,-9.30139682078359));
#3480=CARTESIAN_POINT('Ctrl Pts',(48.049184961206,103.017734154908,-9.30139682078359));
#3481=CARTESIAN_POINT('Ctrl Pts',(48.0210958195459,103.054680261574,-9.30139682078359));
#3482=CARTESIAN_POINT('Ctrl Pts',(47.9929781421821,103.090581333338,-9.30139682078359));
#3483=CARTESIAN_POINT('Ctrl Pts',(47.9638491720984,103.127773638798,-9.30139682078359));
#3484=CARTESIAN_POINT('Ctrl Pts',(47.9346897748686,103.163843986512,-9.30139682078359));
#3485=CARTESIAN_POINT('Ctrl Pts',(47.9055527247837,103.198875775883,-9.30139682078359));
#3486=CARTESIAN_POINT('Ctrl Pts',(47.8731375032395,103.237848946132,-9.30139682078359));
#3487=CARTESIAN_POINT('Ctrl Pts',(47.840750640278,103.275537566899,-9.30139682078359));
#3488=CARTESIAN_POINT('Ctrl Pts',(47.8084489016739,103.312127811963,-9.30139682078359));
#3489=CARTESIAN_POINT('Ctrl Pts',(47.7720479684188,103.353361476958,-9.30139682078359));
#3490=CARTESIAN_POINT('Ctrl Pts',(47.7357566044779,103.393202869694,-9.30139682078359));
#3491=CARTESIAN_POINT('Ctrl Pts',(47.6996189290235,103.431977456804,-9.30139682078359));
#3492=CARTESIAN_POINT('Ctrl Pts',(47.6667298901161,103.46726635926,-9.30139682078359));
#3493=CARTESIAN_POINT('Ctrl Pts',(47.6339681931878,103.501674804826,-9.30139682078359));
#3494=CARTESIAN_POINT('Ctrl Pts',(47.601329458844,103.535448825907,-9.30139682078359));
#3495=CARTESIAN_POINT('Ctrl Pts',(47.5717140417029,103.56609436848,-9.30139682078359));
#3496=CARTESIAN_POINT('Ctrl Pts',(47.5421997235871,103.596219005761,-9.30139682078359));
#3497=CARTESIAN_POINT('Ctrl Pts',(47.5127515657943,103.625977871185,-9.30139682078359));
#3498=CARTESIAN_POINT('Ctrl Pts',(47.4825853645523,103.656462356137,-9.30139682078359));
#3499=CARTESIAN_POINT('Ctrl Pts',(47.4524885185431,103.686563011179,-9.30139682078359));
#3500=CARTESIAN_POINT('Ctrl Pts',(47.4223886680264,103.716401876504,-9.30139682078359));
#3501=CARTESIAN_POINT('Ctrl Pts',(47.3908952019614,103.747622273827,-9.30139682078359));
#3502=CARTESIAN_POINT('Ctrl Pts',(47.3593983472392,103.778555813675,-9.30139682078359));
#3503=CARTESIAN_POINT('Ctrl Pts',(47.3277790665862,103.809296928071,-9.30139682078359));
#3504=CARTESIAN_POINT('Ctrl Pts',(47.2942748773005,103.841870601295,-9.30139682078359));
#3505=CARTESIAN_POINT('Ctrl Pts',(47.2606331075807,103.874227859011,-9.30139682078359));
#3506=CARTESIAN_POINT('Ctrl Pts',(47.2266740690754,103.906436057508,-9.30139682078359));
#3507=CARTESIAN_POINT('Ctrl Pts',(47.188503648944,103.942638509709,-9.30139682078359));
#3508=CARTESIAN_POINT('Ctrl Pts',(47.149932462156,103.978652263929,-9.30139682078359));
#3509=CARTESIAN_POINT('Ctrl Pts',(47.1106583341092,104.01452292266,-9.30139682078359));
#3510=CARTESIAN_POINT('Ctrl Pts',(47.0698142121167,104.051827520727,-9.30139682078359));
#3511=CARTESIAN_POINT('Ctrl Pts',(47.0282093758582,104.0889768895,-9.30139682078359));
#3512=CARTESIAN_POINT('Ctrl Pts',(46.9854609587618,104.125982339155,-9.30139682078359));
#3513=CARTESIAN_POINT('Ctrl Pts',(46.9417355228538,104.1638335516,-9.30139682078359));
#3514=CARTESIAN_POINT('Ctrl Pts',(46.8968132297566,104.201534355782,-9.30139682078359));
#3515=CARTESIAN_POINT('Ctrl Pts',(46.8502462773379,104.239056047685,-9.30139682078359));
#3516=CARTESIAN_POINT('Ctrl Pts',(46.8026779846894,104.277384577434,-9.30139682078359));
#3517=CARTESIAN_POINT('Ctrl Pts',(46.7533930445318,104.315526379904,-9.30139682078359));
#3518=CARTESIAN_POINT('Ctrl Pts',(46.7018818015382,104.353406186794,-9.30139682078359));
#3519=CARTESIAN_POINT('Ctrl Pts',(46.648376188212,104.392752593181,-9.30139682078359));
#3520=CARTESIAN_POINT('Ctrl Pts',(46.5924679556619,104.431816571646,-9.30139682078359));
#3521=CARTESIAN_POINT('Ctrl Pts',(46.5335595525251,104.470462259769,-9.30139682078359));
#3522=CARTESIAN_POINT('Ctrl Pts',(46.4681617374017,104.513365197764,-9.30139682078359));
#3523=CARTESIAN_POINT('Ctrl Pts',(46.399064987647,104.55575213235,-9.30139682078359));
#3524=CARTESIAN_POINT('Ctrl Pts',(46.3254345629813,104.597374822201,-9.30139682078359));
#3525=CARTESIAN_POINT('Ctrl Pts',(46.2464671469505,104.642014470562,-9.30139682078359));
#3526=CARTESIAN_POINT('Ctrl Pts',(46.1622823885616,104.685773304493,-9.30139682078359));
#3527=CARTESIAN_POINT('Ctrl Pts',(46.0718640132897,104.728295520512,-9.30139682078359));
#3528=CARTESIAN_POINT('Ctrl Pts',(45.9914055982741,104.766133737507,-9.30139682078359));
#3529=CARTESIAN_POINT('Ctrl Pts',(45.9060101608087,104.802990903946,-9.30139682078359));
#3530=CARTESIAN_POINT('Ctrl Pts',(45.8149966670725,104.83860629899,-9.30139682078359));
#3531=CARTESIAN_POINT('Ctrl Pts',(45.7308525371036,104.871533575007,-9.30139682078359));
#3532=CARTESIAN_POINT('Ctrl Pts',(45.6419059434834,104.903398920032,-9.30139682078359));
#3533=CARTESIAN_POINT('Ctrl Pts',(45.5476603476846,104.934001706462,-9.30139682078359));
#3534=CARTESIAN_POINT('Ctrl Pts',(45.458615449666,104.962915757816,-9.30139682078359));
#3535=CARTESIAN_POINT('Ctrl Pts',(45.3648399194442,104.990702422938,-9.30139682078359));
#3536=CARTESIAN_POINT('Ctrl Pts',(45.2659590647458,105.01720328656,-9.30139682078359));
#3537=CARTESIAN_POINT('Ctrl Pts',(45.171381427194,105.042550853407,-9.30139682078359));
#3538=CARTESIAN_POINT('Ctrl Pts',(45.0721329141082,105.066721866457,-9.30139682078359));
#3539=CARTESIAN_POINT('Ctrl Pts',(44.9679311636275,105.089591775521,-9.30139682078359));
#3540=CARTESIAN_POINT('Ctrl Pts',(44.8699525608043,105.111095845524,-9.30139682078359));
#3541=CARTESIAN_POINT('Ctrl Pts',(44.7675946571575,105.131449407521,-9.30139682078359));
#3542=CARTESIAN_POINT('Ctrl Pts',(44.6606654030471,105.150564190175,-9.30139682078359));
#3543=CARTESIAN_POINT('Ctrl Pts',(44.5567869600017,105.169133606728,-9.30139682078359));
#3544=CARTESIAN_POINT('Ctrl Pts',(44.448594088642,105.186533690818,-9.30139682078359));
#3545=CARTESIAN_POINT('Ctrl Pts',(44.3359543908647,105.202701546079,-9.30139682078359));
#3546=CARTESIAN_POINT('Ctrl Pts',(44.2246613308337,105.218676110302,-9.30139682078359));
#3547=CARTESIAN_POINT('Ctrl Pts',(44.109026842571,105.233447481971,-9.30139682078359));
#3548=CARTESIAN_POINT('Ctrl Pts',(43.9889703308961,105.246976468807,-9.30139682078359));
#3549=CARTESIAN_POINT('Ctrl Pts',(43.8689138192212,105.260505455642,-9.30139682078359));
#3550=CARTESIAN_POINT('Ctrl Pts',(43.7444349038347,105.272791768757,-9.30139682078359));
#3551=CARTESIAN_POINT('Ctrl Pts',(43.6155055423509,105.2838219109,-9.30139682078359));
#3552=CARTESIAN_POINT('Origin',(43.6155055423509,105.2838219109,-0.00139682078359016));
#3553=CARTESIAN_POINT('',(43.6155055423509,105.2838219109,-0.00139682078359016));
#3554=CARTESIAN_POINT('',(23.4967960462438,105.2838219109,-0.00139682078359016));
#3555=CARTESIAN_POINT('Ctrl Pts',(23.4967960462438,105.2838219109,-0.00139682078359016));
#3556=CARTESIAN_POINT('Ctrl Pts',(23.4967960462438,105.2838219109,-11.3013968207836));
#3557=CARTESIAN_POINT('Ctrl Pts',(23.175590217764,105.256342166142,-0.00139682078359016));
#3558=CARTESIAN_POINT('Ctrl Pts',(23.175590217764,105.256342166142,-11.3013968207836));
#3559=CARTESIAN_POINT('Ctrl Pts',(22.5791682031405,105.18841253534,-0.00139682078359016));
#3560=CARTESIAN_POINT('Ctrl Pts',(22.5791682031405,105.18841253534,-11.3013968207836));
#3561=CARTESIAN_POINT('Ctrl Pts',(21.8225140124261,105.047570428213,-0.00139682078359016));
#3562=CARTESIAN_POINT('Ctrl Pts',(21.8225140124261,105.047570428213,-11.3013968207836));
#3563=CARTESIAN_POINT('Ctrl Pts',(21.0688586889509,104.792447782358,-0.00139682078359016));
#3564=CARTESIAN_POINT('Ctrl Pts',(21.0688586889509,104.792447782358,-11.3013968207836));
#3565=CARTESIAN_POINT('Ctrl Pts',(20.4386419739318,104.409193096306,-0.00139682078359016));
#3566=CARTESIAN_POINT('Ctrl Pts',(20.4386419739318,104.409193096306,-11.3013968207836));
#3567=CARTESIAN_POINT('Ctrl Pts',(19.9815791919359,104.00991152248,-0.00139682078359016));
#3568=CARTESIAN_POINT('Ctrl Pts',(19.9815791919359,104.00991152248,-11.3013968207836));
#3569=CARTESIAN_POINT('Ctrl Pts',(19.5750436617365,103.604476856985,-0.00139682078359016));
#3570=CARTESIAN_POINT('Ctrl Pts',(19.5750436617365,103.604476856985,-11.3013968207836));
#3571=CARTESIAN_POINT('Ctrl Pts',(19.1400133108998,103.164947345803,-0.00139682078359016));
#3572=CARTESIAN_POINT('Ctrl Pts',(19.1400133108998,103.164947345803,-11.3013968207836));
#3573=CARTESIAN_POINT('Ctrl Pts',(18.7032118400067,102.523820775233,-0.00139682078359016));
#3574=CARTESIAN_POINT('Ctrl Pts',(18.7032118400067,102.523820775233,-11.3013968207836));
#3575=CARTESIAN_POINT('Ctrl Pts',(18.3178821280712,101.751024228427,-0.00139682078359016));
#3576=CARTESIAN_POINT('Ctrl Pts',(18.3178821280712,101.751024228427,-11.3013968207836));
#3577=CARTESIAN_POINT('Ctrl Pts',(18.0303804342751,101.019339921177,-0.00139682078359016));
#3578=CARTESIAN_POINT('Ctrl Pts',(18.0303804342751,101.019339921177,-11.3013968207836));
#3579=CARTESIAN_POINT('Ctrl Pts',(17.8640641385831,100.483422614261,-0.00139682078359016));
#3580=CARTESIAN_POINT('Ctrl Pts',(17.8640641385831,100.483422614261,-11.3013968207836));
#3581=CARTESIAN_POINT('Ctrl Pts',(17.7877125517974,100.146708181882,-0.00139682078359016));
#3582=CARTESIAN_POINT('Ctrl Pts',(17.7877125517974,100.146708181882,-11.3013968207836));
#3583=CARTESIAN_POINT('Ctrl Pts',(17.7014386540067,99.7458633641954,-0.00139682078359016));
#3584=CARTESIAN_POINT('Ctrl Pts',(17.7014386540067,99.7458633641954,-11.3013968207836));
#3585=CARTESIAN_POINT('Ctrl Pts',(17.598803579443,99.1756091781928,-0.00139682078359016));
#3586=CARTESIAN_POINT('Ctrl Pts',(17.598803579443,99.1756091781928,-11.3013968207836));
#3587=CARTESIAN_POINT('Ctrl Pts',(17.5199380562535,98.5320605214524,-0.00139682078359016));
#3588=CARTESIAN_POINT('Ctrl Pts',(17.5199380562535,98.5320605214524,-11.3013968207836));
#3589=CARTESIAN_POINT('Ctrl Pts',(17.4791311899875,97.9383754469524,-0.00139682078359016));
#3590=CARTESIAN_POINT('Ctrl Pts',(17.4791311899875,97.9383754469524,-11.3013968207836));
#3591=CARTESIAN_POINT('Ctrl Pts',(17.4626736655948,97.4931741830796,-0.00139682078359016));
#3592=CARTESIAN_POINT('Ctrl Pts',(17.4626736655948,97.4931741830796,-11.3013968207836));
#3593=CARTESIAN_POINT('Ctrl Pts',(17.4571400700795,97.2582396199172,-0.00139682078359016));
#3594=CARTESIAN_POINT('Ctrl Pts',(17.4571400700795,97.2582396199172,-11.3013968207836));
#3595=CARTESIAN_POINT('',(17.4571400700795,97.2582396199172,-0.00139682078359016));
#3596=CARTESIAN_POINT('Origin',(17.4571400700795,97.2582396199172,-0.00139682078359016));
#3597=CARTESIAN_POINT('Origin',(56.4601347292018,110.130839513512,-0.00139682078359016));
#3598=CARTESIAN_POINT('',(56.4601347292018,82.1308395135122,-0.00139682078359016));
#3599=CARTESIAN_POINT('Origin',(-0.539865270798217,-0.869160486487814,-0.00139682078358128));
#3600=CARTESIAN_POINT('Ctrl Pts',(49.6551615185152,97.2582396199172,-0.00139682078359016));
#3601=CARTESIAN_POINT('Ctrl Pts',(49.6551615185152,97.2582396199172,-11.3013968207836));
#3602=CARTESIAN_POINT('Ctrl Pts',(49.6496279229999,97.4931741830796,-0.00139682078359016));
#3603=CARTESIAN_POINT('Ctrl Pts',(49.6496279229999,97.4931741830796,-11.3013968207836));
#3604=CARTESIAN_POINT('Ctrl Pts',(49.6331703986071,97.9383754469524,-0.00139682078359016));
#3605=CARTESIAN_POINT('Ctrl Pts',(49.6331703986071,97.9383754469524,-11.3013968207836));
#3606=CARTESIAN_POINT('Ctrl Pts',(49.5923635323412,98.5320605214524,-0.00139682078359016));
#3607=CARTESIAN_POINT('Ctrl Pts',(49.5923635323412,98.5320605214524,-11.3013968207836));
#3608=CARTESIAN_POINT('Ctrl Pts',(49.5134980091516,99.1756091781928,-0.00139682078359016));
#3609=CARTESIAN_POINT('Ctrl Pts',(49.5134980091516,99.1756091781928,-11.3013968207836));
#3610=CARTESIAN_POINT('Ctrl Pts',(49.410862934588,99.7458633641954,-0.00139682078359016));
#3611=CARTESIAN_POINT('Ctrl Pts',(49.410862934588,99.7458633641954,-11.3013968207836));
#3612=CARTESIAN_POINT('Ctrl Pts',(49.3245890367972,100.146708181882,-0.00139682078359016));
#3613=CARTESIAN_POINT('Ctrl Pts',(49.3245890367972,100.146708181882,-11.3013968207836));
#3614=CARTESIAN_POINT('Ctrl Pts',(49.2482374500116,100.483422614261,-0.00139682078359016));
#3615=CARTESIAN_POINT('Ctrl Pts',(49.2482374500116,100.483422614261,-11.3013968207836));
#3616=CARTESIAN_POINT('Ctrl Pts',(49.0819211543196,101.019339921177,-0.00139682078359016));
#3617=CARTESIAN_POINT('Ctrl Pts',(49.0819211543196,101.019339921177,-11.3013968207836));
#3618=CARTESIAN_POINT('Ctrl Pts',(48.7944194605235,101.751024228427,-0.00139682078359016));
#3619=CARTESIAN_POINT('Ctrl Pts',(48.7944194605235,101.751024228427,-11.3013968207836));
#3620=CARTESIAN_POINT('Ctrl Pts',(48.4090897485881,102.523820775233,-0.00139682078359016));
#3621=CARTESIAN_POINT('Ctrl Pts',(48.4090897485881,102.523820775233,-11.3013968207836));
#3622=CARTESIAN_POINT('Ctrl Pts',(47.9722882776949,103.164947345803,-0.00139682078359016));
#3623=CARTESIAN_POINT('Ctrl Pts',(47.9722882776949,103.164947345803,-11.3013968207836));
#3624=CARTESIAN_POINT('Ctrl Pts',(47.5372579268581,103.604476856985,-0.00139682078359016));
#3625=CARTESIAN_POINT('Ctrl Pts',(47.5372579268581,103.604476856985,-11.3013968207836));
#3626=CARTESIAN_POINT('Ctrl Pts',(47.1307223966588,104.00991152248,-0.00139682078359016));
#3627=CARTESIAN_POINT('Ctrl Pts',(47.1307223966588,104.00991152248,-11.3013968207836));
#3628=CARTESIAN_POINT('Ctrl Pts',(46.6736596146629,104.409193096306,-0.00139682078359016));
#3629=CARTESIAN_POINT('Ctrl Pts',(46.6736596146629,104.409193096306,-11.3013968207836));
#3630=CARTESIAN_POINT('Ctrl Pts',(46.0434428996437,104.792447782358,-0.00139682078359016));
#3631=CARTESIAN_POINT('Ctrl Pts',(46.0434428996437,104.792447782358,-11.3013968207836));
#3632=CARTESIAN_POINT('Ctrl Pts',(45.2897875761686,105.047570428213,-0.00139682078359016));
#3633=CARTESIAN_POINT('Ctrl Pts',(45.2897875761686,105.047570428213,-11.3013968207836));
#3634=CARTESIAN_POINT('Ctrl Pts',(44.5331333854542,105.18841253534,-0.00139682078359016));
#3635=CARTESIAN_POINT('Ctrl Pts',(44.5331333854542,105.18841253534,-11.3013968207836));
#3636=CARTESIAN_POINT('Ctrl Pts',(43.9367113708306,105.256342166142,-0.00139682078359016));
#3637=CARTESIAN_POINT('Ctrl Pts',(43.9367113708306,105.256342166142,-11.3013968207836));
#3638=CARTESIAN_POINT('Ctrl Pts',(43.6155055423509,105.2838219109,-0.00139682078359016));
#3639=CARTESIAN_POINT('Ctrl Pts',(43.6155055423509,105.2838219109,-11.3013968207836));
#3640=CARTESIAN_POINT('Origin',(-2.23986527079823,-2.86916048648781,-0.00139682078358128));
#3641=CARTESIAN_POINT('',(-2.23986527079823,111.130839513512,-11.3013968207836));
#3642=CARTESIAN_POINT('',(-2.23986527079823,111.130839513512,-0.00139682078359016));
#3643=CARTESIAN_POINT('',(-2.23986527079823,-2.86916048648781,-11.3013968207836));
#3644=CARTESIAN_POINT('',(-2.23986527079823,-2.86916048648781,-11.3013968207836));
#3645=CARTESIAN_POINT('',(-2.23986527079823,-2.86916048648781,-0.00139682078358128));
#3646=CARTESIAN_POINT('Origin',(57.7601347292018,-2.86916048648784,-0.00139682078358128));
#3647=CARTESIAN_POINT('',(57.7601347292018,-2.86916048648784,-11.3013968207836));
#3648=CARTESIAN_POINT('',(57.7601347292018,-2.86916048648784,-11.3013968207836));
#3649=CARTESIAN_POINT('',(57.7601347292018,-2.86916048648784,-0.00139682078358128));
#3650=CARTESIAN_POINT('',(57.7601347292018,-2.86916048648784,-0.00139682078358128));
#3651=CARTESIAN_POINT('',(57.7601347292018,-2.86916048648784,-0.00139682078358128));
#3652=CARTESIAN_POINT('Origin',(57.7601347292018,111.130839513512,-0.00139682078359016));
#3653=CARTESIAN_POINT('',(57.7601347292018,111.130839513512,-0.00139682078359016));
#3654=CARTESIAN_POINT('',(57.7601347292018,111.130839513512,-0.00139682078359016));
#3655=CARTESIAN_POINT('',(57.7601347292018,111.130839513512,-11.3013968207836));
#3656=CARTESIAN_POINT('',(57.7601347292018,111.130839513512,-11.3013968207836));
#3657=CARTESIAN_POINT('',(57.7601347292018,111.130839513512,-0.00139682078359016));
#3658=CARTESIAN_POINT('Origin',(27.7601347292018,54.1308395135122,-11.3013968207836));
#3659=CARTESIAN_POINT('',(-2.23986527079823,111.130839513512,-11.3013968207836));
#3660=CARTESIAN_POINT('Origin',(30.5238510232523,111.131835087334,-4.74000167846687));
#3661=CARTESIAN_POINT('',(36.8738510232522,111.130839513512,-4.74000167846692));
#3662=CARTESIAN_POINT('',(30.5238510232523,111.130839513512,-4.74000167846687));
#3663=CARTESIAN_POINT('',(32.1173846807619,111.130839513512,-4.74000167846688));
#3664=CARTESIAN_POINT('',(36.8738510232522,111.131835087334,-4.74000167846692));
#3665=CARTESIAN_POINT('',(30.5238510232523,111.131835087334,-4.74000167846687));
#3666=CARTESIAN_POINT('Origin',(36.8738510232522,111.131835087334,-6.04000167846691));
#3667=CARTESIAN_POINT('',(38.1584410178675,111.130839513512,-5.84043077443931));
#3668=CARTESIAN_POINT('Origin',(36.8738510232522,111.130839513512,-6.04000167846691));
#3669=CARTESIAN_POINT('',(38.1584410178675,111.131835087334,-5.84043077443931));
#3670=CARTESIAN_POINT('Origin',(38.1584410178675,111.131835087334,-5.84043077443931));
#3671=CARTESIAN_POINT('',(37.7051167346098,111.130839513512,-2.92249120090145));
#3672=CARTESIAN_POINT('Origin',(30.5238510232523,111.131835087334,-6.04000167846686));
#3673=CARTESIAN_POINT('',(29.2327890366898,111.130839513512,-5.88782103957564));
#3674=CARTESIAN_POINT('Origin',(30.5238510232523,111.130839513512,-6.04000167846686));
#3675=CARTESIAN_POINT('',(29.2327890366898,111.131835087334,-5.88782103957564));
#3676=CARTESIAN_POINT('Origin',(29.1596975950372,111.131835087334,-6.50791031340338));
#3677=CARTESIAN_POINT('',(29.5369358918549,111.130839513512,-3.3075161736136));
#3678=CARTESIAN_POINT('Origin',(33.7109183382716,110.381835087334,-0.00139682078359779));
#3679=CARTESIAN_POINT('',(-2.23986527079823,111.130839513512,-0.00139682078359016));
#3680=CARTESIAN_POINT('Origin',(33.7109183382716,111.130839513512,-0.554653567093477));
#3681=UNCERTAINTY_MEASURE_WITH_UNIT(LENGTH_MEASURE(0.01),#3685,
'DISTANCE_ACCURACY_VALUE',
'Maximum model space distance between geometric entities at asserted c
onnectivities');
#3682=UNCERTAINTY_MEASURE_WITH_UNIT(LENGTH_MEASURE(0.01),#3685,
'DISTANCE_ACCURACY_VALUE',
'Maximum model space distance between geometric entities at asserted c
onnectivities');
#3683=(
GEOMETRIC_REPRESENTATION_CONTEXT(3)
GLOBAL_UNCERTAINTY_ASSIGNED_CONTEXT((#3681))
GLOBAL_UNIT_ASSIGNED_CONTEXT((#3685,#3686,#3687))
REPRESENTATION_CONTEXT('','3D')
);
#3684=(
GEOMETRIC_REPRESENTATION_CONTEXT(3)
GLOBAL_UNCERTAINTY_ASSIGNED_CONTEXT((#3682))
GLOBAL_UNIT_ASSIGNED_CONTEXT((#3685,#3686,#3687))
REPRESENTATION_CONTEXT('','3D')
);
#3685=(
LENGTH_UNIT()
NAMED_UNIT(*)
SI_UNIT(.MILLI.,.METRE.)
);
#3686=(
NAMED_UNIT(*)
PLANE_ANGLE_UNIT()
SI_UNIT($,.RADIAN.)
);
#3687=(
NAMED_UNIT(*)
SI_UNIT($,.STERADIAN.)
SOLID_ANGLE_UNIT()
);
#3688=SHAPE_DEFINITION_REPRESENTATION(#3689,#3690);
#3689=PRODUCT_DEFINITION_SHAPE('',$,#3692);
#3690=SHAPE_REPRESENTATION('',(#1314),#3683);
#3691=PRODUCT_DEFINITION_CONTEXT('part definition',#3696,'design');
#3692=PRODUCT_DEFINITION('22GHzDsg_R3.0_no_seperate_usb_flap',
'22GHzDsg_R3.0_no_seperate_usb_flap v2',#3693,#3691);
#3693=PRODUCT_DEFINITION_FORMATION('',$,#3698);
#3694=PRODUCT_RELATED_PRODUCT_CATEGORY(
'22GHzDsg_R3.0_no_seperate_usb_flap v2',
'22GHzDsg_R3.0_no_seperate_usb_flap v2',(#3698));
#3695=APPLICATION_PROTOCOL_DEFINITION('international standard',
'automotive_design',2009,#3696);
#3696=APPLICATION_CONTEXT(
'Core Data for Automotive Mechanical Design Process');
#3697=PRODUCT_CONTEXT('part definition',#3696,'mechanical');
#3698=PRODUCT('22GHzDsg_R3.0_no_seperate_usb_flap',
'22GHzDsg_R3.0_no_seperate_usb_flap v2',$,(#3697));
#3699=PRESENTATION_STYLE_ASSIGNMENT((#3700));
#3700=SURFACE_STYLE_USAGE(.BOTH.,#3701);
#3701=SURFACE_SIDE_STYLE('',(#3702));
#3702=SURFACE_STYLE_FILL_AREA(#3703);
#3703=FILL_AREA_STYLE('Steel - Satin',(#3704));
#3704=FILL_AREA_STYLE_COLOUR('Steel - Satin',#3705);
#3705=COLOUR_RGB('Steel - Satin',0.627450980392157,0.627450980392157,0.627450980392157);
ENDSEC;
END-ISO-10303-21;
