ISO-10303-21;
HEADER;
/* Generated by software containing ST-Developer
 * from STEP Tools, Inc. (www.steptools.com) 
 */

FILE_DESCRIPTION(
/* description */ (''),
/* implementation_level */ '2;1');

FILE_NAME(
/* name */ 'DSG_BOTTOM_MASS_OK.step',
/* time_stamp */ '2026-06-19T00:52:09+02:00',
/* author */ (''),
/* organization */ (''),
/* preprocessor_version */ 'ST-DEVELOPER v20.1',
/* originating_system */ 'Autodesk Translation Framework v14.24.0.0',
/* authorisation */ '');

FILE_SCHEMA (('AUTOMOTIVE_DESIGN { 1 0 10303 214 3 1 1 }'));
ENDSEC;

DATA;
#10=MECHANICAL_DESIGN_GEOMETRIC_PRESENTATION_REPRESENTATION('',(#13),#7443);
#11=SHAPE_REPRESENTATION_RELATIONSHIP('SRR','None',#7450,#12);
#12=ADVANCED_BREP_SHAPE_REPRESENTATION('',(#14),#7442);
#13=STYLED_ITEM('',(#7459),#14);
#14=MANIFOLD_SOLID_BREP('Body7',#4613);
#15=CONICAL_SURFACE('',#4773,1.8,0.0523598775598299);
#16=CONICAL_SURFACE('',#4776,1.8,0.0523598775598299);
#17=CONICAL_SURFACE('',#4779,1.8,0.0523598775598299);
#18=CONICAL_SURFACE('',#4783,1.8,0.0523598775598299);
#19=CONICAL_SURFACE('',#4862,1.825,0.785398163397448);
#20=CONICAL_SURFACE('',#4864,1.825,0.785398163397448);
#21=CONICAL_SURFACE('',#4866,1.825,0.785398163397448);
#22=CONICAL_SURFACE('',#4876,1.825,0.785398163397448);
#23=CONICAL_SURFACE('',#4878,1.825,0.785398163397448);
#24=CONICAL_SURFACE('',#4880,1.825,0.785398163397448);
#25=(
BOUNDED_CURVE()
B_SPLINE_CURVE(2,(#6786,#6787,#6788),.UNSPECIFIED.,.F.,.F.)
B_SPLINE_CURVE_WITH_KNOTS((3,3),(0.132321132519459,1.15157908155606),
 .UNSPECIFIED.)
CURVE()
GEOMETRIC_REPRESENTATION_ITEM()
RATIONAL_B_SPLINE_CURVE((1.00212553283457,1.0092491618793,1.))
REPRESENTATION_ITEM('')
);
#26=(
BOUNDED_CURVE()
B_SPLINE_CURVE(2,(#6802,#6803,#6804),.UNSPECIFIED.,.F.,.F.)
B_SPLINE_CURVE_WITH_KNOTS((3,3),(0.0699747708073837,1.98816297548141),
 .UNSPECIFIED.)
CURVE()
GEOMETRIC_REPRESENTATION_ITEM()
RATIONAL_B_SPLINE_CURVE((1.01874701571859,1.26665534211881,1.01874701571859))
REPRESENTATION_ITEM('')
);
#27=(
BOUNDED_CURVE()
B_SPLINE_CURVE(2,(#6846,#6847,#6848),.UNSPECIFIED.,.F.,.F.)
B_SPLINE_CURVE_WITH_KNOTS((3,3),(0.132311479498095,1.15158002738634),
 .UNSPECIFIED.)
CURVE()
GEOMETRIC_REPRESENTATION_ITEM()
RATIONAL_B_SPLINE_CURVE((1.00212672140765,1.00925501667034,1.))
REPRESENTATION_ITEM('')
);
#28=(
BOUNDED_CURVE()
B_SPLINE_CURVE(2,(#6875,#6876,#6877),.UNSPECIFIED.,.F.,.F.)
B_SPLINE_CURVE_WITH_KNOTS((3,3),(0.0705818951941386,1.90532335502464),
 .UNSPECIFIED.)
CURVE()
GEOMETRIC_REPRESENTATION_ITEM()
RATIONAL_B_SPLINE_CURVE((1.01865104894391,1.25208338134996,1.01865104894391))
REPRESENTATION_ITEM('')
);
#29=(
BOUNDED_CURVE()
B_SPLINE_CURVE(2,(#6894,#6895,#6896),.UNSPECIFIED.,.F.,.F.)
B_SPLINE_CURVE_WITH_KNOTS((3,3),(0.0705818951941384,1.90532335502464),
 .UNSPECIFIED.)
CURVE()
GEOMETRIC_REPRESENTATION_ITEM()
RATIONAL_B_SPLINE_CURVE((1.01865104894391,1.25208338134997,1.01865104894391))
REPRESENTATION_ITEM('')
);
#30=(
BOUNDED_CURVE()
B_SPLINE_CURVE(2,(#6965,#6966,#6967),.UNSPECIFIED.,.F.,.F.)
B_SPLINE_CURVE_WITH_KNOTS((3,3),(0.,1.0192579490366),.UNSPECIFIED.)
CURVE()
GEOMETRIC_REPRESENTATION_ITEM()
RATIONAL_B_SPLINE_CURVE((1.,1.0092491618793,1.00212553283457))
REPRESENTATION_ITEM('')
);
#31=(
BOUNDED_CURVE()
B_SPLINE_CURVE(2,(#6973,#6974,#6975),.UNSPECIFIED.,.F.,.F.)
B_SPLINE_CURVE_WITH_KNOTS((3,3),(0.,1.01926854819317),.UNSPECIFIED.)
CURVE()
GEOMETRIC_REPRESENTATION_ITEM()
RATIONAL_B_SPLINE_CURVE((1.,1.00925501725461,1.00212672153701))
REPRESENTATION_ITEM('')
);
#32=(
BOUNDED_CURVE()
B_SPLINE_CURVE(2,(#6979,#6980,#6981),.UNSPECIFIED.,.F.,.F.)
B_SPLINE_CURVE_WITH_KNOTS((3,3),(0.,1.01926854775007),.UNSPECIFIED.)
CURVE()
GEOMETRIC_REPRESENTATION_ITEM()
RATIONAL_B_SPLINE_CURVE((1.,1.00925501550032,1.00212672114101))
REPRESENTATION_ITEM('')
);
#33=(
BOUNDED_CURVE()
B_SPLINE_CURVE(2,(#6984,#6985,#6986),.UNSPECIFIED.,.F.,.F.)
B_SPLINE_CURVE_WITH_KNOTS((3,3),(0.132311479636264,1.15158002738634),
 .UNSPECIFIED.)
CURVE()
GEOMETRIC_REPRESENTATION_ITEM()
RATIONAL_B_SPLINE_CURVE((1.00212672114101,1.00925501550032,1.))
REPRESENTATION_ITEM('')
);
#34=(
BOUNDED_CURVE()
B_SPLINE_CURVE(2,(#6991,#6992,#6993),.UNSPECIFIED.,.F.,.F.)
B_SPLINE_CURVE_WITH_KNOTS((3,3),(0.,1.01925794938467),.UNSPECIFIED.)
CURVE()
GEOMETRIC_REPRESENTATION_ITEM()
RATIONAL_B_SPLINE_CURVE((1.,1.00924916482796,1.0021255335066))
REPRESENTATION_ITEM('')
);
#35=(
BOUNDED_CURVE()
B_SPLINE_CURVE(2,(#6996,#6997,#6998),.UNSPECIFIED.,.F.,.F.)
B_SPLINE_CURVE_WITH_KNOTS((3,3),(0.132321132176175,1.15157908155606),
 .UNSPECIFIED.)
CURVE()
GEOMETRIC_REPRESENTATION_ITEM()
RATIONAL_B_SPLINE_CURVE((1.00212553349549,1.00924916477925,1.))
REPRESENTATION_ITEM('')
);
#36=(
BOUNDED_CURVE()
B_SPLINE_CURVE(2,(#7002,#7003,#7004),.UNSPECIFIED.,.F.,.F.)
B_SPLINE_CURVE_WITH_KNOTS((3,3),(0.069974770807383,1.98816297548141),
 .UNSPECIFIED.)
CURVE()
GEOMETRIC_REPRESENTATION_ITEM()
RATIONAL_B_SPLINE_CURVE((1.01874701571859,1.26665534211883,1.01874701571859))
REPRESENTATION_ITEM('')
);
#37=CYLINDRICAL_SURFACE('',#4653,1.4);
#38=CYLINDRICAL_SURFACE('',#4656,1.4);
#39=CYLINDRICAL_SURFACE('',#4659,1.4);
#40=CYLINDRICAL_SURFACE('',#4666,3.4995689920618);
#41=CYLINDRICAL_SURFACE('',#4670,3.4995689920618);
#42=CYLINDRICAL_SURFACE('',#4679,1.4);
#43=CYLINDRICAL_SURFACE('',#4682,1.4);
#44=CYLINDRICAL_SURFACE('',#4685,1.4);
#45=CYLINDRICAL_SURFACE('',#4690,3.4995689920618);
#46=CYLINDRICAL_SURFACE('',#4694,3.5012762514098);
#47=CYLINDRICAL_SURFACE('',#4869,1.);
#48=CYLINDRICAL_SURFACE('',#4872,1.25);
#49=CYLINDRICAL_SURFACE('',#4873,1.25);
#50=CYLINDRICAL_SURFACE('',#4875,1.25);
#51=CYLINDRICAL_SURFACE('',#4887,3.175);
#52=CYLINDRICAL_SURFACE('',#4893,3.175);
#53=CYLINDRICAL_SURFACE('',#4897,1.25);
#54=CYLINDRICAL_SURFACE('',#4898,1.25);
#55=CYLINDRICAL_SURFACE('',#4899,1.25);
#56=CYLINDRICAL_SURFACE('',#4905,3.175);
#57=CYLINDRICAL_SURFACE('',#4916,3.175);
#58=FACE_BOUND('',#391,.T.);
#59=FACE_BOUND('',#392,.T.);
#60=FACE_BOUND('',#393,.T.);
#61=FACE_BOUND('',#394,.T.);
#62=FACE_BOUND('',#395,.T.);
#63=FACE_BOUND('',#396,.T.);
#64=FACE_BOUND('',#397,.T.);
#65=FACE_BOUND('',#398,.T.);
#66=FACE_BOUND('',#410,.T.);
#67=FACE_BOUND('',#411,.T.);
#68=FACE_BOUND('',#412,.T.);
#69=FACE_BOUND('',#414,.T.);
#70=FACE_BOUND('',#416,.T.);
#71=FACE_BOUND('',#429,.T.);
#72=FACE_BOUND('',#430,.T.);
#73=FACE_BOUND('',#431,.T.);
#74=FACE_BOUND('',#432,.T.);
#75=FACE_BOUND('',#434,.T.);
#76=FACE_BOUND('',#436,.T.);
#77=FACE_BOUND('',#582,.T.);
#78=FACE_BOUND('',#604,.T.);
#79=CIRCLE('',#4642,1.8);
#80=CIRCLE('',#4643,1.8);
#81=CIRCLE('',#4644,1.8);
#82=CIRCLE('',#4645,1.8);
#83=CIRCLE('',#4646,1.8);
#84=CIRCLE('',#4647,1.8);
#85=CIRCLE('',#4648,1.8);
#86=CIRCLE('',#4649,1.8);
#87=CIRCLE('',#4650,1.);
#88=CIRCLE('',#4651,1.8);
#89=CIRCLE('',#4652,1.8);
#90=CIRCLE('',#4654,1.4);
#91=CIRCLE('',#4655,1.4);
#92=CIRCLE('',#4657,1.4);
#93=CIRCLE('',#4658,1.4);
#94=CIRCLE('',#4660,1.4);
#95=CIRCLE('',#4661,1.4);
#96=CIRCLE('',#4667,3.4995689920618);
#97=CIRCLE('',#4668,3.4995689920618);
#98=CIRCLE('',#4671,3.4995689920618);
#99=CIRCLE('',#4672,3.4995689920618);
#100=CIRCLE('',#4675,1.25);
#101=CIRCLE('',#4677,1.25);
#102=CIRCLE('',#4680,1.4);
#103=CIRCLE('',#4681,1.4);
#104=CIRCLE('',#4683,1.4);
#105=CIRCLE('',#4684,1.4);
#106=CIRCLE('',#4686,1.4);
#107=CIRCLE('',#4687,1.4);
#108=CIRCLE('',#4691,3.4995689920618);
#109=CIRCLE('',#4692,3.4995689920618);
#110=CIRCLE('',#4695,3.5012762514098);
#111=CIRCLE('',#4696,3.5012762514098);
#112=CIRCLE('',#4701,1.25);
#113=CIRCLE('',#4703,1.25);
#114=CIRCLE('',#4745,2.32407779283041);
#115=CIRCLE('',#4759,2.32407779283041);
#116=CIRCLE('',#4774,1.79999999999999);
#117=CIRCLE('',#4775,2.32407779283041);
#118=CIRCLE('',#4777,2.32407779283041);
#119=CIRCLE('',#4778,1.8);
#120=CIRCLE('',#4780,1.8);
#121=CIRCLE('',#4781,2.32407779283041);
#122=CIRCLE('',#4782,2.32407779283041);
#123=CIRCLE('',#4784,1.79999999999999);
#124=CIRCLE('',#4785,2.32407779283041);
#125=CIRCLE('',#4786,2.32407779283041);
#126=CIRCLE('',#4861,1.25);
#127=CIRCLE('',#4863,1.25);
#128=CIRCLE('',#4865,1.25);
#129=CIRCLE('',#4867,1.25);
#130=CIRCLE('',#4870,1.);
#131=CIRCLE('',#4874,1.25);
#132=CIRCLE('',#4877,1.25);
#133=CIRCLE('',#4879,1.25);
#134=CIRCLE('',#4881,1.25);
#135=CIRCLE('',#4888,3.175);
#136=CIRCLE('',#4889,3.175);
#137=CIRCLE('',#4894,3.175);
#138=CIRCLE('',#4895,3.175);
#139=CIRCLE('',#4906,3.175);
#140=CIRCLE('',#4907,3.175);
#141=CIRCLE('',#4915,3.175);
#142=CIRCLE('',#4917,3.175);
#143=FACE_OUTER_BOUND('',#376,.T.);
#144=FACE_OUTER_BOUND('',#377,.T.);
#145=FACE_OUTER_BOUND('',#378,.T.);
#146=FACE_OUTER_BOUND('',#379,.T.);
#147=FACE_OUTER_BOUND('',#380,.T.);
#148=FACE_OUTER_BOUND('',#381,.T.);
#149=FACE_OUTER_BOUND('',#382,.T.);
#150=FACE_OUTER_BOUND('',#383,.T.);
#151=FACE_OUTER_BOUND('',#384,.T.);
#152=FACE_OUTER_BOUND('',#385,.T.);
#153=FACE_OUTER_BOUND('',#386,.T.);
#154=FACE_OUTER_BOUND('',#387,.T.);
#155=FACE_OUTER_BOUND('',#388,.T.);
#156=FACE_OUTER_BOUND('',#389,.T.);
#157=FACE_OUTER_BOUND('',#390,.T.);
#158=FACE_OUTER_BOUND('',#399,.T.);
#159=FACE_OUTER_BOUND('',#400,.T.);
#160=FACE_OUTER_BOUND('',#401,.T.);
#161=FACE_OUTER_BOUND('',#402,.T.);
#162=FACE_OUTER_BOUND('',#403,.T.);
#163=FACE_OUTER_BOUND('',#404,.T.);
#164=FACE_OUTER_BOUND('',#405,.T.);
#165=FACE_OUTER_BOUND('',#406,.T.);
#166=FACE_OUTER_BOUND('',#407,.T.);
#167=FACE_OUTER_BOUND('',#408,.T.);
#168=FACE_OUTER_BOUND('',#409,.T.);
#169=FACE_OUTER_BOUND('',#413,.T.);
#170=FACE_OUTER_BOUND('',#415,.T.);
#171=FACE_OUTER_BOUND('',#417,.T.);
#172=FACE_OUTER_BOUND('',#418,.T.);
#173=FACE_OUTER_BOUND('',#419,.T.);
#174=FACE_OUTER_BOUND('',#420,.T.);
#175=FACE_OUTER_BOUND('',#421,.T.);
#176=FACE_OUTER_BOUND('',#422,.T.);
#177=FACE_OUTER_BOUND('',#423,.T.);
#178=FACE_OUTER_BOUND('',#424,.T.);
#179=FACE_OUTER_BOUND('',#425,.T.);
#180=FACE_OUTER_BOUND('',#426,.T.);
#181=FACE_OUTER_BOUND('',#427,.T.);
#182=FACE_OUTER_BOUND('',#428,.T.);
#183=FACE_OUTER_BOUND('',#433,.T.);
#184=FACE_OUTER_BOUND('',#435,.T.);
#185=FACE_OUTER_BOUND('',#437,.T.);
#186=FACE_OUTER_BOUND('',#438,.T.);
#187=FACE_OUTER_BOUND('',#439,.T.);
#188=FACE_OUTER_BOUND('',#440,.T.);
#189=FACE_OUTER_BOUND('',#441,.T.);
#190=FACE_OUTER_BOUND('',#442,.T.);
#191=FACE_OUTER_BOUND('',#443,.T.);
#192=FACE_OUTER_BOUND('',#444,.T.);
#193=FACE_OUTER_BOUND('',#445,.T.);
#194=FACE_OUTER_BOUND('',#446,.T.);
#195=FACE_OUTER_BOUND('',#447,.T.);
#196=FACE_OUTER_BOUND('',#448,.T.);
#197=FACE_OUTER_BOUND('',#449,.T.);
#198=FACE_OUTER_BOUND('',#450,.T.);
#199=FACE_OUTER_BOUND('',#451,.T.);
#200=FACE_OUTER_BOUND('',#452,.T.);
#201=FACE_OUTER_BOUND('',#453,.T.);
#202=FACE_OUTER_BOUND('',#454,.T.);
#203=FACE_OUTER_BOUND('',#455,.T.);
#204=FACE_OUTER_BOUND('',#456,.T.);
#205=FACE_OUTER_BOUND('',#457,.T.);
#206=FACE_OUTER_BOUND('',#458,.T.);
#207=FACE_OUTER_BOUND('',#459,.T.);
#208=FACE_OUTER_BOUND('',#460,.T.);
#209=FACE_OUTER_BOUND('',#461,.T.);
#210=FACE_OUTER_BOUND('',#462,.T.);
#211=FACE_OUTER_BOUND('',#463,.T.);
#212=FACE_OUTER_BOUND('',#464,.T.);
#213=FACE_OUTER_BOUND('',#465,.T.);
#214=FACE_OUTER_BOUND('',#466,.T.);
#215=FACE_OUTER_BOUND('',#467,.T.);
#216=FACE_OUTER_BOUND('',#468,.T.);
#217=FACE_OUTER_BOUND('',#469,.T.);
#218=FACE_OUTER_BOUND('',#470,.T.);
#219=FACE_OUTER_BOUND('',#471,.T.);
#220=FACE_OUTER_BOUND('',#472,.T.);
#221=FACE_OUTER_BOUND('',#473,.T.);
#222=FACE_OUTER_BOUND('',#474,.T.);
#223=FACE_OUTER_BOUND('',#475,.T.);
#224=FACE_OUTER_BOUND('',#476,.T.);
#225=FACE_OUTER_BOUND('',#477,.T.);
#226=FACE_OUTER_BOUND('',#478,.T.);
#227=FACE_OUTER_BOUND('',#479,.T.);
#228=FACE_OUTER_BOUND('',#480,.T.);
#229=FACE_OUTER_BOUND('',#481,.T.);
#230=FACE_OUTER_BOUND('',#482,.T.);
#231=FACE_OUTER_BOUND('',#483,.T.);
#232=FACE_OUTER_BOUND('',#484,.T.);
#233=FACE_OUTER_BOUND('',#485,.T.);
#234=FACE_OUTER_BOUND('',#486,.T.);
#235=FACE_OUTER_BOUND('',#487,.T.);
#236=FACE_OUTER_BOUND('',#488,.T.);
#237=FACE_OUTER_BOUND('',#489,.T.);
#238=FACE_OUTER_BOUND('',#490,.T.);
#239=FACE_OUTER_BOUND('',#491,.T.);
#240=FACE_OUTER_BOUND('',#492,.T.);
#241=FACE_OUTER_BOUND('',#493,.T.);
#242=FACE_OUTER_BOUND('',#494,.T.);
#243=FACE_OUTER_BOUND('',#495,.T.);
#244=FACE_OUTER_BOUND('',#496,.T.);
#245=FACE_OUTER_BOUND('',#497,.T.);
#246=FACE_OUTER_BOUND('',#498,.T.);
#247=FACE_OUTER_BOUND('',#499,.T.);
#248=FACE_OUTER_BOUND('',#500,.T.);
#249=FACE_OUTER_BOUND('',#501,.T.);
#250=FACE_OUTER_BOUND('',#502,.T.);
#251=FACE_OUTER_BOUND('',#503,.T.);
#252=FACE_OUTER_BOUND('',#504,.T.);
#253=FACE_OUTER_BOUND('',#505,.T.);
#254=FACE_OUTER_BOUND('',#506,.T.);
#255=FACE_OUTER_BOUND('',#507,.T.);
#256=FACE_OUTER_BOUND('',#508,.T.);
#257=FACE_OUTER_BOUND('',#509,.T.);
#258=FACE_OUTER_BOUND('',#510,.T.);
#259=FACE_OUTER_BOUND('',#511,.T.);
#260=FACE_OUTER_BOUND('',#512,.T.);
#261=FACE_OUTER_BOUND('',#513,.T.);
#262=FACE_OUTER_BOUND('',#514,.T.);
#263=FACE_OUTER_BOUND('',#515,.T.);
#264=FACE_OUTER_BOUND('',#516,.T.);
#265=FACE_OUTER_BOUND('',#517,.T.);
#266=FACE_OUTER_BOUND('',#518,.T.);
#267=FACE_OUTER_BOUND('',#519,.T.);
#268=FACE_OUTER_BOUND('',#520,.T.);
#269=FACE_OUTER_BOUND('',#521,.T.);
#270=FACE_OUTER_BOUND('',#522,.T.);
#271=FACE_OUTER_BOUND('',#523,.T.);
#272=FACE_OUTER_BOUND('',#524,.T.);
#273=FACE_OUTER_BOUND('',#525,.T.);
#274=FACE_OUTER_BOUND('',#526,.T.);
#275=FACE_OUTER_BOUND('',#527,.T.);
#276=FACE_OUTER_BOUND('',#528,.T.);
#277=FACE_OUTER_BOUND('',#529,.T.);
#278=FACE_OUTER_BOUND('',#530,.T.);
#279=FACE_OUTER_BOUND('',#531,.T.);
#280=FACE_OUTER_BOUND('',#532,.T.);
#281=FACE_OUTER_BOUND('',#533,.T.);
#282=FACE_OUTER_BOUND('',#534,.T.);
#283=FACE_OUTER_BOUND('',#535,.T.);
#284=FACE_OUTER_BOUND('',#536,.T.);
#285=FACE_OUTER_BOUND('',#537,.T.);
#286=FACE_OUTER_BOUND('',#538,.T.);
#287=FACE_OUTER_BOUND('',#539,.T.);
#288=FACE_OUTER_BOUND('',#540,.T.);
#289=FACE_OUTER_BOUND('',#541,.T.);
#290=FACE_OUTER_BOUND('',#542,.T.);
#291=FACE_OUTER_BOUND('',#543,.T.);
#292=FACE_OUTER_BOUND('',#544,.T.);
#293=FACE_OUTER_BOUND('',#545,.T.);
#294=FACE_OUTER_BOUND('',#546,.T.);
#295=FACE_OUTER_BOUND('',#547,.T.);
#296=FACE_OUTER_BOUND('',#548,.T.);
#297=FACE_OUTER_BOUND('',#549,.T.);
#298=FACE_OUTER_BOUND('',#550,.T.);
#299=FACE_OUTER_BOUND('',#551,.T.);
#300=FACE_OUTER_BOUND('',#552,.T.);
#301=FACE_OUTER_BOUND('',#553,.T.);
#302=FACE_OUTER_BOUND('',#554,.T.);
#303=FACE_OUTER_BOUND('',#555,.T.);
#304=FACE_OUTER_BOUND('',#556,.T.);
#305=FACE_OUTER_BOUND('',#557,.T.);
#306=FACE_OUTER_BOUND('',#558,.T.);
#307=FACE_OUTER_BOUND('',#559,.T.);
#308=FACE_OUTER_BOUND('',#560,.T.);
#309=FACE_OUTER_BOUND('',#561,.T.);
#310=FACE_OUTER_BOUND('',#562,.T.);
#311=FACE_OUTER_BOUND('',#563,.T.);
#312=FACE_OUTER_BOUND('',#564,.T.);
#313=FACE_OUTER_BOUND('',#565,.T.);
#314=FACE_OUTER_BOUND('',#566,.T.);
#315=FACE_OUTER_BOUND('',#567,.T.);
#316=FACE_OUTER_BOUND('',#568,.T.);
#317=FACE_OUTER_BOUND('',#569,.T.);
#318=FACE_OUTER_BOUND('',#570,.T.);
#319=FACE_OUTER_BOUND('',#571,.T.);
#320=FACE_OUTER_BOUND('',#572,.T.);
#321=FACE_OUTER_BOUND('',#573,.T.);
#322=FACE_OUTER_BOUND('',#574,.T.);
#323=FACE_OUTER_BOUND('',#575,.T.);
#324=FACE_OUTER_BOUND('',#576,.T.);
#325=FACE_OUTER_BOUND('',#577,.T.);
#326=FACE_OUTER_BOUND('',#578,.T.);
#327=FACE_OUTER_BOUND('',#579,.T.);
#328=FACE_OUTER_BOUND('',#580,.T.);
#329=FACE_OUTER_BOUND('',#581,.T.);
#330=FACE_OUTER_BOUND('',#583,.T.);
#331=FACE_OUTER_BOUND('',#584,.T.);
#332=FACE_OUTER_BOUND('',#585,.T.);
#333=FACE_OUTER_BOUND('',#586,.T.);
#334=FACE_OUTER_BOUND('',#587,.T.);
#335=FACE_OUTER_BOUND('',#588,.T.);
#336=FACE_OUTER_BOUND('',#589,.T.);
#337=FACE_OUTER_BOUND('',#590,.T.);
#338=FACE_OUTER_BOUND('',#591,.T.);
#339=FACE_OUTER_BOUND('',#592,.T.);
#340=FACE_OUTER_BOUND('',#593,.T.);
#341=FACE_OUTER_BOUND('',#594,.T.);
#342=FACE_OUTER_BOUND('',#595,.T.);
#343=FACE_OUTER_BOUND('',#596,.T.);
#344=FACE_OUTER_BOUND('',#597,.T.);
#345=FACE_OUTER_BOUND('',#598,.T.);
#346=FACE_OUTER_BOUND('',#599,.T.);
#347=FACE_OUTER_BOUND('',#600,.T.);
#348=FACE_OUTER_BOUND('',#601,.T.);
#349=FACE_OUTER_BOUND('',#602,.T.);
#350=FACE_OUTER_BOUND('',#603,.T.);
#351=FACE_OUTER_BOUND('',#605,.T.);
#352=FACE_OUTER_BOUND('',#606,.T.);
#353=FACE_OUTER_BOUND('',#607,.T.);
#354=FACE_OUTER_BOUND('',#608,.T.);
#355=FACE_OUTER_BOUND('',#609,.T.);
#356=FACE_OUTER_BOUND('',#610,.T.);
#357=FACE_OUTER_BOUND('',#611,.T.);
#358=FACE_OUTER_BOUND('',#612,.T.);
#359=FACE_OUTER_BOUND('',#613,.T.);
#360=FACE_OUTER_BOUND('',#614,.T.);
#361=FACE_OUTER_BOUND('',#615,.T.);
#362=FACE_OUTER_BOUND('',#616,.T.);
#363=FACE_OUTER_BOUND('',#617,.T.);
#364=FACE_OUTER_BOUND('',#618,.T.);
#365=FACE_OUTER_BOUND('',#619,.T.);
#366=FACE_OUTER_BOUND('',#620,.T.);
#367=FACE_OUTER_BOUND('',#621,.T.);
#368=FACE_OUTER_BOUND('',#622,.T.);
#369=FACE_OUTER_BOUND('',#623,.T.);
#370=FACE_OUTER_BOUND('',#624,.T.);
#371=FACE_OUTER_BOUND('',#625,.T.);
#372=FACE_OUTER_BOUND('',#626,.T.);
#373=FACE_OUTER_BOUND('',#627,.T.);
#374=FACE_OUTER_BOUND('',#628,.T.);
#375=FACE_OUTER_BOUND('',#629,.T.);
#376=EDGE_LOOP('',(#2870,#2871,#2872,#2873));
#377=EDGE_LOOP('',(#2874,#2875,#2876,#2877));
#378=EDGE_LOOP('',(#2878,#2879,#2880,#2881));
#379=EDGE_LOOP('',(#2882,#2883,#2884,#2885));
#380=EDGE_LOOP('',(#2886,#2887,#2888,#2889));
#381=EDGE_LOOP('',(#2890,#2891,#2892,#2893));
#382=EDGE_LOOP('',(#2894,#2895,#2896,#2897,#2898,#2899,#2900,#2901));
#383=EDGE_LOOP('',(#2902,#2903,#2904,#2905,#2906,#2907,#2908,#2909,#2910,
#2911,#2912,#2913,#2914,#2915,#2916,#2917,#2918,#2919,#2920,#2921,#2922,
#2923,#2924,#2925));
#384=EDGE_LOOP('',(#2926,#2927,#2928,#2929,#2930,#2931));
#385=EDGE_LOOP('',(#2932,#2933,#2934,#2935,#2936,#2937));
#386=EDGE_LOOP('',(#2938,#2939,#2940,#2941,#2942,#2943));
#387=EDGE_LOOP('',(#2944,#2945,#2946,#2947,#2948,#2949));
#388=EDGE_LOOP('',(#2950,#2951,#2952,#2953,#2954,#2955));
#389=EDGE_LOOP('',(#2956,#2957,#2958,#2959,#2960,#2961,#2962,#2963));
#390=EDGE_LOOP('',(#2964,#2965,#2966,#2967,#2968,#2969,#2970,#2971,#2972,
#2973,#2974,#2975,#2976,#2977,#2978,#2979,#2980,#2981,#2982,#2983,#2984,
#2985,#2986,#2987,#2988,#2989,#2990,#2991,#2992,#2993,#2994,#2995,#2996,
#2997,#2998,#2999,#3000,#3001,#3002,#3003,#3004,#3005,#3006,#3007,#3008,
#3009,#3010,#3011,#3012,#3013,#3014,#3015,#3016,#3017,#3018,#3019,#3020,
#3021,#3022,#3023,#3024,#3025,#3026,#3027,#3028,#3029,#3030,#3031));
#391=EDGE_LOOP('',(#3032,#3033,#3034,#3035));
#392=EDGE_LOOP('',(#3036,#3037,#3038,#3039));
#393=EDGE_LOOP('',(#3040,#3041,#3042,#3043));
#394=EDGE_LOOP('',(#3044,#3045,#3046,#3047));
#395=EDGE_LOOP('',(#3048,#3049,#3050,#3051));
#396=EDGE_LOOP('',(#3052,#3053,#3054,#3055,#3056,#3057,#3058,#3059));
#397=EDGE_LOOP('',(#3060));
#398=EDGE_LOOP('',(#3061));
#399=EDGE_LOOP('',(#3062,#3063,#3064,#3065));
#400=EDGE_LOOP('',(#3066,#3067,#3068,#3069));
#401=EDGE_LOOP('',(#3070,#3071,#3072,#3073));
#402=EDGE_LOOP('',(#3074,#3075,#3076,#3077));
#403=EDGE_LOOP('',(#3078,#3079,#3080,#3081));
#404=EDGE_LOOP('',(#3082,#3083,#3084,#3085));
#405=EDGE_LOOP('',(#3086,#3087,#3088,#3089));
#406=EDGE_LOOP('',(#3090,#3091,#3092,#3093));
#407=EDGE_LOOP('',(#3094,#3095,#3096,#3097));
#408=EDGE_LOOP('',(#3098,#3099,#3100,#3101));
#409=EDGE_LOOP('',(#3102,#3103,#3104,#3105,#3106,#3107,#3108,#3109,#3110,
#3111));
#410=EDGE_LOOP('',(#3112));
#411=EDGE_LOOP('',(#3113));
#412=EDGE_LOOP('',(#3114));
#413=EDGE_LOOP('',(#3115));
#414=EDGE_LOOP('',(#3116));
#415=EDGE_LOOP('',(#3117));
#416=EDGE_LOOP('',(#3118));
#417=EDGE_LOOP('',(#3119,#3120,#3121,#3122,#3123,#3124,#3125,#3126,#3127,
#3128));
#418=EDGE_LOOP('',(#3129,#3130,#3131,#3132));
#419=EDGE_LOOP('',(#3133,#3134,#3135,#3136));
#420=EDGE_LOOP('',(#3137,#3138,#3139,#3140));
#421=EDGE_LOOP('',(#3141,#3142,#3143,#3144));
#422=EDGE_LOOP('',(#3145,#3146,#3147,#3148));
#423=EDGE_LOOP('',(#3149,#3150,#3151,#3152));
#424=EDGE_LOOP('',(#3153,#3154,#3155,#3156));
#425=EDGE_LOOP('',(#3157,#3158,#3159,#3160));
#426=EDGE_LOOP('',(#3161,#3162,#3163,#3164));
#427=EDGE_LOOP('',(#3165,#3166,#3167,#3168));
#428=EDGE_LOOP('',(#3169,#3170,#3171,#3172,#3173,#3174,#3175,#3176,#3177,
#3178,#3179,#3180,#3181,#3182));
#429=EDGE_LOOP('',(#3183,#3184,#3185,#3186));
#430=EDGE_LOOP('',(#3187));
#431=EDGE_LOOP('',(#3188));
#432=EDGE_LOOP('',(#3189));
#433=EDGE_LOOP('',(#3190));
#434=EDGE_LOOP('',(#3191));
#435=EDGE_LOOP('',(#3192));
#436=EDGE_LOOP('',(#3193));
#437=EDGE_LOOP('',(#3194,#3195,#3196,#3197,#3198,#3199,#3200,#3201,#3202,
#3203));
#438=EDGE_LOOP('',(#3204,#3205,#3206,#3207));
#439=EDGE_LOOP('',(#3208,#3209,#3210,#3211));
#440=EDGE_LOOP('',(#3212,#3213,#3214,#3215));
#441=EDGE_LOOP('',(#3216,#3217,#3218,#3219));
#442=EDGE_LOOP('',(#3220,#3221,#3222,#3223));
#443=EDGE_LOOP('',(#3224,#3225,#3226,#3227));
#444=EDGE_LOOP('',(#3228,#3229,#3230,#3231));
#445=EDGE_LOOP('',(#3232,#3233,#3234,#3235));
#446=EDGE_LOOP('',(#3236,#3237,#3238,#3239));
#447=EDGE_LOOP('',(#3240,#3241,#3242,#3243));
#448=EDGE_LOOP('',(#3244,#3245,#3246,#3247));
#449=EDGE_LOOP('',(#3248,#3249,#3250,#3251));
#450=EDGE_LOOP('',(#3252,#3253,#3254,#3255));
#451=EDGE_LOOP('',(#3256,#3257,#3258,#3259));
#452=EDGE_LOOP('',(#3260,#3261,#3262,#3263));
#453=EDGE_LOOP('',(#3264,#3265,#3266,#3267));
#454=EDGE_LOOP('',(#3268,#3269,#3270,#3271));
#455=EDGE_LOOP('',(#3272,#3273,#3274,#3275));
#456=EDGE_LOOP('',(#3276,#3277,#3278,#3279));
#457=EDGE_LOOP('',(#3280,#3281,#3282,#3283));
#458=EDGE_LOOP('',(#3284,#3285,#3286,#3287));
#459=EDGE_LOOP('',(#3288,#3289,#3290,#3291));
#460=EDGE_LOOP('',(#3292,#3293,#3294,#3295));
#461=EDGE_LOOP('',(#3296,#3297,#3298,#3299));
#462=EDGE_LOOP('',(#3300,#3301,#3302,#3303));
#463=EDGE_LOOP('',(#3304,#3305,#3306,#3307));
#464=EDGE_LOOP('',(#3308,#3309,#3310,#3311));
#465=EDGE_LOOP('',(#3312,#3313,#3314,#3315));
#466=EDGE_LOOP('',(#3316,#3317,#3318,#3319));
#467=EDGE_LOOP('',(#3320,#3321,#3322,#3323));
#468=EDGE_LOOP('',(#3324,#3325,#3326,#3327));
#469=EDGE_LOOP('',(#3328,#3329,#3330,#3331));
#470=EDGE_LOOP('',(#3332,#3333,#3334,#3335));
#471=EDGE_LOOP('',(#3336,#3337,#3338,#3339));
#472=EDGE_LOOP('',(#3340,#3341,#3342,#3343));
#473=EDGE_LOOP('',(#3344,#3345,#3346,#3347));
#474=EDGE_LOOP('',(#3348,#3349,#3350,#3351));
#475=EDGE_LOOP('',(#3352,#3353,#3354,#3355));
#476=EDGE_LOOP('',(#3356,#3357,#3358,#3359));
#477=EDGE_LOOP('',(#3360,#3361,#3362,#3363));
#478=EDGE_LOOP('',(#3364,#3365,#3366,#3367,#3368,#3369,#3370,#3371));
#479=EDGE_LOOP('',(#3372,#3373,#3374,#3375,#3376,#3377));
#480=EDGE_LOOP('',(#3378,#3379,#3380,#3381));
#481=EDGE_LOOP('',(#3382,#3383,#3384,#3385,#3386,#3387));
#482=EDGE_LOOP('',(#3388,#3389,#3390,#3391));
#483=EDGE_LOOP('',(#3392,#3393,#3394,#3395,#3396,#3397));
#484=EDGE_LOOP('',(#3398,#3399,#3400,#3401,#3402,#3403));
#485=EDGE_LOOP('',(#3404,#3405,#3406,#3407));
#486=EDGE_LOOP('',(#3408,#3409,#3410,#3411));
#487=EDGE_LOOP('',(#3412,#3413,#3414,#3415,#3416,#3417));
#488=EDGE_LOOP('',(#3418,#3419,#3420,#3421,#3422,#3423));
#489=EDGE_LOOP('',(#3424,#3425,#3426,#3427));
#490=EDGE_LOOP('',(#3428,#3429,#3430,#3431));
#491=EDGE_LOOP('',(#3432,#3433,#3434,#3435,#3436,#3437,#3438,#3439));
#492=EDGE_LOOP('',(#3440,#3441,#3442,#3443,#3444,#3445,#3446,#3447));
#493=EDGE_LOOP('',(#3448,#3449,#3450,#3451,#3452,#3453));
#494=EDGE_LOOP('',(#3454,#3455,#3456,#3457,#3458,#3459));
#495=EDGE_LOOP('',(#3460,#3461,#3462,#3463));
#496=EDGE_LOOP('',(#3464,#3465,#3466,#3467,#3468,#3469));
#497=EDGE_LOOP('',(#3470,#3471,#3472,#3473));
#498=EDGE_LOOP('',(#3474,#3475,#3476,#3477));
#499=EDGE_LOOP('',(#3478,#3479,#3480,#3481,#3482,#3483));
#500=EDGE_LOOP('',(#3484,#3485,#3486,#3487,#3488,#3489));
#501=EDGE_LOOP('',(#3490,#3491,#3492,#3493));
#502=EDGE_LOOP('',(#3494,#3495,#3496,#3497,#3498,#3499));
#503=EDGE_LOOP('',(#3500,#3501,#3502,#3503,#3504,#3505));
#504=EDGE_LOOP('',(#3506,#3507,#3508,#3509,#3510,#3511));
#505=EDGE_LOOP('',(#3512,#3513,#3514,#3515,#3516,#3517));
#506=EDGE_LOOP('',(#3518,#3519,#3520,#3521,#3522,#3523));
#507=EDGE_LOOP('',(#3524,#3525,#3526,#3527,#3528,#3529));
#508=EDGE_LOOP('',(#3530,#3531,#3532,#3533,#3534,#3535));
#509=EDGE_LOOP('',(#3536,#3537,#3538,#3539));
#510=EDGE_LOOP('',(#3540,#3541,#3542,#3543,#3544,#3545));
#511=EDGE_LOOP('',(#3546,#3547,#3548,#3549,#3550,#3551,#3552,#3553));
#512=EDGE_LOOP('',(#3554,#3555,#3556,#3557));
#513=EDGE_LOOP('',(#3558,#3559,#3560,#3561));
#514=EDGE_LOOP('',(#3562,#3563,#3564,#3565));
#515=EDGE_LOOP('',(#3566,#3567,#3568,#3569,#3570,#3571));
#516=EDGE_LOOP('',(#3572,#3573,#3574,#3575));
#517=EDGE_LOOP('',(#3576,#3577,#3578,#3579,#3580,#3581));
#518=EDGE_LOOP('',(#3582,#3583,#3584,#3585));
#519=EDGE_LOOP('',(#3586,#3587,#3588,#3589));
#520=EDGE_LOOP('',(#3590,#3591,#3592,#3593));
#521=EDGE_LOOP('',(#3594,#3595,#3596,#3597));
#522=EDGE_LOOP('',(#3598,#3599,#3600,#3601));
#523=EDGE_LOOP('',(#3602,#3603,#3604,#3605));
#524=EDGE_LOOP('',(#3606,#3607,#3608,#3609));
#525=EDGE_LOOP('',(#3610,#3611,#3612,#3613));
#526=EDGE_LOOP('',(#3614,#3615,#3616,#3617));
#527=EDGE_LOOP('',(#3618,#3619,#3620,#3621));
#528=EDGE_LOOP('',(#3622,#3623,#3624,#3625));
#529=EDGE_LOOP('',(#3626,#3627,#3628,#3629));
#530=EDGE_LOOP('',(#3630,#3631,#3632,#3633));
#531=EDGE_LOOP('',(#3634,#3635,#3636,#3637));
#532=EDGE_LOOP('',(#3638,#3639,#3640,#3641,#3642,#3643));
#533=EDGE_LOOP('',(#3644,#3645,#3646,#3647));
#534=EDGE_LOOP('',(#3648,#3649,#3650,#3651));
#535=EDGE_LOOP('',(#3652,#3653,#3654,#3655));
#536=EDGE_LOOP('',(#3656,#3657,#3658,#3659));
#537=EDGE_LOOP('',(#3660,#3661,#3662,#3663));
#538=EDGE_LOOP('',(#3664,#3665,#3666,#3667));
#539=EDGE_LOOP('',(#3668,#3669,#3670,#3671));
#540=EDGE_LOOP('',(#3672,#3673,#3674,#3675));
#541=EDGE_LOOP('',(#3676,#3677,#3678,#3679));
#542=EDGE_LOOP('',(#3680,#3681,#3682,#3683));
#543=EDGE_LOOP('',(#3684,#3685,#3686,#3687,#3688,#3689));
#544=EDGE_LOOP('',(#3690,#3691,#3692,#3693));
#545=EDGE_LOOP('',(#3694,#3695,#3696,#3697));
#546=EDGE_LOOP('',(#3698,#3699,#3700,#3701));
#547=EDGE_LOOP('',(#3702,#3703,#3704,#3705));
#548=EDGE_LOOP('',(#3706,#3707,#3708,#3709));
#549=EDGE_LOOP('',(#3710,#3711,#3712,#3713,#3714,#3715));
#550=EDGE_LOOP('',(#3716,#3717,#3718,#3719));
#551=EDGE_LOOP('',(#3720,#3721,#3722,#3723));
#552=EDGE_LOOP('',(#3724,#3725,#3726,#3727));
#553=EDGE_LOOP('',(#3728,#3729,#3730,#3731));
#554=EDGE_LOOP('',(#3732,#3733,#3734,#3735));
#555=EDGE_LOOP('',(#3736,#3737,#3738,#3739,#3740,#3741));
#556=EDGE_LOOP('',(#3742,#3743,#3744,#3745));
#557=EDGE_LOOP('',(#3746,#3747,#3748,#3749));
#558=EDGE_LOOP('',(#3750,#3751,#3752,#3753));
#559=EDGE_LOOP('',(#3754,#3755,#3756,#3757));
#560=EDGE_LOOP('',(#3758,#3759,#3760,#3761));
#561=EDGE_LOOP('',(#3762,#3763,#3764,#3765,#3766,#3767));
#562=EDGE_LOOP('',(#3768,#3769,#3770,#3771,#3772,#3773));
#563=EDGE_LOOP('',(#3774,#3775,#3776,#3777));
#564=EDGE_LOOP('',(#3778,#3779,#3780,#3781));
#565=EDGE_LOOP('',(#3782,#3783,#3784,#3785));
#566=EDGE_LOOP('',(#3786,#3787,#3788,#3789));
#567=EDGE_LOOP('',(#3790,#3791,#3792,#3793));
#568=EDGE_LOOP('',(#3794,#3795,#3796,#3797,#3798,#3799));
#569=EDGE_LOOP('',(#3800,#3801,#3802,#3803,#3804,#3805));
#570=EDGE_LOOP('',(#3806,#3807,#3808,#3809));
#571=EDGE_LOOP('',(#3810,#3811,#3812,#3813));
#572=EDGE_LOOP('',(#3814,#3815,#3816,#3817,#3818,#3819,#3820,#3821));
#573=EDGE_LOOP('',(#3822,#3823,#3824,#3825));
#574=EDGE_LOOP('',(#3826,#3827,#3828,#3829,#3830,#3831,#3832,#3833));
#575=EDGE_LOOP('',(#3834,#3835,#3836,#3837));
#576=EDGE_LOOP('',(#3838,#3839,#3840,#3841));
#577=EDGE_LOOP('',(#3842,#3843,#3844,#3845));
#578=EDGE_LOOP('',(#3846,#3847,#3848,#3849,#3850,#3851,#3852,#3853));
#579=EDGE_LOOP('',(#3854,#3855,#3856,#3857));
#580=EDGE_LOOP('',(#3858,#3859,#3860,#3861,#3862,#3863,#3864,#3865));
#581=EDGE_LOOP('',(#3866));
#582=EDGE_LOOP('',(#3867));
#583=EDGE_LOOP('',(#3868,#3869,#3870,#3871));
#584=EDGE_LOOP('',(#3872,#3873,#3874,#3875,#3876,#3877));
#585=EDGE_LOOP('',(#3878,#3879,#3880,#3881,#3882,#3883));
#586=EDGE_LOOP('',(#3884,#3885,#3886,#3887));
#587=EDGE_LOOP('',(#3888,#3889,#3890,#3891));
#588=EDGE_LOOP('',(#3892,#3893,#3894,#3895));
#589=EDGE_LOOP('',(#3896,#3897,#3898,#3899));
#590=EDGE_LOOP('',(#3900,#3901,#3902,#3903));
#591=EDGE_LOOP('',(#3904,#3905,#3906,#3907));
#592=EDGE_LOOP('',(#3908,#3909,#3910,#3911,#3912,#3913));
#593=EDGE_LOOP('',(#3914,#3915,#3916,#3917,#3918,#3919));
#594=EDGE_LOOP('',(#3920,#3921,#3922,#3923));
#595=EDGE_LOOP('',(#3924,#3925,#3926,#3927));
#596=EDGE_LOOP('',(#3928,#3929,#3930,#3931));
#597=EDGE_LOOP('',(#3932,#3933,#3934,#3935,#3936,#3937,#3938,#3939));
#598=EDGE_LOOP('',(#3940,#3941,#3942,#3943,#3944,#3945,#3946,#3947));
#599=EDGE_LOOP('',(#3948,#3949,#3950,#3951));
#600=EDGE_LOOP('',(#3952,#3953,#3954,#3955,#3956));
#601=EDGE_LOOP('',(#3957,#3958,#3959,#3960));
#602=EDGE_LOOP('',(#3961,#3962,#3963,#3964));
#603=EDGE_LOOP('',(#3965));
#604=EDGE_LOOP('',(#3966));
#605=EDGE_LOOP('',(#3967,#3968,#3969,#3970,#3971));
#606=EDGE_LOOP('',(#3972,#3973,#3974,#3975));
#607=EDGE_LOOP('',(#3976,#3977,#3978,#3979));
#608=EDGE_LOOP('',(#3980,#3981,#3982,#3983));
#609=EDGE_LOOP('',(#3984,#3985,#3986,#3987));
#610=EDGE_LOOP('',(#3988,#3989,#3990,#3991,#3992,#3993));
#611=EDGE_LOOP('',(#3994,#3995,#3996,#3997));
#612=EDGE_LOOP('',(#3998,#3999,#4000,#4001,#4002,#4003));
#613=EDGE_LOOP('',(#4004,#4005,#4006,#4007));
#614=EDGE_LOOP('',(#4008,#4009,#4010,#4011));
#615=EDGE_LOOP('',(#4012,#4013,#4014,#4015,#4016));
#616=EDGE_LOOP('',(#4017,#4018,#4019,#4020,#4021,#4022,#4023,#4024,#4025,
#4026));
#617=EDGE_LOOP('',(#4027,#4028,#4029,#4030));
#618=EDGE_LOOP('',(#4031,#4032,#4033,#4034));
#619=EDGE_LOOP('',(#4035,#4036,#4037,#4038));
#620=EDGE_LOOP('',(#4039,#4040,#4041,#4042));
#621=EDGE_LOOP('',(#4043,#4044,#4045,#4046));
#622=EDGE_LOOP('',(#4047,#4048,#4049,#4050,#4051,#4052,#4053,#4054,#4055,
#4056));
#623=EDGE_LOOP('',(#4057,#4058,#4059,#4060,#4061));
#624=EDGE_LOOP('',(#4062,#4063,#4064,#4065));
#625=EDGE_LOOP('',(#4066,#4067,#4068,#4069));
#626=EDGE_LOOP('',(#4070,#4071,#4072,#4073));
#627=EDGE_LOOP('',(#4074,#4075,#4076,#4077));
#628=EDGE_LOOP('',(#4078,#4079,#4080,#4081,#4082,#4083,#4084,#4085,#4086,
#4087,#4088,#4089,#4090,#4091,#4092,#4093,#4094,#4095,#4096,#4097,#4098,
#4099,#4100,#4101,#4102,#4103,#4104,#4105,#4106,#4107,#4108,#4109,#4110,
#4111,#4112,#4113,#4114,#4115,#4116,#4117,#4118,#4119,#4120,#4121,#4122,
#4123,#4124,#4125,#4126,#4127));
#629=EDGE_LOOP('',(#4128,#4129,#4130,#4131,#4132,#4133,#4134,#4135,#4136,
#4137,#4138,#4139,#4140,#4141,#4142,#4143,#4144,#4145,#4146,#4147,#4148,
#4149,#4150,#4151,#4152,#4153,#4154,#4155,#4156,#4157,#4158,#4159,#4160,
#4161,#4162,#4163,#4164,#4165,#4166,#4167,#4168,#4169,#4170,#4171,#4172,
#4173,#4174,#4175,#4176,#4177));
#630=LINE('',#6102,#1208);
#631=LINE('',#6104,#1209);
#632=LINE('',#6106,#1210);
#633=LINE('',#6107,#1211);
#634=LINE('',#6111,#1212);
#635=LINE('',#6113,#1213);
#636=LINE('',#6115,#1214);
#637=LINE('',#6116,#1215);
#638=LINE('',#6120,#1216);
#639=LINE('',#6122,#1217);
#640=LINE('',#6124,#1218);
#641=LINE('',#6125,#1219);
#642=LINE('',#6129,#1220);
#643=LINE('',#6131,#1221);
#644=LINE('',#6133,#1222);
#645=LINE('',#6134,#1223);
#646=LINE('',#6138,#1224);
#647=LINE('',#6140,#1225);
#648=LINE('',#6142,#1226);
#649=LINE('',#6143,#1227);
#650=LINE('',#6147,#1228);
#651=LINE('',#6149,#1229);
#652=LINE('',#6151,#1230);
#653=LINE('',#6152,#1231);
#654=LINE('',#6155,#1232);
#655=LINE('',#6157,#1233);
#656=LINE('',#6159,#1234);
#657=LINE('',#6161,#1235);
#658=LINE('',#6163,#1236);
#659=LINE('',#6165,#1237);
#660=LINE('',#6166,#1238);
#661=LINE('',#6169,#1239);
#662=LINE('',#6171,#1240);
#663=LINE('',#6172,#1241);
#664=LINE('',#6174,#1242);
#665=LINE('',#6175,#1243);
#666=LINE('',#6177,#1244);
#667=LINE('',#6179,#1245);
#668=LINE('',#6180,#1246);
#669=LINE('',#6182,#1247);
#670=LINE('',#6184,#1248);
#671=LINE('',#6185,#1249);
#672=LINE('',#6187,#1250);
#673=LINE('',#6189,#1251);
#674=LINE('',#6190,#1252);
#675=LINE('',#6192,#1253);
#676=LINE('',#6194,#1254);
#677=LINE('',#6195,#1255);
#678=LINE('',#6198,#1256);
#679=LINE('',#6200,#1257);
#680=LINE('',#6202,#1258);
#681=LINE('',#6203,#1259);
#682=LINE('',#6206,#1260);
#683=LINE('',#6208,#1261);
#684=LINE('',#6210,#1262);
#685=LINE('',#6211,#1263);
#686=LINE('',#6214,#1264);
#687=LINE('',#6216,#1265);
#688=LINE('',#6218,#1266);
#689=LINE('',#6219,#1267);
#690=LINE('',#6222,#1268);
#691=LINE('',#6224,#1269);
#692=LINE('',#6226,#1270);
#693=LINE('',#6227,#1271);
#694=LINE('',#6230,#1272);
#695=LINE('',#6232,#1273);
#696=LINE('',#6234,#1274);
#697=LINE('',#6235,#1275);
#698=LINE('',#6238,#1276);
#699=LINE('',#6240,#1277);
#700=LINE('',#6242,#1278);
#701=LINE('',#6244,#1279);
#702=LINE('',#6246,#1280);
#703=LINE('',#6247,#1281);
#704=LINE('',#6250,#1282);
#705=LINE('',#6252,#1283);
#706=LINE('',#6254,#1284);
#707=LINE('',#6256,#1285);
#708=LINE('',#6258,#1286);
#709=LINE('',#6260,#1287);
#710=LINE('',#6266,#1288);
#711=LINE('',#6268,#1289);
#712=LINE('',#6270,#1290);
#713=LINE('',#6272,#1291);
#714=LINE('',#6274,#1292);
#715=LINE('',#6280,#1293);
#716=LINE('',#6282,#1294);
#717=LINE('',#6284,#1295);
#718=LINE('',#6286,#1296);
#719=LINE('',#6288,#1297);
#720=LINE('',#6290,#1298);
#721=LINE('',#6292,#1299);
#722=LINE('',#6294,#1300);
#723=LINE('',#6296,#1301);
#724=LINE('',#6298,#1302);
#725=LINE('',#6300,#1303);
#726=LINE('',#6302,#1304);
#727=LINE('',#6304,#1305);
#728=LINE('',#6306,#1306);
#729=LINE('',#6308,#1307);
#730=LINE('',#6310,#1308);
#731=LINE('',#6312,#1309);
#732=LINE('',#6314,#1310);
#733=LINE('',#6316,#1311);
#734=LINE('',#6318,#1312);
#735=LINE('',#6320,#1313);
#736=LINE('',#6322,#1314);
#737=LINE('',#6324,#1315);
#738=LINE('',#6326,#1316);
#739=LINE('',#6328,#1317);
#740=LINE('',#6330,#1318);
#741=LINE('',#6332,#1319);
#742=LINE('',#6334,#1320);
#743=LINE('',#6336,#1321);
#744=LINE('',#6338,#1322);
#745=LINE('',#6340,#1323);
#746=LINE('',#6342,#1324);
#747=LINE('',#6344,#1325);
#748=LINE('',#6346,#1326);
#749=LINE('',#6348,#1327);
#750=LINE('',#6354,#1328);
#751=LINE('',#6356,#1329);
#752=LINE('',#6358,#1330);
#753=LINE('',#6360,#1331);
#754=LINE('',#6362,#1332);
#755=LINE('',#6368,#1333);
#756=LINE('',#6370,#1334);
#757=LINE('',#6372,#1335);
#758=LINE('',#6374,#1336);
#759=LINE('',#6376,#1337);
#760=LINE('',#6377,#1338);
#761=LINE('',#6380,#1339);
#762=LINE('',#6382,#1340);
#763=LINE('',#6384,#1341);
#764=LINE('',#6385,#1342);
#765=LINE('',#6388,#1343);
#766=LINE('',#6390,#1344);
#767=LINE('',#6392,#1345);
#768=LINE('',#6393,#1346);
#769=LINE('',#6396,#1347);
#770=LINE('',#6398,#1348);
#771=LINE('',#6400,#1349);
#772=LINE('',#6401,#1350);
#773=LINE('',#6404,#1351);
#774=LINE('',#6406,#1352);
#775=LINE('',#6408,#1353);
#776=LINE('',#6409,#1354);
#777=LINE('',#6412,#1355);
#778=LINE('',#6414,#1356);
#779=LINE('',#6416,#1357);
#780=LINE('',#6417,#1358);
#781=LINE('',#6420,#1359);
#782=LINE('',#6422,#1360);
#783=LINE('',#6424,#1361);
#784=LINE('',#6426,#1362);
#785=LINE('',#6430,#1363);
#786=LINE('',#6432,#1364);
#787=LINE('',#6433,#1365);
#788=LINE('',#6442,#1366);
#789=LINE('',#6448,#1367);
#790=LINE('',#6454,#1368);
#791=LINE('',#6459,#1369);
#792=LINE('',#6461,#1370);
#793=LINE('',#6463,#1371);
#794=LINE('',#6464,#1372);
#795=LINE('',#6467,#1373);
#796=LINE('',#6469,#1374);
#797=LINE('',#6470,#1375);
#798=LINE('',#6474,#1376);
#799=LINE('',#6476,#1377);
#800=LINE('',#6478,#1378);
#801=LINE('',#6479,#1379);
#802=LINE('',#6482,#1380);
#803=LINE('',#6484,#1381);
#804=LINE('',#6485,#1382);
#805=LINE('',#6491,#1383);
#806=LINE('',#6494,#1384);
#807=LINE('',#6496,#1385);
#808=LINE('',#6497,#1386);
#809=LINE('',#6503,#1387);
#810=LINE('',#6505,#1388);
#811=LINE('',#6506,#1389);
#812=LINE('',#6515,#1390);
#813=LINE('',#6517,#1391);
#814=LINE('',#6519,#1392);
#815=LINE('',#6521,#1393);
#816=LINE('',#6522,#1394);
#817=LINE('',#6527,#1395);
#818=LINE('',#6533,#1396);
#819=LINE('',#6539,#1397);
#820=LINE('',#6544,#1398);
#821=LINE('',#6546,#1399);
#822=LINE('',#6548,#1400);
#823=LINE('',#6549,#1401);
#824=LINE('',#6552,#1402);
#825=LINE('',#6554,#1403);
#826=LINE('',#6555,#1404);
#827=LINE('',#6561,#1405);
#828=LINE('',#6564,#1406);
#829=LINE('',#6566,#1407);
#830=LINE('',#6567,#1408);
#831=LINE('',#6573,#1409);
#832=LINE('',#6576,#1410);
#833=LINE('',#6578,#1411);
#834=LINE('',#6579,#1412);
#835=LINE('',#6582,#1413);
#836=LINE('',#6584,#1414);
#837=LINE('',#6585,#1415);
#838=LINE('',#6588,#1416);
#839=LINE('',#6590,#1417);
#840=LINE('',#6592,#1418);
#841=LINE('',#6594,#1419);
#842=LINE('',#6596,#1420);
#843=LINE('',#6598,#1421);
#844=LINE('',#6599,#1422);
#845=LINE('',#6602,#1423);
#846=LINE('',#6604,#1424);
#847=LINE('',#6606,#1425);
#848=LINE('',#6607,#1426);
#849=LINE('',#6616,#1427);
#850=LINE('',#6618,#1428);
#851=LINE('',#6620,#1429);
#852=LINE('',#6622,#1430);
#853=LINE('',#6623,#1431);
#854=LINE('',#6626,#1432);
#855=LINE('',#6628,#1433);
#856=LINE('',#6629,#1434);
#857=LINE('',#6632,#1435);
#858=LINE('',#6634,#1436);
#859=LINE('',#6635,#1437);
#860=LINE('',#6638,#1438);
#861=LINE('',#6640,#1439);
#862=LINE('',#6641,#1440);
#863=LINE('',#6644,#1441);
#864=LINE('',#6646,#1442);
#865=LINE('',#6647,#1443);
#866=LINE('',#6650,#1444);
#867=LINE('',#6652,#1445);
#868=LINE('',#6653,#1446);
#869=LINE('',#6656,#1447);
#870=LINE('',#6657,#1448);
#871=LINE('',#6660,#1449);
#872=LINE('',#6661,#1450);
#873=LINE('',#6663,#1451);
#874=LINE('',#6666,#1452);
#875=LINE('',#6667,#1453);
#876=LINE('',#6670,#1454);
#877=LINE('',#6671,#1455);
#878=LINE('',#6673,#1456);
#879=LINE('',#6676,#1457);
#880=LINE('',#6677,#1458);
#881=LINE('',#6680,#1459);
#882=LINE('',#6681,#1460);
#883=LINE('',#6683,#1461);
#884=LINE('',#6686,#1462);
#885=LINE('',#6687,#1463);
#886=LINE('',#6690,#1464);
#887=LINE('',#6691,#1465);
#888=LINE('',#6693,#1466);
#889=LINE('',#6696,#1467);
#890=LINE('',#6697,#1468);
#891=LINE('',#6700,#1469);
#892=LINE('',#6701,#1470);
#893=LINE('',#6703,#1471);
#894=LINE('',#6706,#1472);
#895=LINE('',#6708,#1473);
#896=LINE('',#6709,#1474);
#897=LINE('',#6712,#1475);
#898=LINE('',#6714,#1476);
#899=LINE('',#6715,#1477);
#900=LINE('',#6718,#1478);
#901=LINE('',#6720,#1479);
#902=LINE('',#6721,#1480);
#903=LINE('',#6724,#1481);
#904=LINE('',#6726,#1482);
#905=LINE('',#6727,#1483);
#906=LINE('',#6730,#1484);
#907=LINE('',#6732,#1485);
#908=LINE('',#6733,#1486);
#909=LINE('',#6736,#1487);
#910=LINE('',#6738,#1488);
#911=LINE('',#6739,#1489);
#912=LINE('',#6742,#1490);
#913=LINE('',#6744,#1491);
#914=LINE('',#6745,#1492);
#915=LINE('',#6748,#1493);
#916=LINE('',#6750,#1494);
#917=LINE('',#6751,#1495);
#918=LINE('',#6754,#1496);
#919=LINE('',#6755,#1497);
#920=LINE('',#6763,#1498);
#921=LINE('',#6764,#1499);
#922=LINE('',#6767,#1500);
#923=LINE('',#6769,#1501);
#924=LINE('',#6770,#1502);
#925=LINE('',#6773,#1503);
#926=LINE('',#6775,#1504);
#927=LINE('',#6776,#1505);
#928=LINE('',#6779,#1506);
#929=LINE('',#6781,#1507);
#930=LINE('',#6782,#1508);
#931=LINE('',#6785,#1509);
#932=LINE('',#6791,#1510);
#933=LINE('',#6795,#1511);
#934=LINE('',#6797,#1512);
#935=LINE('',#6799,#1513);
#936=LINE('',#6801,#1514);
#937=LINE('',#6807,#1515);
#938=LINE('',#6809,#1516);
#939=LINE('',#6811,#1517);
#940=LINE('',#6812,#1518);
#941=LINE('',#6814,#1519);
#942=LINE('',#6817,#1520);
#943=LINE('',#6819,#1521);
#944=LINE('',#6821,#1522);
#945=LINE('',#6822,#1523);
#946=LINE('',#6824,#1524);
#947=LINE('',#6827,#1525);
#948=LINE('',#6829,#1526);
#949=LINE('',#6831,#1527);
#950=LINE('',#6832,#1528);
#951=LINE('',#6835,#1529);
#952=LINE('',#6837,#1530);
#953=LINE('',#6839,#1531);
#954=LINE('',#6840,#1532);
#955=LINE('',#6842,#1533);
#956=LINE('',#6845,#1534);
#957=LINE('',#6851,#1535);
#958=LINE('',#6853,#1536);
#959=LINE('',#6855,#1537);
#960=LINE('',#6856,#1538);
#961=LINE('',#6859,#1539);
#962=LINE('',#6861,#1540);
#963=LINE('',#6863,#1541);
#964=LINE('',#6864,#1542);
#965=LINE('',#6866,#1543);
#966=LINE('',#6869,#1544);
#967=LINE('',#6873,#1545);
#968=LINE('',#6879,#1546);
#969=LINE('',#6881,#1547);
#970=LINE('',#6883,#1548);
#971=LINE('',#6884,#1549);
#972=LINE('',#6887,#1550);
#973=LINE('',#6889,#1551);
#974=LINE('',#6891,#1552);
#975=LINE('',#6893,#1553);
#976=LINE('',#6899,#1554);
#977=LINE('',#6901,#1555);
#978=LINE('',#6903,#1556);
#979=LINE('',#6904,#1557);
#980=LINE('',#6907,#1558);
#981=LINE('',#6909,#1559);
#982=LINE('',#6911,#1560);
#983=LINE('',#6912,#1561);
#984=LINE('',#6914,#1562);
#985=LINE('',#6917,#1563);
#986=LINE('',#6919,#1564);
#987=LINE('',#6921,#1565);
#988=LINE('',#6922,#1566);
#989=LINE('',#6924,#1567);
#990=LINE('',#6927,#1568);
#991=LINE('',#6929,#1569);
#992=LINE('',#6930,#1570);
#993=LINE('',#6933,#1571);
#994=LINE('',#6935,#1572);
#995=LINE('',#6936,#1573);
#996=LINE('',#6939,#1574);
#997=LINE('',#6941,#1575);
#998=LINE('',#6943,#1576);
#999=LINE('',#6944,#1577);
#1000=LINE('',#6947,#1578);
#1001=LINE('',#6948,#1579);
#1002=LINE('',#6951,#1580);
#1003=LINE('',#6953,#1581);
#1004=LINE('',#6955,#1582);
#1005=LINE('',#6956,#1583);
#1006=LINE('',#6959,#1584);
#1007=LINE('',#6961,#1585);
#1008=LINE('',#6962,#1586);
#1009=LINE('',#7008,#1587);
#1010=LINE('',#7010,#1588);
#1011=LINE('',#7012,#1589);
#1012=LINE('',#7013,#1590);
#1013=LINE('',#7015,#1591);
#1014=LINE('',#7018,#1592);
#1015=LINE('',#7020,#1593);
#1016=LINE('',#7022,#1594);
#1017=LINE('',#7023,#1595);
#1018=LINE('',#7025,#1596);
#1019=LINE('',#7027,#1597);
#1020=LINE('',#7029,#1598);
#1021=LINE('',#7031,#1599);
#1022=LINE('',#7032,#1600);
#1023=LINE('',#7034,#1601);
#1024=LINE('',#7037,#1602);
#1025=LINE('',#7040,#1603);
#1026=LINE('',#7042,#1604);
#1027=LINE('',#7044,#1605);
#1028=LINE('',#7045,#1606);
#1029=LINE('',#7047,#1607);
#1030=LINE('',#7050,#1608);
#1031=LINE('',#7052,#1609);
#1032=LINE('',#7054,#1610);
#1033=LINE('',#7055,#1611);
#1034=LINE('',#7057,#1612);
#1035=LINE('',#7060,#1613);
#1036=LINE('',#7064,#1614);
#1037=LINE('',#7066,#1615);
#1038=LINE('',#7068,#1616);
#1039=LINE('',#7069,#1617);
#1040=LINE('',#7073,#1618);
#1041=LINE('',#7075,#1619);
#1042=LINE('',#7077,#1620);
#1043=LINE('',#7078,#1621);
#1044=LINE('',#7081,#1622);
#1045=LINE('',#7083,#1623);
#1046=LINE('',#7084,#1624);
#1047=LINE('',#7086,#1625);
#1048=LINE('',#7087,#1626);
#1049=LINE('',#7090,#1627);
#1050=LINE('',#7091,#1628);
#1051=LINE('',#7095,#1629);
#1052=LINE('',#7097,#1630);
#1053=LINE('',#7098,#1631);
#1054=LINE('',#7100,#1632);
#1055=LINE('',#7102,#1633);
#1056=LINE('',#7103,#1634);
#1057=LINE('',#7106,#1635);
#1058=LINE('',#7108,#1636);
#1059=LINE('',#7110,#1637);
#1060=LINE('',#7111,#1638);
#1061=LINE('',#7114,#1639);
#1062=LINE('',#7115,#1640);
#1063=LINE('',#7119,#1641);
#1064=LINE('',#7120,#1642);
#1065=LINE('',#7123,#1643);
#1066=LINE('',#7125,#1644);
#1067=LINE('',#7126,#1645);
#1068=LINE('',#7128,#1646);
#1069=LINE('',#7130,#1647);
#1070=LINE('',#7131,#1648);
#1071=LINE('',#7134,#1649);
#1072=LINE('',#7137,#1650);
#1073=LINE('',#7138,#1651);
#1074=LINE('',#7141,#1652);
#1075=LINE('',#7143,#1653);
#1076=LINE('',#7144,#1654);
#1077=LINE('',#7146,#1655);
#1078=LINE('',#7148,#1656);
#1079=LINE('',#7149,#1657);
#1080=LINE('',#7152,#1658);
#1081=LINE('',#7155,#1659);
#1082=LINE('',#7156,#1660);
#1083=LINE('',#7159,#1661);
#1084=LINE('',#7161,#1662);
#1085=LINE('',#7162,#1663);
#1086=LINE('',#7164,#1664);
#1087=LINE('',#7166,#1665);
#1088=LINE('',#7167,#1666);
#1089=LINE('',#7170,#1667);
#1090=LINE('',#7173,#1668);
#1091=LINE('',#7175,#1669);
#1092=LINE('',#7176,#1670);
#1093=LINE('',#7180,#1671);
#1094=LINE('',#7182,#1672);
#1095=LINE('',#7184,#1673);
#1096=LINE('',#7185,#1674);
#1097=LINE('',#7187,#1675);
#1098=LINE('',#7188,#1676);
#1099=LINE('',#7190,#1677);
#1100=LINE('',#7191,#1678);
#1101=LINE('',#7194,#1679);
#1102=LINE('',#7196,#1680);
#1103=LINE('',#7199,#1681);
#1104=LINE('',#7201,#1682);
#1105=LINE('',#7202,#1683);
#1106=LINE('',#7206,#1684);
#1107=LINE('',#7208,#1685);
#1108=LINE('',#7210,#1686);
#1109=LINE('',#7211,#1687);
#1110=LINE('',#7213,#1688);
#1111=LINE('',#7214,#1689);
#1112=LINE('',#7216,#1690);
#1113=LINE('',#7217,#1691);
#1114=LINE('',#7220,#1692);
#1115=LINE('',#7222,#1693);
#1116=LINE('',#7226,#1694);
#1117=LINE('',#7227,#1695);
#1118=LINE('',#7228,#1696);
#1119=LINE('',#7231,#1697);
#1120=LINE('',#7232,#1698);
#1121=LINE('',#7235,#1699);
#1122=LINE('',#7237,#1700);
#1123=LINE('',#7238,#1701);
#1124=LINE('',#7240,#1702);
#1125=LINE('',#7241,#1703);
#1126=LINE('',#7243,#1704);
#1127=LINE('',#7245,#1705);
#1128=LINE('',#7246,#1706);
#1129=LINE('',#7250,#1707);
#1130=LINE('',#7252,#1708);
#1131=LINE('',#7254,#1709);
#1132=LINE('',#7255,#1710);
#1133=LINE('',#7258,#1711);
#1134=LINE('',#7260,#1712);
#1135=LINE('',#7261,#1713);
#1136=LINE('',#7264,#1714);
#1137=LINE('',#7265,#1715);
#1138=LINE('',#7268,#1716);
#1139=LINE('',#7270,#1717);
#1140=LINE('',#7272,#1718);
#1141=LINE('',#7274,#1719);
#1142=LINE('',#7276,#1720);
#1143=LINE('',#7277,#1721);
#1144=LINE('',#7279,#1722);
#1145=LINE('',#7281,#1723);
#1146=LINE('',#7282,#1724);
#1147=LINE('',#7288,#1725);
#1148=LINE('',#7292,#1726);
#1149=LINE('',#7296,#1727);
#1150=LINE('',#7300,#1728);
#1151=LINE('',#7302,#1729);
#1152=LINE('',#7303,#1730);
#1153=LINE('',#7307,#1731);
#1154=LINE('',#7310,#1732);
#1155=LINE('',#7311,#1733);
#1156=LINE('',#7313,#1734);
#1157=LINE('',#7316,#1735);
#1158=LINE('',#7319,#1736);
#1159=LINE('',#7322,#1737);
#1160=LINE('',#7326,#1738);
#1161=LINE('',#7330,#1739);
#1162=LINE('',#7334,#1740);
#1163=LINE('',#7335,#1741);
#1164=LINE('',#7338,#1742);
#1165=LINE('',#7339,#1743);
#1166=LINE('',#7342,#1744);
#1167=LINE('',#7344,#1745);
#1168=LINE('',#7345,#1746);
#1169=LINE('',#7349,#1747);
#1170=LINE('',#7351,#1748);
#1171=LINE('',#7353,#1749);
#1172=LINE('',#7355,#1750);
#1173=LINE('',#7357,#1751);
#1174=LINE('',#7359,#1752);
#1175=LINE('',#7361,#1753);
#1176=LINE('',#7362,#1754);
#1177=LINE('',#7364,#1755);
#1178=LINE('',#7365,#1756);
#1179=LINE('',#7370,#1757);
#1180=LINE('',#7374,#1758);
#1181=LINE('',#7376,#1759);
#1182=LINE('',#7377,#1760);
#1183=LINE('',#7379,#1761);
#1184=LINE('',#7380,#1762);
#1185=LINE('',#7386,#1763);
#1186=LINE('',#7390,#1764);
#1187=LINE('',#7392,#1765);
#1188=LINE('',#7393,#1766);
#1189=LINE('',#7395,#1767);
#1190=LINE('',#7397,#1768);
#1191=LINE('',#7399,#1769);
#1192=LINE('',#7401,#1770);
#1193=LINE('',#7402,#1771);
#1194=LINE('',#7404,#1772);
#1195=LINE('',#7406,#1773);
#1196=LINE('',#7409,#1774);
#1197=LINE('',#7410,#1775);
#1198=LINE('',#7415,#1776);
#1199=LINE('',#7417,#1777);
#1200=LINE('',#7419,#1778);
#1201=LINE('',#7421,#1779);
#1202=LINE('',#7423,#1780);
#1203=LINE('',#7425,#1781);
#1204=LINE('',#7431,#1782);
#1205=LINE('',#7432,#1783);
#1206=LINE('',#7435,#1784);
#1207=LINE('',#7436,#1785);
#1208=VECTOR('',#4928,10.);
#1209=VECTOR('',#4929,10.);
#1210=VECTOR('',#4930,10.);
#1211=VECTOR('',#4931,10.);
#1212=VECTOR('',#4934,10.);
#1213=VECTOR('',#4935,10.);
#1214=VECTOR('',#4936,10.);
#1215=VECTOR('',#4937,10.);
#1216=VECTOR('',#4940,10.);
#1217=VECTOR('',#4941,10.);
#1218=VECTOR('',#4942,10.);
#1219=VECTOR('',#4943,10.);
#1220=VECTOR('',#4946,10.);
#1221=VECTOR('',#4947,10.);
#1222=VECTOR('',#4948,10.);
#1223=VECTOR('',#4949,10.);
#1224=VECTOR('',#4952,10.);
#1225=VECTOR('',#4953,10.);
#1226=VECTOR('',#4954,10.);
#1227=VECTOR('',#4955,10.);
#1228=VECTOR('',#4958,10.);
#1229=VECTOR('',#4959,10.);
#1230=VECTOR('',#4960,10.);
#1231=VECTOR('',#4961,10.);
#1232=VECTOR('',#4964,10.);
#1233=VECTOR('',#4965,10.);
#1234=VECTOR('',#4966,10.);
#1235=VECTOR('',#4967,10.);
#1236=VECTOR('',#4968,10.);
#1237=VECTOR('',#4969,10.);
#1238=VECTOR('',#4970,10.);
#1239=VECTOR('',#4973,10.);
#1240=VECTOR('',#4974,10.);
#1241=VECTOR('',#4975,10.);
#1242=VECTOR('',#4976,10.);
#1243=VECTOR('',#4977,10.);
#1244=VECTOR('',#4978,10.);
#1245=VECTOR('',#4979,10.);
#1246=VECTOR('',#4980,10.);
#1247=VECTOR('',#4981,10.);
#1248=VECTOR('',#4982,10.);
#1249=VECTOR('',#4983,10.);
#1250=VECTOR('',#4984,10.);
#1251=VECTOR('',#4985,10.);
#1252=VECTOR('',#4986,10.);
#1253=VECTOR('',#4987,10.);
#1254=VECTOR('',#4988,10.);
#1255=VECTOR('',#4989,10.);
#1256=VECTOR('',#4992,10.);
#1257=VECTOR('',#4993,10.);
#1258=VECTOR('',#4994,10.);
#1259=VECTOR('',#4995,10.);
#1260=VECTOR('',#4998,10.);
#1261=VECTOR('',#4999,10.);
#1262=VECTOR('',#5000,10.);
#1263=VECTOR('',#5001,10.);
#1264=VECTOR('',#5004,10.);
#1265=VECTOR('',#5005,10.);
#1266=VECTOR('',#5006,10.);
#1267=VECTOR('',#5007,10.);
#1268=VECTOR('',#5010,10.);
#1269=VECTOR('',#5011,10.);
#1270=VECTOR('',#5012,10.);
#1271=VECTOR('',#5013,10.);
#1272=VECTOR('',#5016,10.);
#1273=VECTOR('',#5017,10.);
#1274=VECTOR('',#5018,10.);
#1275=VECTOR('',#5019,10.);
#1276=VECTOR('',#5022,10.);
#1277=VECTOR('',#5023,10.);
#1278=VECTOR('',#5024,10.);
#1279=VECTOR('',#5025,10.);
#1280=VECTOR('',#5026,10.);
#1281=VECTOR('',#5027,10.);
#1282=VECTOR('',#5030,10.);
#1283=VECTOR('',#5031,10.);
#1284=VECTOR('',#5032,10.);
#1285=VECTOR('',#5033,10.);
#1286=VECTOR('',#5034,10.);
#1287=VECTOR('',#5035,10.);
#1288=VECTOR('',#5040,10.);
#1289=VECTOR('',#5041,10.);
#1290=VECTOR('',#5042,10.);
#1291=VECTOR('',#5043,10.);
#1292=VECTOR('',#5044,10.);
#1293=VECTOR('',#5049,10.);
#1294=VECTOR('',#5050,10.);
#1295=VECTOR('',#5051,10.);
#1296=VECTOR('',#5052,10.);
#1297=VECTOR('',#5053,10.);
#1298=VECTOR('',#5054,10.);
#1299=VECTOR('',#5055,10.);
#1300=VECTOR('',#5056,10.);
#1301=VECTOR('',#5057,10.);
#1302=VECTOR('',#5058,10.);
#1303=VECTOR('',#5059,10.);
#1304=VECTOR('',#5060,10.);
#1305=VECTOR('',#5061,10.);
#1306=VECTOR('',#5062,10.);
#1307=VECTOR('',#5063,10.);
#1308=VECTOR('',#5064,10.);
#1309=VECTOR('',#5065,10.);
#1310=VECTOR('',#5066,10.);
#1311=VECTOR('',#5067,10.);
#1312=VECTOR('',#5068,10.);
#1313=VECTOR('',#5069,10.);
#1314=VECTOR('',#5070,10.);
#1315=VECTOR('',#5071,10.);
#1316=VECTOR('',#5072,10.);
#1317=VECTOR('',#5073,10.);
#1318=VECTOR('',#5074,10.);
#1319=VECTOR('',#5075,10.);
#1320=VECTOR('',#5076,10.);
#1321=VECTOR('',#5077,10.);
#1322=VECTOR('',#5078,10.);
#1323=VECTOR('',#5079,10.);
#1324=VECTOR('',#5080,10.);
#1325=VECTOR('',#5081,10.);
#1326=VECTOR('',#5082,10.);
#1327=VECTOR('',#5083,10.);
#1328=VECTOR('',#5088,10.);
#1329=VECTOR('',#5089,10.);
#1330=VECTOR('',#5090,10.);
#1331=VECTOR('',#5091,10.);
#1332=VECTOR('',#5092,10.);
#1333=VECTOR('',#5097,10.);
#1334=VECTOR('',#5098,10.);
#1335=VECTOR('',#5099,10.);
#1336=VECTOR('',#5100,10.);
#1337=VECTOR('',#5101,10.);
#1338=VECTOR('',#5102,10.);
#1339=VECTOR('',#5103,10.);
#1340=VECTOR('',#5104,10.);
#1341=VECTOR('',#5105,10.);
#1342=VECTOR('',#5106,10.);
#1343=VECTOR('',#5107,10.);
#1344=VECTOR('',#5108,10.);
#1345=VECTOR('',#5109,10.);
#1346=VECTOR('',#5110,10.);
#1347=VECTOR('',#5111,10.);
#1348=VECTOR('',#5112,10.);
#1349=VECTOR('',#5113,10.);
#1350=VECTOR('',#5114,10.);
#1351=VECTOR('',#5115,10.);
#1352=VECTOR('',#5116,10.);
#1353=VECTOR('',#5117,10.);
#1354=VECTOR('',#5118,10.);
#1355=VECTOR('',#5119,10.);
#1356=VECTOR('',#5120,10.);
#1357=VECTOR('',#5121,10.);
#1358=VECTOR('',#5122,10.);
#1359=VECTOR('',#5123,1.);
#1360=VECTOR('',#5124,1.);
#1361=VECTOR('',#5125,1.);
#1362=VECTOR('',#5126,1.);
#1363=VECTOR('',#5129,1.);
#1364=VECTOR('',#5130,1.);
#1365=VECTOR('',#5131,1.);
#1366=VECTOR('',#5140,1.4);
#1367=VECTOR('',#5147,1.4);
#1368=VECTOR('',#5154,1.4);
#1369=VECTOR('',#5159,10.);
#1370=VECTOR('',#5160,10.);
#1371=VECTOR('',#5161,10.);
#1372=VECTOR('',#5162,10.);
#1373=VECTOR('',#5165,1.);
#1374=VECTOR('',#5166,10.);
#1375=VECTOR('',#5167,10.);
#1376=VECTOR('',#5170,1.);
#1377=VECTOR('',#5171,10.);
#1378=VECTOR('',#5172,10.);
#1379=VECTOR('',#5173,10.);
#1380=VECTOR('',#5176,10.);
#1381=VECTOR('',#5177,10.);
#1382=VECTOR('',#5178,10.);
#1383=VECTOR('',#5185,10.);
#1384=VECTOR('',#5188,10.);
#1385=VECTOR('',#5189,10.);
#1386=VECTOR('',#5190,10.);
#1387=VECTOR('',#5199,10.);
#1388=VECTOR('',#5200,10.);
#1389=VECTOR('',#5201,10.);
#1390=VECTOR('',#5212,1.);
#1391=VECTOR('',#5213,1.);
#1392=VECTOR('',#5214,1.);
#1393=VECTOR('',#5215,1.);
#1394=VECTOR('',#5216,1.);
#1395=VECTOR('',#5221,1.4);
#1396=VECTOR('',#5228,1.4);
#1397=VECTOR('',#5235,1.4);
#1398=VECTOR('',#5240,1.);
#1399=VECTOR('',#5241,10.);
#1400=VECTOR('',#5242,10.);
#1401=VECTOR('',#5243,10.);
#1402=VECTOR('',#5246,10.);
#1403=VECTOR('',#5247,10.);
#1404=VECTOR('',#5248,10.);
#1405=VECTOR('',#5255,10.);
#1406=VECTOR('',#5258,10.);
#1407=VECTOR('',#5259,10.);
#1408=VECTOR('',#5260,10.);
#1409=VECTOR('',#5267,10.);
#1410=VECTOR('',#5270,10.);
#1411=VECTOR('',#5271,10.);
#1412=VECTOR('',#5272,10.);
#1413=VECTOR('',#5275,1.);
#1414=VECTOR('',#5276,10.);
#1415=VECTOR('',#5277,10.);
#1416=VECTOR('',#5280,10.);
#1417=VECTOR('',#5281,10.);
#1418=VECTOR('',#5282,10.);
#1419=VECTOR('',#5283,10.);
#1420=VECTOR('',#5284,10.);
#1421=VECTOR('',#5285,10.);
#1422=VECTOR('',#5286,10.);
#1423=VECTOR('',#5287,10.);
#1424=VECTOR('',#5288,10.);
#1425=VECTOR('',#5289,10.);
#1426=VECTOR('',#5290,10.);
#1427=VECTOR('',#5301,1.);
#1428=VECTOR('',#5302,1.);
#1429=VECTOR('',#5303,1.);
#1430=VECTOR('',#5304,1.);
#1431=VECTOR('',#5305,1.);
#1432=VECTOR('',#5308,10.);
#1433=VECTOR('',#5309,10.);
#1434=VECTOR('',#5310,10.);
#1435=VECTOR('',#5313,10.);
#1436=VECTOR('',#5314,10.);
#1437=VECTOR('',#5315,10.);
#1438=VECTOR('',#5318,10.);
#1439=VECTOR('',#5319,10.);
#1440=VECTOR('',#5320,10.);
#1441=VECTOR('',#5323,10.);
#1442=VECTOR('',#5324,10.);
#1443=VECTOR('',#5325,10.);
#1444=VECTOR('',#5328,10.);
#1445=VECTOR('',#5329,10.);
#1446=VECTOR('',#5330,10.);
#1447=VECTOR('',#5333,10.);
#1448=VECTOR('',#5334,10.);
#1449=VECTOR('',#5337,10.);
#1450=VECTOR('',#5338,10.);
#1451=VECTOR('',#5341,10.);
#1452=VECTOR('',#5344,10.);
#1453=VECTOR('',#5345,10.);
#1454=VECTOR('',#5348,10.);
#1455=VECTOR('',#5349,10.);
#1456=VECTOR('',#5352,10.);
#1457=VECTOR('',#5355,10.);
#1458=VECTOR('',#5356,10.);
#1459=VECTOR('',#5359,10.);
#1460=VECTOR('',#5360,10.);
#1461=VECTOR('',#5363,10.);
#1462=VECTOR('',#5366,10.);
#1463=VECTOR('',#5367,10.);
#1464=VECTOR('',#5370,10.);
#1465=VECTOR('',#5371,10.);
#1466=VECTOR('',#5374,10.);
#1467=VECTOR('',#5377,10.);
#1468=VECTOR('',#5378,10.);
#1469=VECTOR('',#5381,10.);
#1470=VECTOR('',#5382,10.);
#1471=VECTOR('',#5385,10.);
#1472=VECTOR('',#5388,10.);
#1473=VECTOR('',#5389,10.);
#1474=VECTOR('',#5390,10.);
#1475=VECTOR('',#5393,10.);
#1476=VECTOR('',#5394,10.);
#1477=VECTOR('',#5395,10.);
#1478=VECTOR('',#5398,10.);
#1479=VECTOR('',#5399,10.);
#1480=VECTOR('',#5400,10.);
#1481=VECTOR('',#5403,10.);
#1482=VECTOR('',#5404,10.);
#1483=VECTOR('',#5405,10.);
#1484=VECTOR('',#5408,10.);
#1485=VECTOR('',#5409,10.);
#1486=VECTOR('',#5410,10.);
#1487=VECTOR('',#5413,10.);
#1488=VECTOR('',#5414,10.);
#1489=VECTOR('',#5415,10.);
#1490=VECTOR('',#5418,10.);
#1491=VECTOR('',#5419,10.);
#1492=VECTOR('',#5420,10.);
#1493=VECTOR('',#5423,10.);
#1494=VECTOR('',#5424,10.);
#1495=VECTOR('',#5425,10.);
#1496=VECTOR('',#5428,10.);
#1497=VECTOR('',#5429,10.);
#1498=VECTOR('',#5442,10.);
#1499=VECTOR('',#5443,10.);
#1500=VECTOR('',#5446,10.);
#1501=VECTOR('',#5447,10.);
#1502=VECTOR('',#5448,10.);
#1503=VECTOR('',#5451,10.);
#1504=VECTOR('',#5452,10.);
#1505=VECTOR('',#5453,10.);
#1506=VECTOR('',#5456,10.);
#1507=VECTOR('',#5457,10.);
#1508=VECTOR('',#5458,10.);
#1509=VECTOR('',#5461,10.);
#1510=VECTOR('',#5464,10.);
#1511=VECTOR('',#5469,10.);
#1512=VECTOR('',#5470,10.);
#1513=VECTOR('',#5471,10.);
#1514=VECTOR('',#5472,10.);
#1515=VECTOR('',#5475,10.);
#1516=VECTOR('',#5476,10.);
#1517=VECTOR('',#5477,10.);
#1518=VECTOR('',#5478,10.);
#1519=VECTOR('',#5481,10.);
#1520=VECTOR('',#5484,10.);
#1521=VECTOR('',#5485,10.);
#1522=VECTOR('',#5486,10.);
#1523=VECTOR('',#5487,10.);
#1524=VECTOR('',#5490,10.);
#1525=VECTOR('',#5493,10.);
#1526=VECTOR('',#5494,10.);
#1527=VECTOR('',#5495,10.);
#1528=VECTOR('',#5496,10.);
#1529=VECTOR('',#5499,10.);
#1530=VECTOR('',#5500,10.);
#1531=VECTOR('',#5501,10.);
#1532=VECTOR('',#5502,10.);
#1533=VECTOR('',#5505,10.);
#1534=VECTOR('',#5508,10.);
#1535=VECTOR('',#5511,10.);
#1536=VECTOR('',#5512,10.);
#1537=VECTOR('',#5513,10.);
#1538=VECTOR('',#5514,10.);
#1539=VECTOR('',#5517,10.);
#1540=VECTOR('',#5518,10.);
#1541=VECTOR('',#5519,10.);
#1542=VECTOR('',#5520,10.);
#1543=VECTOR('',#5523,10.);
#1544=VECTOR('',#5526,10.);
#1545=VECTOR('',#5531,10.);
#1546=VECTOR('',#5532,10.);
#1547=VECTOR('',#5533,10.);
#1548=VECTOR('',#5534,10.);
#1549=VECTOR('',#5535,10.);
#1550=VECTOR('',#5538,10.);
#1551=VECTOR('',#5539,10.);
#1552=VECTOR('',#5540,10.);
#1553=VECTOR('',#5541,10.);
#1554=VECTOR('',#5544,10.);
#1555=VECTOR('',#5545,10.);
#1556=VECTOR('',#5546,10.);
#1557=VECTOR('',#5547,10.);
#1558=VECTOR('',#5550,10.);
#1559=VECTOR('',#5551,10.);
#1560=VECTOR('',#5552,10.);
#1561=VECTOR('',#5553,10.);
#1562=VECTOR('',#5556,10.);
#1563=VECTOR('',#5559,10.);
#1564=VECTOR('',#5560,10.);
#1565=VECTOR('',#5561,10.);
#1566=VECTOR('',#5562,10.);
#1567=VECTOR('',#5565,10.);
#1568=VECTOR('',#5568,10.);
#1569=VECTOR('',#5569,10.);
#1570=VECTOR('',#5570,10.);
#1571=VECTOR('',#5573,10.);
#1572=VECTOR('',#5574,10.);
#1573=VECTOR('',#5575,10.);
#1574=VECTOR('',#5578,10.);
#1575=VECTOR('',#5579,10.);
#1576=VECTOR('',#5580,10.);
#1577=VECTOR('',#5581,10.);
#1578=VECTOR('',#5584,10.);
#1579=VECTOR('',#5585,10.);
#1580=VECTOR('',#5588,10.);
#1581=VECTOR('',#5589,10.);
#1582=VECTOR('',#5590,10.);
#1583=VECTOR('',#5591,10.);
#1584=VECTOR('',#5594,10.);
#1585=VECTOR('',#5595,10.);
#1586=VECTOR('',#5596,10.);
#1587=VECTOR('',#5627,10.);
#1588=VECTOR('',#5628,10.);
#1589=VECTOR('',#5629,10.);
#1590=VECTOR('',#5630,10.);
#1591=VECTOR('',#5633,10.);
#1592=VECTOR('',#5636,10.);
#1593=VECTOR('',#5637,10.);
#1594=VECTOR('',#5638,10.);
#1595=VECTOR('',#5639,10.);
#1596=VECTOR('',#5642,10.);
#1597=VECTOR('',#5643,10.);
#1598=VECTOR('',#5644,10.);
#1599=VECTOR('',#5645,10.);
#1600=VECTOR('',#5646,10.);
#1601=VECTOR('',#5649,10.);
#1602=VECTOR('',#5654,10.);
#1603=VECTOR('',#5657,10.);
#1604=VECTOR('',#5658,10.);
#1605=VECTOR('',#5659,10.);
#1606=VECTOR('',#5660,10.);
#1607=VECTOR('',#5663,10.);
#1608=VECTOR('',#5666,10.);
#1609=VECTOR('',#5667,10.);
#1610=VECTOR('',#5668,10.);
#1611=VECTOR('',#5669,10.);
#1612=VECTOR('',#5672,10.);
#1613=VECTOR('',#5677,10.);
#1614=VECTOR('',#5680,10.);
#1615=VECTOR('',#5681,10.);
#1616=VECTOR('',#5682,10.);
#1617=VECTOR('',#5683,10.);
#1618=VECTOR('',#5686,10.);
#1619=VECTOR('',#5687,10.);
#1620=VECTOR('',#5688,10.);
#1621=VECTOR('',#5689,10.);
#1622=VECTOR('',#5692,10.);
#1623=VECTOR('',#5693,10.);
#1624=VECTOR('',#5694,10.);
#1625=VECTOR('',#5697,10.);
#1626=VECTOR('',#5698,10.);
#1627=VECTOR('',#5703,10.);
#1628=VECTOR('',#5704,10.);
#1629=VECTOR('',#5709,10.);
#1630=VECTOR('',#5710,10.);
#1631=VECTOR('',#5711,10.);
#1632=VECTOR('',#5714,10.);
#1633=VECTOR('',#5717,10.);
#1634=VECTOR('',#5718,10.);
#1635=VECTOR('',#5723,10.);
#1636=VECTOR('',#5726,10.);
#1637=VECTOR('',#5729,10.);
#1638=VECTOR('',#5730,10.);
#1639=VECTOR('',#5735,10.);
#1640=VECTOR('',#5736,10.);
#1641=VECTOR('',#5741,10.);
#1642=VECTOR('',#5742,10.);
#1643=VECTOR('',#5745,10.);
#1644=VECTOR('',#5746,10.);
#1645=VECTOR('',#5747,10.);
#1646=VECTOR('',#5750,10.);
#1647=VECTOR('',#5753,10.);
#1648=VECTOR('',#5754,10.);
#1649=VECTOR('',#5759,10.);
#1650=VECTOR('',#5762,10.);
#1651=VECTOR('',#5763,10.);
#1652=VECTOR('',#5766,10.);
#1653=VECTOR('',#5767,10.);
#1654=VECTOR('',#5768,10.);
#1655=VECTOR('',#5771,10.);
#1656=VECTOR('',#5774,10.);
#1657=VECTOR('',#5775,10.);
#1658=VECTOR('',#5780,10.);
#1659=VECTOR('',#5783,10.);
#1660=VECTOR('',#5784,10.);
#1661=VECTOR('',#5787,10.);
#1662=VECTOR('',#5788,10.);
#1663=VECTOR('',#5789,10.);
#1664=VECTOR('',#5792,10.);
#1665=VECTOR('',#5795,10.);
#1666=VECTOR('',#5796,10.);
#1667=VECTOR('',#5801,10.);
#1668=VECTOR('',#5804,10.);
#1669=VECTOR('',#5805,10.);
#1670=VECTOR('',#5806,10.);
#1671=VECTOR('',#5809,10.);
#1672=VECTOR('',#5810,10.);
#1673=VECTOR('',#5811,10.);
#1674=VECTOR('',#5812,10.);
#1675=VECTOR('',#5815,10.);
#1676=VECTOR('',#5816,10.);
#1677=VECTOR('',#5819,10.);
#1678=VECTOR('',#5820,10.);
#1679=VECTOR('',#5825,10.);
#1680=VECTOR('',#5828,10.);
#1681=VECTOR('',#5831,10.);
#1682=VECTOR('',#5832,10.);
#1683=VECTOR('',#5833,10.);
#1684=VECTOR('',#5836,10.);
#1685=VECTOR('',#5837,10.);
#1686=VECTOR('',#5838,10.);
#1687=VECTOR('',#5839,10.);
#1688=VECTOR('',#5842,10.);
#1689=VECTOR('',#5843,10.);
#1690=VECTOR('',#5846,10.);
#1691=VECTOR('',#5847,10.);
#1692=VECTOR('',#5852,10.);
#1693=VECTOR('',#5855,10.);
#1694=VECTOR('',#5858,10.);
#1695=VECTOR('',#5859,10.);
#1696=VECTOR('',#5860,10.);
#1697=VECTOR('',#5863,10.);
#1698=VECTOR('',#5864,10.);
#1699=VECTOR('',#5867,10.);
#1700=VECTOR('',#5868,10.);
#1701=VECTOR('',#5869,10.);
#1702=VECTOR('',#5870,10.);
#1703=VECTOR('',#5871,10.);
#1704=VECTOR('',#5874,10.);
#1705=VECTOR('',#5877,10.);
#1706=VECTOR('',#5878,10.);
#1707=VECTOR('',#5881,10.);
#1708=VECTOR('',#5882,10.);
#1709=VECTOR('',#5883,10.);
#1710=VECTOR('',#5884,10.);
#1711=VECTOR('',#5887,10.);
#1712=VECTOR('',#5888,10.);
#1713=VECTOR('',#5889,10.);
#1714=VECTOR('',#5892,10.);
#1715=VECTOR('',#5893,10.);
#1716=VECTOR('',#5896,10.);
#1717=VECTOR('',#5897,10.);
#1718=VECTOR('',#5898,10.);
#1719=VECTOR('',#5899,10.);
#1720=VECTOR('',#5900,10.);
#1721=VECTOR('',#5901,10.);
#1722=VECTOR('',#5904,10.);
#1723=VECTOR('',#5907,10.);
#1724=VECTOR('',#5908,10.);
#1725=VECTOR('',#5915,1.825);
#1726=VECTOR('',#5920,1.825);
#1727=VECTOR('',#5925,1.825);
#1728=VECTOR('',#5930,1.);
#1729=VECTOR('',#5931,1.);
#1730=VECTOR('',#5932,1.);
#1731=VECTOR('',#5937,1.);
#1732=VECTOR('',#5940,1.);
#1733=VECTOR('',#5941,1.);
#1734=VECTOR('',#5944,1.25);
#1735=VECTOR('',#5947,1.25);
#1736=VECTOR('',#5952,1.25);
#1737=VECTOR('',#5955,1.825);
#1738=VECTOR('',#5960,1.825);
#1739=VECTOR('',#5965,1.825);
#1740=VECTOR('',#5970,1.);
#1741=VECTOR('',#5971,1.);
#1742=VECTOR('',#5974,1.);
#1743=VECTOR('',#5975,1.);
#1744=VECTOR('',#5978,1.);
#1745=VECTOR('',#5979,1.);
#1746=VECTOR('',#5980,1.);
#1747=VECTOR('',#5983,1.);
#1748=VECTOR('',#5984,1.);
#1749=VECTOR('',#5985,1.);
#1750=VECTOR('',#5986,1.);
#1751=VECTOR('',#5987,1.);
#1752=VECTOR('',#5988,1.);
#1753=VECTOR('',#5989,1.);
#1754=VECTOR('',#5990,1.);
#1755=VECTOR('',#5993,1.);
#1756=VECTOR('',#5994,1.);
#1757=VECTOR('',#5999,1.);
#1758=VECTOR('',#6004,1.);
#1759=VECTOR('',#6005,1.);
#1760=VECTOR('',#6006,1.);
#1761=VECTOR('',#6009,1.);
#1762=VECTOR('',#6010,1.);
#1763=VECTOR('',#6017,1.);
#1764=VECTOR('',#6022,1.);
#1765=VECTOR('',#6023,1.);
#1766=VECTOR('',#6024,1.);
#1767=VECTOR('',#6027,1.25);
#1768=VECTOR('',#6030,1.25);
#1769=VECTOR('',#6033,1.25);
#1770=VECTOR('',#6036,1.);
#1771=VECTOR('',#6037,10.);
#1772=VECTOR('',#6040,10.);
#1773=VECTOR('',#6043,1.);
#1774=VECTOR('',#6048,1.);
#1775=VECTOR('',#6049,1.);
#1776=VECTOR('',#6058,10.);
#1777=VECTOR('',#6061,1.);
#1778=VECTOR('',#6064,1.);
#1779=VECTOR('',#6067,1.);
#1780=VECTOR('',#6070,1.);
#1781=VECTOR('',#6073,1.);
#1782=VECTOR('',#6084,10.);
#1783=VECTOR('',#6085,10.);
#1784=VECTOR('',#6090,10.);
#1785=VECTOR('',#6091,10.);
#1786=VERTEX_POINT('',#6100);
#1787=VERTEX_POINT('',#6101);
#1788=VERTEX_POINT('',#6103);
#1789=VERTEX_POINT('',#6105);
#1790=VERTEX_POINT('',#6109);
#1791=VERTEX_POINT('',#6110);
#1792=VERTEX_POINT('',#6112);
#1793=VERTEX_POINT('',#6114);
#1794=VERTEX_POINT('',#6118);
#1795=VERTEX_POINT('',#6119);
#1796=VERTEX_POINT('',#6121);
#1797=VERTEX_POINT('',#6123);
#1798=VERTEX_POINT('',#6127);
#1799=VERTEX_POINT('',#6128);
#1800=VERTEX_POINT('',#6130);
#1801=VERTEX_POINT('',#6132);
#1802=VERTEX_POINT('',#6136);
#1803=VERTEX_POINT('',#6137);
#1804=VERTEX_POINT('',#6139);
#1805=VERTEX_POINT('',#6141);
#1806=VERTEX_POINT('',#6145);
#1807=VERTEX_POINT('',#6146);
#1808=VERTEX_POINT('',#6148);
#1809=VERTEX_POINT('',#6150);
#1810=VERTEX_POINT('',#6154);
#1811=VERTEX_POINT('',#6156);
#1812=VERTEX_POINT('',#6158);
#1813=VERTEX_POINT('',#6160);
#1814=VERTEX_POINT('',#6162);
#1815=VERTEX_POINT('',#6164);
#1816=VERTEX_POINT('',#6168);
#1817=VERTEX_POINT('',#6170);
#1818=VERTEX_POINT('',#6173);
#1819=VERTEX_POINT('',#6176);
#1820=VERTEX_POINT('',#6178);
#1821=VERTEX_POINT('',#6181);
#1822=VERTEX_POINT('',#6183);
#1823=VERTEX_POINT('',#6186);
#1824=VERTEX_POINT('',#6188);
#1825=VERTEX_POINT('',#6191);
#1826=VERTEX_POINT('',#6193);
#1827=VERTEX_POINT('',#6197);
#1828=VERTEX_POINT('',#6199);
#1829=VERTEX_POINT('',#6201);
#1830=VERTEX_POINT('',#6205);
#1831=VERTEX_POINT('',#6207);
#1832=VERTEX_POINT('',#6209);
#1833=VERTEX_POINT('',#6213);
#1834=VERTEX_POINT('',#6215);
#1835=VERTEX_POINT('',#6217);
#1836=VERTEX_POINT('',#6221);
#1837=VERTEX_POINT('',#6223);
#1838=VERTEX_POINT('',#6225);
#1839=VERTEX_POINT('',#6229);
#1840=VERTEX_POINT('',#6231);
#1841=VERTEX_POINT('',#6233);
#1842=VERTEX_POINT('',#6237);
#1843=VERTEX_POINT('',#6239);
#1844=VERTEX_POINT('',#6241);
#1845=VERTEX_POINT('',#6243);
#1846=VERTEX_POINT('',#6245);
#1847=VERTEX_POINT('',#6249);
#1848=VERTEX_POINT('',#6251);
#1849=VERTEX_POINT('',#6253);
#1850=VERTEX_POINT('',#6255);
#1851=VERTEX_POINT('',#6257);
#1852=VERTEX_POINT('',#6259);
#1853=VERTEX_POINT('',#6261);
#1854=VERTEX_POINT('',#6263);
#1855=VERTEX_POINT('',#6265);
#1856=VERTEX_POINT('',#6267);
#1857=VERTEX_POINT('',#6269);
#1858=VERTEX_POINT('',#6271);
#1859=VERTEX_POINT('',#6273);
#1860=VERTEX_POINT('',#6275);
#1861=VERTEX_POINT('',#6277);
#1862=VERTEX_POINT('',#6279);
#1863=VERTEX_POINT('',#6281);
#1864=VERTEX_POINT('',#6283);
#1865=VERTEX_POINT('',#6285);
#1866=VERTEX_POINT('',#6287);
#1867=VERTEX_POINT('',#6289);
#1868=VERTEX_POINT('',#6291);
#1869=VERTEX_POINT('',#6293);
#1870=VERTEX_POINT('',#6295);
#1871=VERTEX_POINT('',#6297);
#1872=VERTEX_POINT('',#6299);
#1873=VERTEX_POINT('',#6301);
#1874=VERTEX_POINT('',#6303);
#1875=VERTEX_POINT('',#6305);
#1876=VERTEX_POINT('',#6307);
#1877=VERTEX_POINT('',#6309);
#1878=VERTEX_POINT('',#6311);
#1879=VERTEX_POINT('',#6313);
#1880=VERTEX_POINT('',#6315);
#1881=VERTEX_POINT('',#6317);
#1882=VERTEX_POINT('',#6319);
#1883=VERTEX_POINT('',#6321);
#1884=VERTEX_POINT('',#6323);
#1885=VERTEX_POINT('',#6325);
#1886=VERTEX_POINT('',#6327);
#1887=VERTEX_POINT('',#6329);
#1888=VERTEX_POINT('',#6331);
#1889=VERTEX_POINT('',#6333);
#1890=VERTEX_POINT('',#6335);
#1891=VERTEX_POINT('',#6337);
#1892=VERTEX_POINT('',#6339);
#1893=VERTEX_POINT('',#6341);
#1894=VERTEX_POINT('',#6343);
#1895=VERTEX_POINT('',#6345);
#1896=VERTEX_POINT('',#6347);
#1897=VERTEX_POINT('',#6349);
#1898=VERTEX_POINT('',#6351);
#1899=VERTEX_POINT('',#6353);
#1900=VERTEX_POINT('',#6355);
#1901=VERTEX_POINT('',#6357);
#1902=VERTEX_POINT('',#6359);
#1903=VERTEX_POINT('',#6361);
#1904=VERTEX_POINT('',#6363);
#1905=VERTEX_POINT('',#6365);
#1906=VERTEX_POINT('',#6367);
#1907=VERTEX_POINT('',#6369);
#1908=VERTEX_POINT('',#6371);
#1909=VERTEX_POINT('',#6373);
#1910=VERTEX_POINT('',#6375);
#1911=VERTEX_POINT('',#6378);
#1912=VERTEX_POINT('',#6379);
#1913=VERTEX_POINT('',#6381);
#1914=VERTEX_POINT('',#6383);
#1915=VERTEX_POINT('',#6386);
#1916=VERTEX_POINT('',#6387);
#1917=VERTEX_POINT('',#6389);
#1918=VERTEX_POINT('',#6391);
#1919=VERTEX_POINT('',#6394);
#1920=VERTEX_POINT('',#6395);
#1921=VERTEX_POINT('',#6397);
#1922=VERTEX_POINT('',#6399);
#1923=VERTEX_POINT('',#6402);
#1924=VERTEX_POINT('',#6403);
#1925=VERTEX_POINT('',#6405);
#1926=VERTEX_POINT('',#6407);
#1927=VERTEX_POINT('',#6410);
#1928=VERTEX_POINT('',#6411);
#1929=VERTEX_POINT('',#6413);
#1930=VERTEX_POINT('',#6415);
#1931=VERTEX_POINT('',#6418);
#1932=VERTEX_POINT('',#6419);
#1933=VERTEX_POINT('',#6421);
#1934=VERTEX_POINT('',#6423);
#1935=VERTEX_POINT('',#6425);
#1936=VERTEX_POINT('',#6427);
#1937=VERTEX_POINT('',#6429);
#1938=VERTEX_POINT('',#6431);
#1939=VERTEX_POINT('',#6434);
#1940=VERTEX_POINT('',#6436);
#1941=VERTEX_POINT('',#6439);
#1942=VERTEX_POINT('',#6441);
#1943=VERTEX_POINT('',#6445);
#1944=VERTEX_POINT('',#6447);
#1945=VERTEX_POINT('',#6451);
#1946=VERTEX_POINT('',#6453);
#1947=VERTEX_POINT('',#6457);
#1948=VERTEX_POINT('',#6458);
#1949=VERTEX_POINT('',#6460);
#1950=VERTEX_POINT('',#6462);
#1951=VERTEX_POINT('',#6466);
#1952=VERTEX_POINT('',#6468);
#1953=VERTEX_POINT('',#6472);
#1954=VERTEX_POINT('',#6473);
#1955=VERTEX_POINT('',#6475);
#1956=VERTEX_POINT('',#6477);
#1957=VERTEX_POINT('',#6481);
#1958=VERTEX_POINT('',#6483);
#1959=VERTEX_POINT('',#6487);
#1960=VERTEX_POINT('',#6489);
#1961=VERTEX_POINT('',#6493);
#1962=VERTEX_POINT('',#6495);
#1963=VERTEX_POINT('',#6502);
#1964=VERTEX_POINT('',#6504);
#1965=VERTEX_POINT('',#6508);
#1966=VERTEX_POINT('',#6511);
#1967=VERTEX_POINT('',#6514);
#1968=VERTEX_POINT('',#6516);
#1969=VERTEX_POINT('',#6518);
#1970=VERTEX_POINT('',#6520);
#1971=VERTEX_POINT('',#6524);
#1972=VERTEX_POINT('',#6526);
#1973=VERTEX_POINT('',#6530);
#1974=VERTEX_POINT('',#6532);
#1975=VERTEX_POINT('',#6536);
#1976=VERTEX_POINT('',#6538);
#1977=VERTEX_POINT('',#6542);
#1978=VERTEX_POINT('',#6543);
#1979=VERTEX_POINT('',#6545);
#1980=VERTEX_POINT('',#6547);
#1981=VERTEX_POINT('',#6551);
#1982=VERTEX_POINT('',#6553);
#1983=VERTEX_POINT('',#6557);
#1984=VERTEX_POINT('',#6559);
#1985=VERTEX_POINT('',#6563);
#1986=VERTEX_POINT('',#6565);
#1987=VERTEX_POINT('',#6569);
#1988=VERTEX_POINT('',#6571);
#1989=VERTEX_POINT('',#6575);
#1990=VERTEX_POINT('',#6577);
#1991=VERTEX_POINT('',#6581);
#1992=VERTEX_POINT('',#6583);
#1993=VERTEX_POINT('',#6587);
#1994=VERTEX_POINT('',#6589);
#1995=VERTEX_POINT('',#6591);
#1996=VERTEX_POINT('',#6593);
#1997=VERTEX_POINT('',#6595);
#1998=VERTEX_POINT('',#6597);
#1999=VERTEX_POINT('',#6600);
#2000=VERTEX_POINT('',#6601);
#2001=VERTEX_POINT('',#6603);
#2002=VERTEX_POINT('',#6605);
#2003=VERTEX_POINT('',#6609);
#2004=VERTEX_POINT('',#6612);
#2005=VERTEX_POINT('',#6615);
#2006=VERTEX_POINT('',#6617);
#2007=VERTEX_POINT('',#6619);
#2008=VERTEX_POINT('',#6621);
#2009=VERTEX_POINT('',#6625);
#2010=VERTEX_POINT('',#6627);
#2011=VERTEX_POINT('',#6631);
#2012=VERTEX_POINT('',#6633);
#2013=VERTEX_POINT('',#6637);
#2014=VERTEX_POINT('',#6639);
#2015=VERTEX_POINT('',#6643);
#2016=VERTEX_POINT('',#6645);
#2017=VERTEX_POINT('',#6649);
#2018=VERTEX_POINT('',#6651);
#2019=VERTEX_POINT('',#6655);
#2020=VERTEX_POINT('',#6659);
#2021=VERTEX_POINT('',#6665);
#2022=VERTEX_POINT('',#6669);
#2023=VERTEX_POINT('',#6675);
#2024=VERTEX_POINT('',#6679);
#2025=VERTEX_POINT('',#6685);
#2026=VERTEX_POINT('',#6689);
#2027=VERTEX_POINT('',#6695);
#2028=VERTEX_POINT('',#6699);
#2029=VERTEX_POINT('',#6705);
#2030=VERTEX_POINT('',#6707);
#2031=VERTEX_POINT('',#6711);
#2032=VERTEX_POINT('',#6713);
#2033=VERTEX_POINT('',#6717);
#2034=VERTEX_POINT('',#6719);
#2035=VERTEX_POINT('',#6723);
#2036=VERTEX_POINT('',#6725);
#2037=VERTEX_POINT('',#6729);
#2038=VERTEX_POINT('',#6731);
#2039=VERTEX_POINT('',#6735);
#2040=VERTEX_POINT('',#6737);
#2041=VERTEX_POINT('',#6741);
#2042=VERTEX_POINT('',#6743);
#2043=VERTEX_POINT('',#6747);
#2044=VERTEX_POINT('',#6749);
#2045=VERTEX_POINT('',#6753);
#2046=VERTEX_POINT('',#6762);
#2047=VERTEX_POINT('',#6766);
#2048=VERTEX_POINT('',#6768);
#2049=VERTEX_POINT('',#6772);
#2050=VERTEX_POINT('',#6774);
#2051=VERTEX_POINT('',#6778);
#2052=VERTEX_POINT('',#6780);
#2053=VERTEX_POINT('',#6784);
#2054=VERTEX_POINT('',#6790);
#2055=VERTEX_POINT('',#6794);
#2056=VERTEX_POINT('',#6796);
#2057=VERTEX_POINT('',#6798);
#2058=VERTEX_POINT('',#6800);
#2059=VERTEX_POINT('',#6806);
#2060=VERTEX_POINT('',#6808);
#2061=VERTEX_POINT('',#6810);
#2062=VERTEX_POINT('',#6816);
#2063=VERTEX_POINT('',#6818);
#2064=VERTEX_POINT('',#6820);
#2065=VERTEX_POINT('',#6826);
#2066=VERTEX_POINT('',#6828);
#2067=VERTEX_POINT('',#6830);
#2068=VERTEX_POINT('',#6834);
#2069=VERTEX_POINT('',#6836);
#2070=VERTEX_POINT('',#6838);
#2071=VERTEX_POINT('',#6844);
#2072=VERTEX_POINT('',#6850);
#2073=VERTEX_POINT('',#6852);
#2074=VERTEX_POINT('',#6854);
#2075=VERTEX_POINT('',#6858);
#2076=VERTEX_POINT('',#6860);
#2077=VERTEX_POINT('',#6862);
#2078=VERTEX_POINT('',#6868);
#2079=VERTEX_POINT('',#6872);
#2080=VERTEX_POINT('',#6874);
#2081=VERTEX_POINT('',#6878);
#2082=VERTEX_POINT('',#6880);
#2083=VERTEX_POINT('',#6882);
#2084=VERTEX_POINT('',#6886);
#2085=VERTEX_POINT('',#6888);
#2086=VERTEX_POINT('',#6890);
#2087=VERTEX_POINT('',#6892);
#2088=VERTEX_POINT('',#6898);
#2089=VERTEX_POINT('',#6900);
#2090=VERTEX_POINT('',#6902);
#2091=VERTEX_POINT('',#6906);
#2092=VERTEX_POINT('',#6908);
#2093=VERTEX_POINT('',#6910);
#2094=VERTEX_POINT('',#6916);
#2095=VERTEX_POINT('',#6918);
#2096=VERTEX_POINT('',#6920);
#2097=VERTEX_POINT('',#6926);
#2098=VERTEX_POINT('',#6928);
#2099=VERTEX_POINT('',#6932);
#2100=VERTEX_POINT('',#6934);
#2101=VERTEX_POINT('',#6938);
#2102=VERTEX_POINT('',#6940);
#2103=VERTEX_POINT('',#6942);
#2104=VERTEX_POINT('',#6946);
#2105=VERTEX_POINT('',#6950);
#2106=VERTEX_POINT('',#6952);
#2107=VERTEX_POINT('',#6954);
#2108=VERTEX_POINT('',#6958);
#2109=VERTEX_POINT('',#6960);
#2110=VERTEX_POINT('',#6964);
#2111=VERTEX_POINT('',#6971);
#2112=VERTEX_POINT('',#6978);
#2113=VERTEX_POINT('',#6983);
#2114=VERTEX_POINT('',#6990);
#2115=VERTEX_POINT('',#6995);
#2116=VERTEX_POINT('',#6999);
#2117=VERTEX_POINT('',#7001);
#2118=VERTEX_POINT('',#7007);
#2119=VERTEX_POINT('',#7009);
#2120=VERTEX_POINT('',#7011);
#2121=VERTEX_POINT('',#7017);
#2122=VERTEX_POINT('',#7019);
#2123=VERTEX_POINT('',#7021);
#2124=VERTEX_POINT('',#7026);
#2125=VERTEX_POINT('',#7028);
#2126=VERTEX_POINT('',#7030);
#2127=VERTEX_POINT('',#7039);
#2128=VERTEX_POINT('',#7041);
#2129=VERTEX_POINT('',#7043);
#2130=VERTEX_POINT('',#7049);
#2131=VERTEX_POINT('',#7051);
#2132=VERTEX_POINT('',#7053);
#2133=VERTEX_POINT('',#7062);
#2134=VERTEX_POINT('',#7063);
#2135=VERTEX_POINT('',#7065);
#2136=VERTEX_POINT('',#7067);
#2137=VERTEX_POINT('',#7071);
#2138=VERTEX_POINT('',#7072);
#2139=VERTEX_POINT('',#7074);
#2140=VERTEX_POINT('',#7076);
#2141=VERTEX_POINT('',#7080);
#2142=VERTEX_POINT('',#7082);
#2143=VERTEX_POINT('',#7094);
#2144=VERTEX_POINT('',#7096);
#2145=VERTEX_POINT('',#7118);
#2146=VERTEX_POINT('',#7122);
#2147=VERTEX_POINT('',#7124);
#2148=VERTEX_POINT('',#7136);
#2149=VERTEX_POINT('',#7140);
#2150=VERTEX_POINT('',#7142);
#2151=VERTEX_POINT('',#7154);
#2152=VERTEX_POINT('',#7158);
#2153=VERTEX_POINT('',#7160);
#2154=VERTEX_POINT('',#7172);
#2155=VERTEX_POINT('',#7174);
#2156=VERTEX_POINT('',#7178);
#2157=VERTEX_POINT('',#7179);
#2158=VERTEX_POINT('',#7181);
#2159=VERTEX_POINT('',#7183);
#2160=VERTEX_POINT('',#7198);
#2161=VERTEX_POINT('',#7200);
#2162=VERTEX_POINT('',#7204);
#2163=VERTEX_POINT('',#7205);
#2164=VERTEX_POINT('',#7207);
#2165=VERTEX_POINT('',#7209);
#2166=VERTEX_POINT('',#7224);
#2167=VERTEX_POINT('',#7225);
#2168=VERTEX_POINT('',#7230);
#2169=VERTEX_POINT('',#7234);
#2170=VERTEX_POINT('',#7236);
#2171=VERTEX_POINT('',#7239);
#2172=VERTEX_POINT('',#7248);
#2173=VERTEX_POINT('',#7249);
#2174=VERTEX_POINT('',#7251);
#2175=VERTEX_POINT('',#7253);
#2176=VERTEX_POINT('',#7257);
#2177=VERTEX_POINT('',#7259);
#2178=VERTEX_POINT('',#7263);
#2179=VERTEX_POINT('',#7267);
#2180=VERTEX_POINT('',#7269);
#2181=VERTEX_POINT('',#7271);
#2182=VERTEX_POINT('',#7273);
#2183=VERTEX_POINT('',#7275);
#2184=VERTEX_POINT('',#7284);
#2185=VERTEX_POINT('',#7287);
#2186=VERTEX_POINT('',#7291);
#2187=VERTEX_POINT('',#7295);
#2188=VERTEX_POINT('',#7299);
#2189=VERTEX_POINT('',#7301);
#2190=VERTEX_POINT('',#7305);
#2191=VERTEX_POINT('',#7309);
#2192=VERTEX_POINT('',#7315);
#2193=VERTEX_POINT('',#7321);
#2194=VERTEX_POINT('',#7325);
#2195=VERTEX_POINT('',#7329);
#2196=VERTEX_POINT('',#7333);
#2197=VERTEX_POINT('',#7337);
#2198=VERTEX_POINT('',#7341);
#2199=VERTEX_POINT('',#7343);
#2200=VERTEX_POINT('',#7347);
#2201=VERTEX_POINT('',#7348);
#2202=VERTEX_POINT('',#7350);
#2203=VERTEX_POINT('',#7352);
#2204=VERTEX_POINT('',#7354);
#2205=VERTEX_POINT('',#7356);
#2206=VERTEX_POINT('',#7358);
#2207=VERTEX_POINT('',#7360);
#2208=VERTEX_POINT('',#7367);
#2209=VERTEX_POINT('',#7369);
#2210=VERTEX_POINT('',#7373);
#2211=VERTEX_POINT('',#7375);
#2212=VERTEX_POINT('',#7383);
#2213=VERTEX_POINT('',#7385);
#2214=VERTEX_POINT('',#7389);
#2215=VERTEX_POINT('',#7391);
#2216=EDGE_CURVE('',#1786,#1787,#630,.T.);
#2217=EDGE_CURVE('',#1786,#1788,#631,.T.);
#2218=EDGE_CURVE('',#1789,#1788,#632,.T.);
#2219=EDGE_CURVE('',#1789,#1787,#633,.T.);
#2220=EDGE_CURVE('',#1790,#1791,#634,.T.);
#2221=EDGE_CURVE('',#1790,#1792,#635,.T.);
#2222=EDGE_CURVE('',#1793,#1792,#636,.T.);
#2223=EDGE_CURVE('',#1793,#1791,#637,.T.);
#2224=EDGE_CURVE('',#1794,#1795,#638,.T.);
#2225=EDGE_CURVE('',#1794,#1796,#639,.T.);
#2226=EDGE_CURVE('',#1797,#1796,#640,.T.);
#2227=EDGE_CURVE('',#1797,#1795,#641,.T.);
#2228=EDGE_CURVE('',#1798,#1799,#642,.T.);
#2229=EDGE_CURVE('',#1798,#1800,#643,.T.);
#2230=EDGE_CURVE('',#1801,#1800,#644,.T.);
#2231=EDGE_CURVE('',#1801,#1799,#645,.T.);
#2232=EDGE_CURVE('',#1802,#1803,#646,.T.);
#2233=EDGE_CURVE('',#1802,#1804,#647,.T.);
#2234=EDGE_CURVE('',#1805,#1804,#648,.T.);
#2235=EDGE_CURVE('',#1805,#1803,#649,.T.);
#2236=EDGE_CURVE('',#1806,#1807,#650,.T.);
#2237=EDGE_CURVE('',#1806,#1808,#651,.T.);
#2238=EDGE_CURVE('',#1809,#1808,#652,.T.);
#2239=EDGE_CURVE('',#1809,#1807,#653,.T.);
#2240=EDGE_CURVE('',#1810,#1809,#654,.T.);
#2241=EDGE_CURVE('',#1811,#1808,#655,.T.);
#2242=EDGE_CURVE('',#1812,#1811,#656,.T.);
#2243=EDGE_CURVE('',#1812,#1813,#657,.T.);
#2244=EDGE_CURVE('',#1814,#1813,#658,.T.);
#2245=EDGE_CURVE('',#1814,#1815,#659,.T.);
#2246=EDGE_CURVE('',#1810,#1815,#660,.T.);
#2247=EDGE_CURVE('',#1816,#1802,#661,.T.);
#2248=EDGE_CURVE('',#1817,#1816,#662,.T.);
#2249=EDGE_CURVE('',#1807,#1817,#663,.T.);
#2250=EDGE_CURVE('',#1818,#1810,#664,.T.);
#2251=EDGE_CURVE('',#1788,#1818,#665,.T.);
#2252=EDGE_CURVE('',#1819,#1786,#666,.T.);
#2253=EDGE_CURVE('',#1820,#1819,#667,.T.);
#2254=EDGE_CURVE('',#1792,#1820,#668,.T.);
#2255=EDGE_CURVE('',#1821,#1790,#669,.T.);
#2256=EDGE_CURVE('',#1822,#1821,#670,.T.);
#2257=EDGE_CURVE('',#1796,#1822,#671,.T.);
#2258=EDGE_CURVE('',#1823,#1794,#672,.T.);
#2259=EDGE_CURVE('',#1824,#1823,#673,.T.);
#2260=EDGE_CURVE('',#1800,#1824,#674,.T.);
#2261=EDGE_CURVE('',#1825,#1798,#675,.T.);
#2262=EDGE_CURVE('',#1826,#1825,#676,.T.);
#2263=EDGE_CURVE('',#1804,#1826,#677,.T.);
#2264=EDGE_CURVE('',#1827,#1803,#678,.T.);
#2265=EDGE_CURVE('',#1828,#1827,#679,.T.);
#2266=EDGE_CURVE('',#1828,#1829,#680,.T.);
#2267=EDGE_CURVE('',#1816,#1829,#681,.T.);
#2268=EDGE_CURVE('',#1830,#1799,#682,.T.);
#2269=EDGE_CURVE('',#1831,#1830,#683,.T.);
#2270=EDGE_CURVE('',#1831,#1832,#684,.T.);
#2271=EDGE_CURVE('',#1825,#1832,#685,.T.);
#2272=EDGE_CURVE('',#1833,#1795,#686,.T.);
#2273=EDGE_CURVE('',#1834,#1833,#687,.T.);
#2274=EDGE_CURVE('',#1834,#1835,#688,.T.);
#2275=EDGE_CURVE('',#1823,#1835,#689,.T.);
#2276=EDGE_CURVE('',#1836,#1791,#690,.T.);
#2277=EDGE_CURVE('',#1837,#1836,#691,.T.);
#2278=EDGE_CURVE('',#1837,#1838,#692,.T.);
#2279=EDGE_CURVE('',#1821,#1838,#693,.T.);
#2280=EDGE_CURVE('',#1820,#1839,#694,.T.);
#2281=EDGE_CURVE('',#1839,#1840,#695,.T.);
#2282=EDGE_CURVE('',#1840,#1841,#696,.T.);
#2283=EDGE_CURVE('',#1841,#1793,#697,.T.);
#2284=EDGE_CURVE('',#1842,#1818,#698,.T.);
#2285=EDGE_CURVE('',#1842,#1843,#699,.T.);
#2286=EDGE_CURVE('',#1843,#1844,#700,.T.);
#2287=EDGE_CURVE('',#1844,#1845,#701,.T.);
#2288=EDGE_CURVE('',#1845,#1846,#702,.T.);
#2289=EDGE_CURVE('',#1846,#1789,#703,.T.);
#2290=EDGE_CURVE('',#1847,#1815,#704,.T.);
#2291=EDGE_CURVE('',#1847,#1848,#705,.T.);
#2292=EDGE_CURVE('',#1848,#1849,#706,.F.);
#2293=EDGE_CURVE('',#1849,#1850,#707,.T.);
#2294=EDGE_CURVE('',#1851,#1850,#708,.T.);
#2295=EDGE_CURVE('',#1852,#1851,#709,.T.);
#2296=EDGE_CURVE('',#1852,#1853,#79,.T.);
#2297=EDGE_CURVE('',#1853,#1854,#80,.T.);
#2298=EDGE_CURVE('',#1855,#1854,#710,.T.);
#2299=EDGE_CURVE('',#1855,#1856,#711,.F.);
#2300=EDGE_CURVE('',#1856,#1857,#712,.T.);
#2301=EDGE_CURVE('',#1857,#1858,#713,.F.);
#2302=EDGE_CURVE('',#1859,#1858,#714,.T.);
#2303=EDGE_CURVE('',#1859,#1860,#81,.T.);
#2304=EDGE_CURVE('',#1860,#1861,#82,.T.);
#2305=EDGE_CURVE('',#1862,#1861,#715,.T.);
#2306=EDGE_CURVE('',#1862,#1863,#716,.T.);
#2307=EDGE_CURVE('',#1863,#1864,#717,.T.);
#2308=EDGE_CURVE('',#1864,#1865,#718,.F.);
#2309=EDGE_CURVE('',#1865,#1866,#719,.T.);
#2310=EDGE_CURVE('',#1866,#1867,#720,.T.);
#2311=EDGE_CURVE('',#1867,#1868,#721,.T.);
#2312=EDGE_CURVE('',#1868,#1869,#722,.F.);
#2313=EDGE_CURVE('',#1869,#1870,#723,.T.);
#2314=EDGE_CURVE('',#1870,#1871,#724,.T.);
#2315=EDGE_CURVE('',#1871,#1872,#725,.T.);
#2316=EDGE_CURVE('',#1872,#1873,#726,.F.);
#2317=EDGE_CURVE('',#1873,#1874,#727,.T.);
#2318=EDGE_CURVE('',#1874,#1875,#728,.T.);
#2319=EDGE_CURVE('',#1875,#1876,#729,.T.);
#2320=EDGE_CURVE('',#1876,#1877,#730,.F.);
#2321=EDGE_CURVE('',#1877,#1878,#731,.T.);
#2322=EDGE_CURVE('',#1878,#1879,#732,.T.);
#2323=EDGE_CURVE('',#1879,#1880,#733,.T.);
#2324=EDGE_CURVE('',#1880,#1881,#734,.F.);
#2325=EDGE_CURVE('',#1881,#1882,#735,.T.);
#2326=EDGE_CURVE('',#1882,#1883,#736,.T.);
#2327=EDGE_CURVE('',#1883,#1884,#737,.T.);
#2328=EDGE_CURVE('',#1884,#1885,#738,.F.);
#2329=EDGE_CURVE('',#1885,#1886,#739,.T.);
#2330=EDGE_CURVE('',#1886,#1887,#740,.T.);
#2331=EDGE_CURVE('',#1887,#1888,#741,.T.);
#2332=EDGE_CURVE('',#1888,#1889,#742,.F.);
#2333=EDGE_CURVE('',#1889,#1890,#743,.T.);
#2334=EDGE_CURVE('',#1890,#1891,#744,.T.);
#2335=EDGE_CURVE('',#1891,#1892,#745,.T.);
#2336=EDGE_CURVE('',#1892,#1893,#746,.F.);
#2337=EDGE_CURVE('',#1893,#1894,#747,.T.);
#2338=EDGE_CURVE('',#1894,#1895,#748,.T.);
#2339=EDGE_CURVE('',#1895,#1896,#749,.T.);
#2340=EDGE_CURVE('',#1896,#1897,#83,.T.);
#2341=EDGE_CURVE('',#1897,#1898,#84,.T.);
#2342=EDGE_CURVE('',#1898,#1899,#750,.T.);
#2343=EDGE_CURVE('',#1899,#1900,#751,.F.);
#2344=EDGE_CURVE('',#1900,#1901,#752,.T.);
#2345=EDGE_CURVE('',#1901,#1902,#753,.F.);
#2346=EDGE_CURVE('',#1902,#1903,#754,.T.);
#2347=EDGE_CURVE('',#1903,#1904,#85,.T.);
#2348=EDGE_CURVE('',#1904,#1905,#86,.T.);
#2349=EDGE_CURVE('',#1905,#1906,#755,.T.);
#2350=EDGE_CURVE('',#1907,#1906,#756,.T.);
#2351=EDGE_CURVE('',#1907,#1908,#757,.T.);
#2352=EDGE_CURVE('',#1908,#1909,#758,.F.);
#2353=EDGE_CURVE('',#1909,#1910,#759,.T.);
#2354=EDGE_CURVE('',#1842,#1910,#760,.T.);
#2355=EDGE_CURVE('',#1911,#1912,#761,.T.);
#2356=EDGE_CURVE('',#1913,#1912,#762,.T.);
#2357=EDGE_CURVE('',#1913,#1914,#763,.T.);
#2358=EDGE_CURVE('',#1914,#1911,#764,.T.);
#2359=EDGE_CURVE('',#1915,#1916,#765,.T.);
#2360=EDGE_CURVE('',#1917,#1916,#766,.T.);
#2361=EDGE_CURVE('',#1917,#1918,#767,.T.);
#2362=EDGE_CURVE('',#1918,#1915,#768,.T.);
#2363=EDGE_CURVE('',#1919,#1920,#769,.T.);
#2364=EDGE_CURVE('',#1921,#1920,#770,.T.);
#2365=EDGE_CURVE('',#1921,#1922,#771,.T.);
#2366=EDGE_CURVE('',#1922,#1919,#772,.T.);
#2367=EDGE_CURVE('',#1923,#1924,#773,.T.);
#2368=EDGE_CURVE('',#1925,#1924,#774,.T.);
#2369=EDGE_CURVE('',#1925,#1926,#775,.T.);
#2370=EDGE_CURVE('',#1926,#1923,#776,.T.);
#2371=EDGE_CURVE('',#1927,#1928,#777,.T.);
#2372=EDGE_CURVE('',#1929,#1928,#778,.T.);
#2373=EDGE_CURVE('',#1929,#1930,#779,.T.);
#2374=EDGE_CURVE('',#1930,#1927,#780,.T.);
#2375=EDGE_CURVE('',#1931,#1932,#781,.T.);
#2376=EDGE_CURVE('',#1933,#1931,#782,.T.);
#2377=EDGE_CURVE('',#1934,#1933,#783,.T.);
#2378=EDGE_CURVE('',#1935,#1934,#784,.T.);
#2379=EDGE_CURVE('',#1936,#1935,#87,.T.);
#2380=EDGE_CURVE('',#1937,#1936,#785,.T.);
#2381=EDGE_CURVE('',#1938,#1937,#786,.T.);
#2382=EDGE_CURVE('',#1932,#1938,#787,.T.);
#2383=EDGE_CURVE('',#1939,#1939,#88,.T.);
#2384=EDGE_CURVE('',#1940,#1940,#89,.T.);
#2385=EDGE_CURVE('',#1941,#1941,#90,.T.);
#2386=EDGE_CURVE('',#1941,#1942,#788,.T.);
#2387=EDGE_CURVE('',#1942,#1942,#91,.T.);
#2388=EDGE_CURVE('',#1943,#1943,#92,.T.);
#2389=EDGE_CURVE('',#1943,#1944,#789,.T.);
#2390=EDGE_CURVE('',#1944,#1944,#93,.T.);
#2391=EDGE_CURVE('',#1945,#1945,#94,.T.);
#2392=EDGE_CURVE('',#1945,#1946,#790,.T.);
#2393=EDGE_CURVE('',#1946,#1946,#95,.T.);
#2394=EDGE_CURVE('',#1947,#1948,#791,.T.);
#2395=EDGE_CURVE('',#1947,#1949,#792,.T.);
#2396=EDGE_CURVE('',#1950,#1949,#793,.T.);
#2397=EDGE_CURVE('',#1948,#1950,#794,.T.);
#2398=EDGE_CURVE('',#1951,#1948,#795,.T.);
#2399=EDGE_CURVE('',#1952,#1950,#796,.T.);
#2400=EDGE_CURVE('',#1951,#1952,#797,.T.);
#2401=EDGE_CURVE('',#1953,#1954,#798,.T.);
#2402=EDGE_CURVE('',#1954,#1955,#799,.T.);
#2403=EDGE_CURVE('',#1956,#1955,#800,.T.);
#2404=EDGE_CURVE('',#1953,#1956,#801,.T.);
#2405=EDGE_CURVE('',#1953,#1957,#802,.T.);
#2406=EDGE_CURVE('',#1958,#1956,#803,.T.);
#2407=EDGE_CURVE('',#1957,#1958,#804,.T.);
#2408=EDGE_CURVE('',#1957,#1959,#96,.T.);
#2409=EDGE_CURVE('',#1960,#1958,#97,.T.);
#2410=EDGE_CURVE('',#1959,#1960,#805,.T.);
#2411=EDGE_CURVE('',#1959,#1961,#806,.T.);
#2412=EDGE_CURVE('',#1962,#1960,#807,.T.);
#2413=EDGE_CURVE('',#1961,#1962,#808,.T.);
#2414=EDGE_CURVE('',#1961,#1947,#98,.T.);
#2415=EDGE_CURVE('',#1949,#1962,#99,.T.);
#2416=EDGE_CURVE('',#1955,#1963,#809,.T.);
#2417=EDGE_CURVE('',#1963,#1964,#810,.T.);
#2418=EDGE_CURVE('',#1964,#1952,#811,.T.);
#2419=EDGE_CURVE('',#1965,#1965,#100,.T.);
#2420=EDGE_CURVE('',#1966,#1966,#101,.T.);
#2421=EDGE_CURVE('',#1948,#1967,#812,.T.);
#2422=EDGE_CURVE('',#1968,#1967,#813,.T.);
#2423=EDGE_CURVE('',#1969,#1968,#814,.T.);
#2424=EDGE_CURVE('',#1970,#1969,#815,.T.);
#2425=EDGE_CURVE('',#1970,#1953,#816,.T.);
#2426=EDGE_CURVE('',#1971,#1971,#102,.T.);
#2427=EDGE_CURVE('',#1971,#1972,#817,.T.);
#2428=EDGE_CURVE('',#1972,#1972,#103,.T.);
#2429=EDGE_CURVE('',#1973,#1973,#104,.T.);
#2430=EDGE_CURVE('',#1973,#1974,#818,.T.);
#2431=EDGE_CURVE('',#1974,#1974,#105,.T.);
#2432=EDGE_CURVE('',#1975,#1975,#106,.T.);
#2433=EDGE_CURVE('',#1975,#1976,#819,.T.);
#2434=EDGE_CURVE('',#1976,#1976,#107,.T.);
#2435=EDGE_CURVE('',#1977,#1978,#820,.T.);
#2436=EDGE_CURVE('',#1978,#1979,#821,.T.);
#2437=EDGE_CURVE('',#1980,#1979,#822,.T.);
#2438=EDGE_CURVE('',#1977,#1980,#823,.T.);
#2439=EDGE_CURVE('',#1977,#1981,#824,.T.);
#2440=EDGE_CURVE('',#1982,#1980,#825,.T.);
#2441=EDGE_CURVE('',#1981,#1982,#826,.T.);
#2442=EDGE_CURVE('',#1981,#1983,#108,.T.);
#2443=EDGE_CURVE('',#1984,#1982,#109,.T.);
#2444=EDGE_CURVE('',#1983,#1984,#827,.T.);
#2445=EDGE_CURVE('',#1983,#1985,#828,.T.);
#2446=EDGE_CURVE('',#1986,#1984,#829,.T.);
#2447=EDGE_CURVE('',#1985,#1986,#830,.T.);
#2448=EDGE_CURVE('',#1985,#1987,#110,.T.);
#2449=EDGE_CURVE('',#1988,#1986,#111,.T.);
#2450=EDGE_CURVE('',#1987,#1988,#831,.T.);
#2451=EDGE_CURVE('',#1987,#1989,#832,.T.);
#2452=EDGE_CURVE('',#1990,#1988,#833,.T.);
#2453=EDGE_CURVE('',#1989,#1990,#834,.T.);
#2454=EDGE_CURVE('',#1991,#1989,#835,.T.);
#2455=EDGE_CURVE('',#1992,#1990,#836,.T.);
#2456=EDGE_CURVE('',#1991,#1992,#837,.T.);
#2457=EDGE_CURVE('',#1979,#1993,#838,.T.);
#2458=EDGE_CURVE('',#1993,#1994,#839,.T.);
#2459=EDGE_CURVE('',#1994,#1995,#840,.T.);
#2460=EDGE_CURVE('',#1995,#1996,#841,.T.);
#2461=EDGE_CURVE('',#1996,#1997,#842,.T.);
#2462=EDGE_CURVE('',#1997,#1998,#843,.T.);
#2463=EDGE_CURVE('',#1998,#1992,#844,.T.);
#2464=EDGE_CURVE('',#1999,#2000,#845,.T.);
#2465=EDGE_CURVE('',#2000,#2001,#846,.T.);
#2466=EDGE_CURVE('',#2001,#2002,#847,.T.);
#2467=EDGE_CURVE('',#2002,#1999,#848,.T.);
#2468=EDGE_CURVE('',#2003,#2003,#112,.T.);
#2469=EDGE_CURVE('',#2004,#2004,#113,.T.);
#2470=EDGE_CURVE('',#1989,#2005,#849,.T.);
#2471=EDGE_CURVE('',#2006,#2005,#850,.T.);
#2472=EDGE_CURVE('',#2007,#2006,#851,.T.);
#2473=EDGE_CURVE('',#2008,#2007,#852,.T.);
#2474=EDGE_CURVE('',#2008,#1977,#853,.T.);
#2475=EDGE_CURVE('',#1927,#2009,#854,.T.);
#2476=EDGE_CURVE('',#2010,#1930,#855,.T.);
#2477=EDGE_CURVE('',#2009,#2010,#856,.T.);
#2478=EDGE_CURVE('',#1923,#2011,#857,.T.);
#2479=EDGE_CURVE('',#2012,#1926,#858,.T.);
#2480=EDGE_CURVE('',#2011,#2012,#859,.T.);
#2481=EDGE_CURVE('',#1919,#2013,#860,.T.);
#2482=EDGE_CURVE('',#2014,#1922,#861,.T.);
#2483=EDGE_CURVE('',#2013,#2014,#862,.T.);
#2484=EDGE_CURVE('',#1915,#2015,#863,.T.);
#2485=EDGE_CURVE('',#2016,#1918,#864,.T.);
#2486=EDGE_CURVE('',#2015,#2016,#865,.T.);
#2487=EDGE_CURVE('',#1911,#2017,#866,.T.);
#2488=EDGE_CURVE('',#2018,#1914,#867,.T.);
#2489=EDGE_CURVE('',#2017,#2018,#868,.T.);
#2490=EDGE_CURVE('',#2019,#2017,#869,.T.);
#2491=EDGE_CURVE('',#2019,#1912,#870,.T.);
#2492=EDGE_CURVE('',#2020,#2018,#871,.T.);
#2493=EDGE_CURVE('',#2020,#2019,#872,.T.);
#2494=EDGE_CURVE('',#1913,#2020,#873,.T.);
#2495=EDGE_CURVE('',#2021,#2015,#874,.T.);
#2496=EDGE_CURVE('',#2021,#1916,#875,.T.);
#2497=EDGE_CURVE('',#2022,#2016,#876,.T.);
#2498=EDGE_CURVE('',#2022,#2021,#877,.T.);
#2499=EDGE_CURVE('',#1917,#2022,#878,.T.);
#2500=EDGE_CURVE('',#2023,#2013,#879,.T.);
#2501=EDGE_CURVE('',#2023,#1920,#880,.T.);
#2502=EDGE_CURVE('',#2024,#2014,#881,.T.);
#2503=EDGE_CURVE('',#2024,#2023,#882,.T.);
#2504=EDGE_CURVE('',#1921,#2024,#883,.T.);
#2505=EDGE_CURVE('',#2025,#2011,#884,.T.);
#2506=EDGE_CURVE('',#2025,#1924,#885,.T.);
#2507=EDGE_CURVE('',#2026,#2012,#886,.T.);
#2508=EDGE_CURVE('',#2026,#2025,#887,.T.);
#2509=EDGE_CURVE('',#1925,#2026,#888,.T.);
#2510=EDGE_CURVE('',#2027,#2009,#889,.T.);
#2511=EDGE_CURVE('',#2027,#1928,#890,.T.);
#2512=EDGE_CURVE('',#2028,#2010,#891,.T.);
#2513=EDGE_CURVE('',#2028,#2027,#892,.T.);
#2514=EDGE_CURVE('',#1929,#2028,#893,.T.);
#2515=EDGE_CURVE('',#1891,#2029,#894,.T.);
#2516=EDGE_CURVE('',#2030,#1890,#895,.T.);
#2517=EDGE_CURVE('',#2029,#2030,#896,.T.);
#2518=EDGE_CURVE('',#2031,#1886,#897,.T.);
#2519=EDGE_CURVE('',#2032,#2031,#898,.T.);
#2520=EDGE_CURVE('',#1887,#2032,#899,.T.);
#2521=EDGE_CURVE('',#2033,#1878,#900,.T.);
#2522=EDGE_CURVE('',#2034,#2033,#901,.T.);
#2523=EDGE_CURVE('',#1879,#2034,#902,.T.);
#2524=EDGE_CURVE('',#2035,#1882,#903,.T.);
#2525=EDGE_CURVE('',#2036,#2035,#904,.T.);
#2526=EDGE_CURVE('',#1883,#2036,#905,.T.);
#2527=EDGE_CURVE('',#1895,#2037,#906,.T.);
#2528=EDGE_CURVE('',#2038,#1894,#907,.T.);
#2529=EDGE_CURVE('',#2037,#2038,#908,.T.);
#2530=EDGE_CURVE('',#2039,#1874,#909,.T.);
#2531=EDGE_CURVE('',#2040,#2039,#910,.T.);
#2532=EDGE_CURVE('',#1875,#2040,#911,.T.);
#2533=EDGE_CURVE('',#2041,#1870,#912,.T.);
#2534=EDGE_CURVE('',#2042,#2041,#913,.T.);
#2535=EDGE_CURVE('',#1871,#2042,#914,.T.);
#2536=EDGE_CURVE('',#2043,#1866,#915,.T.);
#2537=EDGE_CURVE('',#2044,#2043,#916,.T.);
#2538=EDGE_CURVE('',#1867,#2044,#917,.T.);
#2539=EDGE_CURVE('',#1847,#2045,#918,.T.);
#2540=EDGE_CURVE('',#2045,#1814,#919,.T.);
#2541=EDGE_CURVE('',#2046,#1910,#920,.T.);
#2542=EDGE_CURVE('',#1843,#2046,#921,.T.);
#2543=EDGE_CURVE('',#2047,#1906,#922,.T.);
#2544=EDGE_CURVE('',#2048,#2047,#923,.T.);
#2545=EDGE_CURVE('',#1907,#2048,#924,.T.);
#2546=EDGE_CURVE('',#1851,#2049,#925,.T.);
#2547=EDGE_CURVE('',#2050,#1850,#926,.T.);
#2548=EDGE_CURVE('',#2049,#2050,#927,.T.);
#2549=EDGE_CURVE('',#2051,#1862,#928,.T.);
#2550=EDGE_CURVE('',#2052,#2051,#929,.T.);
#2551=EDGE_CURVE('',#1863,#2052,#930,.T.);
#2552=EDGE_CURVE('',#2049,#2053,#931,.T.);
#2553=EDGE_CURVE('',#2053,#1852,#25,.T.);
#2554=EDGE_CURVE('',#2050,#2054,#932,.T.);
#2555=EDGE_CURVE('',#2054,#2053,#114,.T.);
#2556=EDGE_CURVE('',#2055,#1849,#933,.T.);
#2557=EDGE_CURVE('',#2056,#2055,#934,.T.);
#2558=EDGE_CURVE('',#2056,#2057,#935,.T.);
#2559=EDGE_CURVE('',#2058,#2057,#936,.T.);
#2560=EDGE_CURVE('',#2058,#2054,#26,.T.);
#2561=EDGE_CURVE('',#2045,#2059,#937,.T.);
#2562=EDGE_CURVE('',#2059,#2060,#938,.T.);
#2563=EDGE_CURVE('',#2060,#2061,#939,.T.);
#2564=EDGE_CURVE('',#2061,#1848,#940,.T.);
#2565=EDGE_CURVE('',#1813,#2059,#941,.T.);
#2566=EDGE_CURVE('',#1817,#2062,#942,.T.);
#2567=EDGE_CURVE('',#2062,#2063,#943,.T.);
#2568=EDGE_CURVE('',#2063,#2064,#944,.T.);
#2569=EDGE_CURVE('',#2064,#1806,#945,.T.);
#2570=EDGE_CURVE('',#1829,#2062,#946,.T.);
#2571=EDGE_CURVE('',#1826,#2065,#947,.T.);
#2572=EDGE_CURVE('',#2065,#2066,#948,.T.);
#2573=EDGE_CURVE('',#2066,#2067,#949,.T.);
#2574=EDGE_CURVE('',#2067,#1805,#950,.T.);
#2575=EDGE_CURVE('',#1873,#2068,#951,.T.);
#2576=EDGE_CURVE('',#2068,#2069,#952,.T.);
#2577=EDGE_CURVE('',#2069,#2070,#953,.T.);
#2578=EDGE_CURVE('',#2070,#2039,#954,.T.);
#2579=EDGE_CURVE('',#1832,#2065,#955,.T.);
#2580=EDGE_CURVE('',#2071,#2037,#956,.T.);
#2581=EDGE_CURVE('',#2071,#1896,#27,.T.);
#2582=EDGE_CURVE('',#1824,#2072,#957,.T.);
#2583=EDGE_CURVE('',#2072,#2073,#958,.T.);
#2584=EDGE_CURVE('',#2073,#2074,#959,.T.);
#2585=EDGE_CURVE('',#2074,#1801,#960,.T.);
#2586=EDGE_CURVE('',#1877,#2075,#961,.T.);
#2587=EDGE_CURVE('',#2075,#2076,#962,.T.);
#2588=EDGE_CURVE('',#2076,#2077,#963,.T.);
#2589=EDGE_CURVE('',#2077,#2033,#964,.T.);
#2590=EDGE_CURVE('',#1835,#2072,#965,.T.);
#2591=EDGE_CURVE('',#2078,#2038,#966,.T.);
#2592=EDGE_CURVE('',#2078,#2071,#115,.T.);
#2593=EDGE_CURVE('',#2048,#2079,#967,.T.);
#2594=EDGE_CURVE('',#2079,#2080,#28,.T.);
#2595=EDGE_CURVE('',#2080,#2081,#968,.T.);
#2596=EDGE_CURVE('',#2081,#2082,#969,.T.);
#2597=EDGE_CURVE('',#2082,#2083,#970,.T.);
#2598=EDGE_CURVE('',#2083,#1908,#971,.T.);
#2599=EDGE_CURVE('',#1893,#2084,#972,.T.);
#2600=EDGE_CURVE('',#2084,#2085,#973,.T.);
#2601=EDGE_CURVE('',#2085,#2086,#974,.T.);
#2602=EDGE_CURVE('',#2086,#2087,#975,.T.);
#2603=EDGE_CURVE('',#2087,#2078,#29,.T.);
#2604=EDGE_CURVE('',#1822,#2088,#976,.T.);
#2605=EDGE_CURVE('',#2088,#2089,#977,.T.);
#2606=EDGE_CURVE('',#2089,#2090,#978,.T.);
#2607=EDGE_CURVE('',#2090,#1797,#979,.T.);
#2608=EDGE_CURVE('',#1881,#2091,#980,.T.);
#2609=EDGE_CURVE('',#2091,#2092,#981,.T.);
#2610=EDGE_CURVE('',#2092,#2093,#982,.T.);
#2611=EDGE_CURVE('',#2093,#2035,#983,.T.);
#2612=EDGE_CURVE('',#1838,#2088,#984,.T.);
#2613=EDGE_CURVE('',#2094,#1909,#985,.T.);
#2614=EDGE_CURVE('',#2095,#2094,#986,.T.);
#2615=EDGE_CURVE('',#2095,#2096,#987,.T.);
#2616=EDGE_CURVE('',#2046,#2096,#988,.T.);
#2617=EDGE_CURVE('',#2096,#1844,#989,.T.);
#2618=EDGE_CURVE('',#2097,#2030,#990,.T.);
#2619=EDGE_CURVE('',#2097,#2098,#991,.T.);
#2620=EDGE_CURVE('',#2098,#2029,#992,.T.);
#2621=EDGE_CURVE('',#1889,#2099,#993,.T.);
#2622=EDGE_CURVE('',#2099,#2100,#994,.T.);
#2623=EDGE_CURVE('',#2100,#2097,#995,.T.);
#2624=EDGE_CURVE('',#1885,#2101,#996,.T.);
#2625=EDGE_CURVE('',#2101,#2102,#997,.T.);
#2626=EDGE_CURVE('',#2102,#2103,#998,.T.);
#2627=EDGE_CURVE('',#2103,#2031,#999,.T.);
#2628=EDGE_CURVE('',#1819,#2104,#1000,.T.);
#2629=EDGE_CURVE('',#2104,#1839,#1001,.T.);
#2630=EDGE_CURVE('',#2105,#2032,#1002,.T.);
#2631=EDGE_CURVE('',#2106,#2105,#1003,.T.);
#2632=EDGE_CURVE('',#2107,#2106,#1004,.T.);
#2633=EDGE_CURVE('',#2107,#1888,#1005,.T.);
#2634=EDGE_CURVE('',#2108,#1787,#1006,.T.);
#2635=EDGE_CURVE('',#2109,#2108,#1007,.T.);
#2636=EDGE_CURVE('',#2109,#2104,#1008,.T.);
#2637=EDGE_CURVE('',#1854,#2110,#30,.T.);
#2638=EDGE_CURVE('',#1854,#1852,#116,.T.);
#2639=EDGE_CURVE('',#2110,#2058,#117,.T.);
#2640=EDGE_CURVE('',#2111,#2087,#118,.T.);
#2641=EDGE_CURVE('',#1898,#2111,#31,.T.);
#2642=EDGE_CURVE('',#1898,#1896,#119,.T.);
#2643=EDGE_CURVE('',#1905,#2112,#32,.T.);
#2644=EDGE_CURVE('',#1905,#1903,#120,.T.);
#2645=EDGE_CURVE('',#2113,#1903,#33,.T.);
#2646=EDGE_CURVE('',#2080,#2113,#121,.T.);
#2647=EDGE_CURVE('',#2112,#2079,#122,.T.);
#2648=EDGE_CURVE('',#1861,#2114,#34,.T.);
#2649=EDGE_CURVE('',#1861,#1859,#123,.T.);
#2650=EDGE_CURVE('',#2115,#1859,#35,.T.);
#2651=EDGE_CURVE('',#2116,#2115,#124,.T.);
#2652=EDGE_CURVE('',#2117,#2116,#36,.T.);
#2653=EDGE_CURVE('',#2114,#2117,#125,.T.);
#2654=EDGE_CURVE('',#1858,#2118,#1009,.T.);
#2655=EDGE_CURVE('',#2118,#2119,#1010,.T.);
#2656=EDGE_CURVE('',#2119,#2120,#1011,.T.);
#2657=EDGE_CURVE('',#2120,#2115,#1012,.T.);
#2658=EDGE_CURVE('',#2114,#2051,#1013,.T.);
#2659=EDGE_CURVE('',#2110,#2121,#1014,.T.);
#2660=EDGE_CURVE('',#2121,#2122,#1015,.T.);
#2661=EDGE_CURVE('',#2122,#2123,#1016,.T.);
#2662=EDGE_CURVE('',#2123,#1855,#1017,.T.);
#2663=EDGE_CURVE('',#2117,#2052,#1018,.T.);
#2664=EDGE_CURVE('',#2124,#2116,#1019,.T.);
#2665=EDGE_CURVE('',#2125,#2124,#1020,.T.);
#2666=EDGE_CURVE('',#2126,#2125,#1021,.T.);
#2667=EDGE_CURVE('',#2126,#1864,#1022,.T.);
#2668=EDGE_CURVE('',#2120,#2124,#1023,.T.);
#2669=EDGE_CURVE('',#2057,#2121,#1024,.T.);
#2670=EDGE_CURVE('',#2127,#1902,#1025,.T.);
#2671=EDGE_CURVE('',#2128,#2127,#1026,.T.);
#2672=EDGE_CURVE('',#2128,#2129,#1027,.T.);
#2673=EDGE_CURVE('',#2113,#2129,#1028,.T.);
#2674=EDGE_CURVE('',#2047,#2112,#1029,.T.);
#2675=EDGE_CURVE('',#2130,#2111,#1030,.T.);
#2676=EDGE_CURVE('',#2131,#2130,#1031,.T.);
#2677=EDGE_CURVE('',#2132,#2131,#1032,.T.);
#2678=EDGE_CURVE('',#2132,#1899,#1033,.T.);
#2679=EDGE_CURVE('',#2129,#2081,#1034,.T.);
#2680=EDGE_CURVE('',#2086,#2130,#1035,.T.);
#2681=EDGE_CURVE('',#2133,#2134,#1036,.T.);
#2682=EDGE_CURVE('',#2135,#2133,#1037,.T.);
#2683=EDGE_CURVE('',#2136,#2135,#1038,.T.);
#2684=EDGE_CURVE('',#2136,#2134,#1039,.T.);
#2685=EDGE_CURVE('',#2137,#2138,#1040,.T.);
#2686=EDGE_CURVE('',#2138,#2139,#1041,.T.);
#2687=EDGE_CURVE('',#2139,#2140,#1042,.T.);
#2688=EDGE_CURVE('',#2140,#2137,#1043,.T.);
#2689=EDGE_CURVE('',#2141,#2135,#1044,.T.);
#2690=EDGE_CURVE('',#2142,#2141,#1045,.T.);
#2691=EDGE_CURVE('',#2136,#2142,#1046,.T.);
#2692=EDGE_CURVE('',#2131,#2085,#1047,.T.);
#2693=EDGE_CURVE('',#2084,#2132,#1048,.T.);
#2694=EDGE_CURVE('',#2082,#2128,#1049,.T.);
#2695=EDGE_CURVE('',#2127,#2083,#1050,.T.);
#2696=EDGE_CURVE('',#2143,#2100,#1051,.T.);
#2697=EDGE_CURVE('',#2099,#2144,#1052,.T.);
#2698=EDGE_CURVE('',#2144,#2143,#1053,.T.);
#2699=EDGE_CURVE('',#2143,#2098,#1054,.T.);
#2700=EDGE_CURVE('',#1845,#2095,#1055,.T.);
#2701=EDGE_CURVE('',#2094,#1846,#1056,.T.);
#2702=EDGE_CURVE('',#2144,#1892,#1057,.T.);
#2703=EDGE_CURVE('',#2103,#2105,#1058,.T.);
#2704=EDGE_CURVE('',#2106,#2102,#1059,.T.);
#2705=EDGE_CURVE('',#2101,#2107,#1060,.T.);
#2706=EDGE_CURVE('',#1840,#2109,#1061,.T.);
#2707=EDGE_CURVE('',#2108,#1841,#1062,.T.);
#2708=EDGE_CURVE('',#2093,#2145,#1063,.T.);
#2709=EDGE_CURVE('',#2145,#2036,#1064,.T.);
#2710=EDGE_CURVE('',#2146,#2092,#1065,.T.);
#2711=EDGE_CURVE('',#2091,#2147,#1066,.T.);
#2712=EDGE_CURVE('',#2147,#2146,#1067,.T.);
#2713=EDGE_CURVE('',#2146,#2145,#1068,.T.);
#2714=EDGE_CURVE('',#2089,#1837,#1069,.T.);
#2715=EDGE_CURVE('',#1836,#2090,#1070,.T.);
#2716=EDGE_CURVE('',#2147,#1884,#1071,.T.);
#2717=EDGE_CURVE('',#2077,#2148,#1072,.T.);
#2718=EDGE_CURVE('',#2148,#2034,#1073,.T.);
#2719=EDGE_CURVE('',#2149,#2076,#1074,.T.);
#2720=EDGE_CURVE('',#2075,#2150,#1075,.T.);
#2721=EDGE_CURVE('',#2150,#2149,#1076,.T.);
#2722=EDGE_CURVE('',#2149,#2148,#1077,.T.);
#2723=EDGE_CURVE('',#2073,#1834,#1078,.T.);
#2724=EDGE_CURVE('',#1833,#2074,#1079,.T.);
#2725=EDGE_CURVE('',#2150,#1880,#1080,.T.);
#2726=EDGE_CURVE('',#2070,#2151,#1081,.T.);
#2727=EDGE_CURVE('',#2151,#2040,#1082,.T.);
#2728=EDGE_CURVE('',#2152,#2069,#1083,.T.);
#2729=EDGE_CURVE('',#2068,#2153,#1084,.T.);
#2730=EDGE_CURVE('',#2153,#2152,#1085,.T.);
#2731=EDGE_CURVE('',#2152,#2151,#1086,.T.);
#2732=EDGE_CURVE('',#2066,#1831,#1087,.T.);
#2733=EDGE_CURVE('',#1830,#2067,#1088,.T.);
#2734=EDGE_CURVE('',#2153,#1876,#1089,.T.);
#2735=EDGE_CURVE('',#2154,#2041,#1090,.T.);
#2736=EDGE_CURVE('',#2154,#2155,#1091,.T.);
#2737=EDGE_CURVE('',#2155,#2042,#1092,.T.);
#2738=EDGE_CURVE('',#2156,#2157,#1093,.T.);
#2739=EDGE_CURVE('',#2158,#2157,#1094,.T.);
#2740=EDGE_CURVE('',#2158,#2159,#1095,.T.);
#2741=EDGE_CURVE('',#2159,#2156,#1096,.T.);
#2742=EDGE_CURVE('',#2156,#2155,#1097,.T.);
#2743=EDGE_CURVE('',#2157,#2154,#1098,.T.);
#2744=EDGE_CURVE('',#2063,#1828,#1099,.T.);
#2745=EDGE_CURVE('',#1827,#2064,#1100,.T.);
#2746=EDGE_CURVE('',#1869,#2158,#1101,.T.);
#2747=EDGE_CURVE('',#2159,#1872,#1102,.T.);
#2748=EDGE_CURVE('',#2160,#2043,#1103,.T.);
#2749=EDGE_CURVE('',#2160,#2161,#1104,.T.);
#2750=EDGE_CURVE('',#2161,#2044,#1105,.T.);
#2751=EDGE_CURVE('',#2162,#2163,#1106,.T.);
#2752=EDGE_CURVE('',#2164,#2163,#1107,.T.);
#2753=EDGE_CURVE('',#2164,#2165,#1108,.T.);
#2754=EDGE_CURVE('',#2165,#2162,#1109,.T.);
#2755=EDGE_CURVE('',#2162,#2161,#1110,.T.);
#2756=EDGE_CURVE('',#2163,#2160,#1111,.T.);
#2757=EDGE_CURVE('',#2060,#1812,#1112,.T.);
#2758=EDGE_CURVE('',#1811,#2061,#1113,.T.);
#2759=EDGE_CURVE('',#1865,#2164,#1114,.T.);
#2760=EDGE_CURVE('',#2165,#1868,#1115,.T.);
#2761=EDGE_CURVE('',#2166,#2167,#1116,.F.);
#2762=EDGE_CURVE('',#2167,#2140,#1117,.T.);
#2763=EDGE_CURVE('',#2139,#2166,#1118,.T.);
#2764=EDGE_CURVE('',#2133,#2168,#1119,.T.);
#2765=EDGE_CURVE('',#2168,#2141,#1120,.T.);
#2766=EDGE_CURVE('',#2137,#2169,#1121,.T.);
#2767=EDGE_CURVE('',#2169,#2170,#1122,.T.);
#2768=EDGE_CURVE('',#2170,#2134,#1123,.T.);
#2769=EDGE_CURVE('',#2142,#2171,#1124,.T.);
#2770=EDGE_CURVE('',#2171,#2138,#1125,.T.);
#2771=EDGE_CURVE('',#2170,#2168,#1126,.T.);
#2772=EDGE_CURVE('',#2169,#1857,#1127,.T.);
#2773=EDGE_CURVE('',#2171,#1856,#1128,.T.);
#2774=EDGE_CURVE('',#2172,#2173,#1129,.T.);
#2775=EDGE_CURVE('',#2174,#2172,#1130,.F.);
#2776=EDGE_CURVE('',#2175,#2174,#1131,.T.);
#2777=EDGE_CURVE('',#2173,#2175,#1132,.T.);
#2778=EDGE_CURVE('',#2176,#2173,#1133,.T.);
#2779=EDGE_CURVE('',#2177,#2176,#1134,.T.);
#2780=EDGE_CURVE('',#2172,#2177,#1135,.T.);
#2781=EDGE_CURVE('',#2175,#2178,#1136,.T.);
#2782=EDGE_CURVE('',#2176,#2178,#1137,.T.);
#2783=EDGE_CURVE('',#2179,#2177,#1138,.T.);
#2784=EDGE_CURVE('',#2179,#2180,#1139,.T.);
#2785=EDGE_CURVE('',#2180,#2181,#1140,.T.);
#2786=EDGE_CURVE('',#2181,#2182,#1141,.T.);
#2787=EDGE_CURVE('',#2183,#2182,#1142,.T.);
#2788=EDGE_CURVE('',#2183,#2174,#1143,.T.);
#2789=EDGE_CURVE('',#2178,#2183,#1144,.T.);
#2790=EDGE_CURVE('',#2182,#1901,#1145,.T.);
#2791=EDGE_CURVE('',#1900,#2179,#1146,.T.);
#2792=EDGE_CURVE('',#2184,#2184,#126,.T.);
#2793=EDGE_CURVE('',#1940,#2185,#1147,.T.);
#2794=EDGE_CURVE('',#2185,#2185,#127,.T.);
#2795=EDGE_CURVE('',#1860,#2186,#1148,.T.);
#2796=EDGE_CURVE('',#2186,#2186,#128,.T.);
#2797=EDGE_CURVE('',#1853,#2187,#1149,.T.);
#2798=EDGE_CURVE('',#2187,#2187,#129,.T.);
#2799=EDGE_CURVE('',#2188,#1934,#1150,.T.);
#2800=EDGE_CURVE('',#2188,#2189,#1151,.T.);
#2801=EDGE_CURVE('',#2189,#1935,#1152,.T.);
#2802=EDGE_CURVE('',#2189,#2190,#130,.T.);
#2803=EDGE_CURVE('',#2190,#1936,#1153,.T.);
#2804=EDGE_CURVE('',#2190,#2191,#1154,.T.);
#2805=EDGE_CURVE('',#2191,#1937,#1155,.T.);
#2806=EDGE_CURVE('',#2185,#1965,#1156,.T.);
#2807=EDGE_CURVE('',#2186,#2192,#1157,.T.);
#2808=EDGE_CURVE('',#2192,#2192,#131,.T.);
#2809=EDGE_CURVE('',#2187,#1966,#1158,.T.);
#2810=EDGE_CURVE('',#1897,#2193,#1159,.T.);
#2811=EDGE_CURVE('',#2193,#2193,#132,.T.);
#2812=EDGE_CURVE('',#1904,#2194,#1160,.T.);
#2813=EDGE_CURVE('',#2194,#2194,#133,.T.);
#2814=EDGE_CURVE('',#1939,#2195,#1161,.T.);
#2815=EDGE_CURVE('',#2195,#2195,#134,.T.);
#2816=EDGE_CURVE('',#2191,#2196,#1162,.T.);
#2817=EDGE_CURVE('',#2196,#1938,#1163,.T.);
#2818=EDGE_CURVE('',#2197,#1933,#1164,.T.);
#2819=EDGE_CURVE('',#2197,#2188,#1165,.T.);
#2820=EDGE_CURVE('',#2198,#2197,#1166,.T.);
#2821=EDGE_CURVE('',#2199,#2198,#1167,.T.);
#2822=EDGE_CURVE('',#2196,#2199,#1168,.T.);
#2823=EDGE_CURVE('',#2200,#2201,#1169,.T.);
#2824=EDGE_CURVE('',#2202,#2200,#1170,.T.);
#2825=EDGE_CURVE('',#2203,#2202,#1171,.T.);
#2826=EDGE_CURVE('',#2204,#2203,#1172,.T.);
#2827=EDGE_CURVE('',#2205,#2204,#1173,.T.);
#2828=EDGE_CURVE('',#2206,#2205,#1174,.T.);
#2829=EDGE_CURVE('',#2207,#2206,#1175,.T.);
#2830=EDGE_CURVE('',#2201,#2207,#1176,.T.);
#2831=EDGE_CURVE('',#1963,#2201,#1177,.T.);
#2832=EDGE_CURVE('',#1964,#2207,#1178,.T.);
#2833=EDGE_CURVE('',#2208,#1951,#135,.T.);
#2834=EDGE_CURVE('',#2209,#2208,#1179,.T.);
#2835=EDGE_CURVE('',#1967,#2209,#136,.T.);
#2836=EDGE_CURVE('',#2210,#2208,#1180,.T.);
#2837=EDGE_CURVE('',#2211,#2210,#1181,.T.);
#2838=EDGE_CURVE('',#2209,#2211,#1182,.T.);
#2839=EDGE_CURVE('',#1968,#2167,#1183,.T.);
#2840=EDGE_CURVE('',#1969,#2166,#1184,.T.);
#2841=EDGE_CURVE('',#2212,#1970,#137,.T.);
#2842=EDGE_CURVE('',#2213,#2212,#1185,.T.);
#2843=EDGE_CURVE('',#1954,#2213,#138,.T.);
#2844=EDGE_CURVE('',#2214,#2212,#1186,.T.);
#2845=EDGE_CURVE('',#2215,#2214,#1187,.T.);
#2846=EDGE_CURVE('',#2213,#2215,#1188,.T.);
#2847=EDGE_CURVE('',#2193,#2003,#1189,.T.);
#2848=EDGE_CURVE('',#2194,#2004,#1190,.T.);
#2849=EDGE_CURVE('',#2195,#2184,#1191,.T.);
#2850=EDGE_CURVE('',#2001,#2199,#1192,.T.);
#2851=EDGE_CURVE('',#1932,#2000,#1193,.T.);
#2852=EDGE_CURVE('',#1931,#1999,#1194,.T.);
#2853=EDGE_CURVE('',#2002,#2198,#1195,.T.);
#2854=EDGE_CURVE('',#2007,#2180,#1196,.T.);
#2855=EDGE_CURVE('',#2006,#2181,#1197,.T.);
#2856=EDGE_CURVE('',#2005,#2214,#139,.T.);
#2857=EDGE_CURVE('',#2215,#1991,#140,.T.);
#2858=EDGE_CURVE('',#2200,#1998,#1198,.T.);
#2859=EDGE_CURVE('',#1997,#2202,#1199,.T.);
#2860=EDGE_CURVE('',#1996,#2203,#1200,.T.);
#2861=EDGE_CURVE('',#1995,#2204,#1201,.T.);
#2862=EDGE_CURVE('',#1994,#2205,#1202,.T.);
#2863=EDGE_CURVE('',#1993,#2206,#1203,.T.);
#2864=EDGE_CURVE('',#1978,#2210,#141,.T.);
#2865=EDGE_CURVE('',#2211,#2008,#142,.T.);
#2866=EDGE_CURVE('',#2125,#2119,#1204,.T.);
#2867=EDGE_CURVE('',#2118,#2126,#1205,.T.);
#2868=EDGE_CURVE('',#2122,#2056,#1206,.T.);
#2869=EDGE_CURVE('',#2055,#2123,#1207,.T.);
#2870=ORIENTED_EDGE('',*,*,#2216,.F.);
#2871=ORIENTED_EDGE('',*,*,#2217,.T.);
#2872=ORIENTED_EDGE('',*,*,#2218,.F.);
#2873=ORIENTED_EDGE('',*,*,#2219,.T.);
#2874=ORIENTED_EDGE('',*,*,#2220,.F.);
#2875=ORIENTED_EDGE('',*,*,#2221,.T.);
#2876=ORIENTED_EDGE('',*,*,#2222,.F.);
#2877=ORIENTED_EDGE('',*,*,#2223,.T.);
#2878=ORIENTED_EDGE('',*,*,#2224,.F.);
#2879=ORIENTED_EDGE('',*,*,#2225,.T.);
#2880=ORIENTED_EDGE('',*,*,#2226,.F.);
#2881=ORIENTED_EDGE('',*,*,#2227,.T.);
#2882=ORIENTED_EDGE('',*,*,#2228,.F.);
#2883=ORIENTED_EDGE('',*,*,#2229,.T.);
#2884=ORIENTED_EDGE('',*,*,#2230,.F.);
#2885=ORIENTED_EDGE('',*,*,#2231,.T.);
#2886=ORIENTED_EDGE('',*,*,#2232,.F.);
#2887=ORIENTED_EDGE('',*,*,#2233,.T.);
#2888=ORIENTED_EDGE('',*,*,#2234,.F.);
#2889=ORIENTED_EDGE('',*,*,#2235,.T.);
#2890=ORIENTED_EDGE('',*,*,#2236,.F.);
#2891=ORIENTED_EDGE('',*,*,#2237,.T.);
#2892=ORIENTED_EDGE('',*,*,#2238,.F.);
#2893=ORIENTED_EDGE('',*,*,#2239,.T.);
#2894=ORIENTED_EDGE('',*,*,#2240,.T.);
#2895=ORIENTED_EDGE('',*,*,#2238,.T.);
#2896=ORIENTED_EDGE('',*,*,#2241,.F.);
#2897=ORIENTED_EDGE('',*,*,#2242,.F.);
#2898=ORIENTED_EDGE('',*,*,#2243,.T.);
#2899=ORIENTED_EDGE('',*,*,#2244,.F.);
#2900=ORIENTED_EDGE('',*,*,#2245,.T.);
#2901=ORIENTED_EDGE('',*,*,#2246,.F.);
#2902=ORIENTED_EDGE('',*,*,#2247,.F.);
#2903=ORIENTED_EDGE('',*,*,#2248,.F.);
#2904=ORIENTED_EDGE('',*,*,#2249,.F.);
#2905=ORIENTED_EDGE('',*,*,#2239,.F.);
#2906=ORIENTED_EDGE('',*,*,#2240,.F.);
#2907=ORIENTED_EDGE('',*,*,#2250,.F.);
#2908=ORIENTED_EDGE('',*,*,#2251,.F.);
#2909=ORIENTED_EDGE('',*,*,#2217,.F.);
#2910=ORIENTED_EDGE('',*,*,#2252,.F.);
#2911=ORIENTED_EDGE('',*,*,#2253,.F.);
#2912=ORIENTED_EDGE('',*,*,#2254,.F.);
#2913=ORIENTED_EDGE('',*,*,#2221,.F.);
#2914=ORIENTED_EDGE('',*,*,#2255,.F.);
#2915=ORIENTED_EDGE('',*,*,#2256,.F.);
#2916=ORIENTED_EDGE('',*,*,#2257,.F.);
#2917=ORIENTED_EDGE('',*,*,#2225,.F.);
#2918=ORIENTED_EDGE('',*,*,#2258,.F.);
#2919=ORIENTED_EDGE('',*,*,#2259,.F.);
#2920=ORIENTED_EDGE('',*,*,#2260,.F.);
#2921=ORIENTED_EDGE('',*,*,#2229,.F.);
#2922=ORIENTED_EDGE('',*,*,#2261,.F.);
#2923=ORIENTED_EDGE('',*,*,#2262,.F.);
#2924=ORIENTED_EDGE('',*,*,#2263,.F.);
#2925=ORIENTED_EDGE('',*,*,#2233,.F.);
#2926=ORIENTED_EDGE('',*,*,#2232,.T.);
#2927=ORIENTED_EDGE('',*,*,#2264,.F.);
#2928=ORIENTED_EDGE('',*,*,#2265,.F.);
#2929=ORIENTED_EDGE('',*,*,#2266,.T.);
#2930=ORIENTED_EDGE('',*,*,#2267,.F.);
#2931=ORIENTED_EDGE('',*,*,#2247,.T.);
#2932=ORIENTED_EDGE('',*,*,#2228,.T.);
#2933=ORIENTED_EDGE('',*,*,#2268,.F.);
#2934=ORIENTED_EDGE('',*,*,#2269,.F.);
#2935=ORIENTED_EDGE('',*,*,#2270,.T.);
#2936=ORIENTED_EDGE('',*,*,#2271,.F.);
#2937=ORIENTED_EDGE('',*,*,#2261,.T.);
#2938=ORIENTED_EDGE('',*,*,#2224,.T.);
#2939=ORIENTED_EDGE('',*,*,#2272,.F.);
#2940=ORIENTED_EDGE('',*,*,#2273,.F.);
#2941=ORIENTED_EDGE('',*,*,#2274,.T.);
#2942=ORIENTED_EDGE('',*,*,#2275,.F.);
#2943=ORIENTED_EDGE('',*,*,#2258,.T.);
#2944=ORIENTED_EDGE('',*,*,#2220,.T.);
#2945=ORIENTED_EDGE('',*,*,#2276,.F.);
#2946=ORIENTED_EDGE('',*,*,#2277,.F.);
#2947=ORIENTED_EDGE('',*,*,#2278,.T.);
#2948=ORIENTED_EDGE('',*,*,#2279,.F.);
#2949=ORIENTED_EDGE('',*,*,#2255,.T.);
#2950=ORIENTED_EDGE('',*,*,#2222,.T.);
#2951=ORIENTED_EDGE('',*,*,#2254,.T.);
#2952=ORIENTED_EDGE('',*,*,#2280,.T.);
#2953=ORIENTED_EDGE('',*,*,#2281,.T.);
#2954=ORIENTED_EDGE('',*,*,#2282,.T.);
#2955=ORIENTED_EDGE('',*,*,#2283,.T.);
#2956=ORIENTED_EDGE('',*,*,#2218,.T.);
#2957=ORIENTED_EDGE('',*,*,#2251,.T.);
#2958=ORIENTED_EDGE('',*,*,#2284,.F.);
#2959=ORIENTED_EDGE('',*,*,#2285,.T.);
#2960=ORIENTED_EDGE('',*,*,#2286,.T.);
#2961=ORIENTED_EDGE('',*,*,#2287,.T.);
#2962=ORIENTED_EDGE('',*,*,#2288,.T.);
#2963=ORIENTED_EDGE('',*,*,#2289,.T.);
#2964=ORIENTED_EDGE('',*,*,#2250,.T.);
#2965=ORIENTED_EDGE('',*,*,#2246,.T.);
#2966=ORIENTED_EDGE('',*,*,#2290,.F.);
#2967=ORIENTED_EDGE('',*,*,#2291,.T.);
#2968=ORIENTED_EDGE('',*,*,#2292,.T.);
#2969=ORIENTED_EDGE('',*,*,#2293,.T.);
#2970=ORIENTED_EDGE('',*,*,#2294,.F.);
#2971=ORIENTED_EDGE('',*,*,#2295,.F.);
#2972=ORIENTED_EDGE('',*,*,#2296,.T.);
#2973=ORIENTED_EDGE('',*,*,#2297,.T.);
#2974=ORIENTED_EDGE('',*,*,#2298,.F.);
#2975=ORIENTED_EDGE('',*,*,#2299,.T.);
#2976=ORIENTED_EDGE('',*,*,#2300,.T.);
#2977=ORIENTED_EDGE('',*,*,#2301,.T.);
#2978=ORIENTED_EDGE('',*,*,#2302,.F.);
#2979=ORIENTED_EDGE('',*,*,#2303,.T.);
#2980=ORIENTED_EDGE('',*,*,#2304,.T.);
#2981=ORIENTED_EDGE('',*,*,#2305,.F.);
#2982=ORIENTED_EDGE('',*,*,#2306,.T.);
#2983=ORIENTED_EDGE('',*,*,#2307,.T.);
#2984=ORIENTED_EDGE('',*,*,#2308,.T.);
#2985=ORIENTED_EDGE('',*,*,#2309,.T.);
#2986=ORIENTED_EDGE('',*,*,#2310,.T.);
#2987=ORIENTED_EDGE('',*,*,#2311,.T.);
#2988=ORIENTED_EDGE('',*,*,#2312,.T.);
#2989=ORIENTED_EDGE('',*,*,#2313,.T.);
#2990=ORIENTED_EDGE('',*,*,#2314,.T.);
#2991=ORIENTED_EDGE('',*,*,#2315,.T.);
#2992=ORIENTED_EDGE('',*,*,#2316,.T.);
#2993=ORIENTED_EDGE('',*,*,#2317,.T.);
#2994=ORIENTED_EDGE('',*,*,#2318,.T.);
#2995=ORIENTED_EDGE('',*,*,#2319,.T.);
#2996=ORIENTED_EDGE('',*,*,#2320,.T.);
#2997=ORIENTED_EDGE('',*,*,#2321,.T.);
#2998=ORIENTED_EDGE('',*,*,#2322,.T.);
#2999=ORIENTED_EDGE('',*,*,#2323,.T.);
#3000=ORIENTED_EDGE('',*,*,#2324,.T.);
#3001=ORIENTED_EDGE('',*,*,#2325,.T.);
#3002=ORIENTED_EDGE('',*,*,#2326,.T.);
#3003=ORIENTED_EDGE('',*,*,#2327,.T.);
#3004=ORIENTED_EDGE('',*,*,#2328,.T.);
#3005=ORIENTED_EDGE('',*,*,#2329,.T.);
#3006=ORIENTED_EDGE('',*,*,#2330,.T.);
#3007=ORIENTED_EDGE('',*,*,#2331,.T.);
#3008=ORIENTED_EDGE('',*,*,#2332,.T.);
#3009=ORIENTED_EDGE('',*,*,#2333,.T.);
#3010=ORIENTED_EDGE('',*,*,#2334,.T.);
#3011=ORIENTED_EDGE('',*,*,#2335,.T.);
#3012=ORIENTED_EDGE('',*,*,#2336,.T.);
#3013=ORIENTED_EDGE('',*,*,#2337,.T.);
#3014=ORIENTED_EDGE('',*,*,#2338,.T.);
#3015=ORIENTED_EDGE('',*,*,#2339,.T.);
#3016=ORIENTED_EDGE('',*,*,#2340,.T.);
#3017=ORIENTED_EDGE('',*,*,#2341,.T.);
#3018=ORIENTED_EDGE('',*,*,#2342,.T.);
#3019=ORIENTED_EDGE('',*,*,#2343,.T.);
#3020=ORIENTED_EDGE('',*,*,#2344,.T.);
#3021=ORIENTED_EDGE('',*,*,#2345,.T.);
#3022=ORIENTED_EDGE('',*,*,#2346,.T.);
#3023=ORIENTED_EDGE('',*,*,#2347,.T.);
#3024=ORIENTED_EDGE('',*,*,#2348,.T.);
#3025=ORIENTED_EDGE('',*,*,#2349,.T.);
#3026=ORIENTED_EDGE('',*,*,#2350,.F.);
#3027=ORIENTED_EDGE('',*,*,#2351,.T.);
#3028=ORIENTED_EDGE('',*,*,#2352,.T.);
#3029=ORIENTED_EDGE('',*,*,#2353,.T.);
#3030=ORIENTED_EDGE('',*,*,#2354,.F.);
#3031=ORIENTED_EDGE('',*,*,#2284,.T.);
#3032=ORIENTED_EDGE('',*,*,#2355,.T.);
#3033=ORIENTED_EDGE('',*,*,#2356,.F.);
#3034=ORIENTED_EDGE('',*,*,#2357,.T.);
#3035=ORIENTED_EDGE('',*,*,#2358,.T.);
#3036=ORIENTED_EDGE('',*,*,#2359,.T.);
#3037=ORIENTED_EDGE('',*,*,#2360,.F.);
#3038=ORIENTED_EDGE('',*,*,#2361,.T.);
#3039=ORIENTED_EDGE('',*,*,#2362,.T.);
#3040=ORIENTED_EDGE('',*,*,#2363,.T.);
#3041=ORIENTED_EDGE('',*,*,#2364,.F.);
#3042=ORIENTED_EDGE('',*,*,#2365,.T.);
#3043=ORIENTED_EDGE('',*,*,#2366,.T.);
#3044=ORIENTED_EDGE('',*,*,#2367,.T.);
#3045=ORIENTED_EDGE('',*,*,#2368,.F.);
#3046=ORIENTED_EDGE('',*,*,#2369,.T.);
#3047=ORIENTED_EDGE('',*,*,#2370,.T.);
#3048=ORIENTED_EDGE('',*,*,#2371,.T.);
#3049=ORIENTED_EDGE('',*,*,#2372,.F.);
#3050=ORIENTED_EDGE('',*,*,#2373,.T.);
#3051=ORIENTED_EDGE('',*,*,#2374,.T.);
#3052=ORIENTED_EDGE('',*,*,#2375,.F.);
#3053=ORIENTED_EDGE('',*,*,#2376,.F.);
#3054=ORIENTED_EDGE('',*,*,#2377,.F.);
#3055=ORIENTED_EDGE('',*,*,#2378,.F.);
#3056=ORIENTED_EDGE('',*,*,#2379,.F.);
#3057=ORIENTED_EDGE('',*,*,#2380,.F.);
#3058=ORIENTED_EDGE('',*,*,#2381,.F.);
#3059=ORIENTED_EDGE('',*,*,#2382,.F.);
#3060=ORIENTED_EDGE('',*,*,#2383,.T.);
#3061=ORIENTED_EDGE('',*,*,#2384,.T.);
#3062=ORIENTED_EDGE('',*,*,#2385,.F.);
#3063=ORIENTED_EDGE('',*,*,#2386,.T.);
#3064=ORIENTED_EDGE('',*,*,#2387,.F.);
#3065=ORIENTED_EDGE('',*,*,#2386,.F.);
#3066=ORIENTED_EDGE('',*,*,#2388,.F.);
#3067=ORIENTED_EDGE('',*,*,#2389,.T.);
#3068=ORIENTED_EDGE('',*,*,#2390,.F.);
#3069=ORIENTED_EDGE('',*,*,#2389,.F.);
#3070=ORIENTED_EDGE('',*,*,#2391,.F.);
#3071=ORIENTED_EDGE('',*,*,#2392,.T.);
#3072=ORIENTED_EDGE('',*,*,#2393,.F.);
#3073=ORIENTED_EDGE('',*,*,#2392,.F.);
#3074=ORIENTED_EDGE('',*,*,#2394,.F.);
#3075=ORIENTED_EDGE('',*,*,#2395,.T.);
#3076=ORIENTED_EDGE('',*,*,#2396,.F.);
#3077=ORIENTED_EDGE('',*,*,#2397,.F.);
#3078=ORIENTED_EDGE('',*,*,#2398,.T.);
#3079=ORIENTED_EDGE('',*,*,#2397,.T.);
#3080=ORIENTED_EDGE('',*,*,#2399,.F.);
#3081=ORIENTED_EDGE('',*,*,#2400,.F.);
#3082=ORIENTED_EDGE('',*,*,#2401,.T.);
#3083=ORIENTED_EDGE('',*,*,#2402,.T.);
#3084=ORIENTED_EDGE('',*,*,#2403,.F.);
#3085=ORIENTED_EDGE('',*,*,#2404,.F.);
#3086=ORIENTED_EDGE('',*,*,#2405,.F.);
#3087=ORIENTED_EDGE('',*,*,#2404,.T.);
#3088=ORIENTED_EDGE('',*,*,#2406,.F.);
#3089=ORIENTED_EDGE('',*,*,#2407,.F.);
#3090=ORIENTED_EDGE('',*,*,#2408,.F.);
#3091=ORIENTED_EDGE('',*,*,#2407,.T.);
#3092=ORIENTED_EDGE('',*,*,#2409,.F.);
#3093=ORIENTED_EDGE('',*,*,#2410,.F.);
#3094=ORIENTED_EDGE('',*,*,#2411,.F.);
#3095=ORIENTED_EDGE('',*,*,#2410,.T.);
#3096=ORIENTED_EDGE('',*,*,#2412,.F.);
#3097=ORIENTED_EDGE('',*,*,#2413,.F.);
#3098=ORIENTED_EDGE('',*,*,#2414,.F.);
#3099=ORIENTED_EDGE('',*,*,#2413,.T.);
#3100=ORIENTED_EDGE('',*,*,#2415,.F.);
#3101=ORIENTED_EDGE('',*,*,#2395,.F.);
#3102=ORIENTED_EDGE('',*,*,#2415,.T.);
#3103=ORIENTED_EDGE('',*,*,#2412,.T.);
#3104=ORIENTED_EDGE('',*,*,#2409,.T.);
#3105=ORIENTED_EDGE('',*,*,#2406,.T.);
#3106=ORIENTED_EDGE('',*,*,#2403,.T.);
#3107=ORIENTED_EDGE('',*,*,#2416,.T.);
#3108=ORIENTED_EDGE('',*,*,#2417,.T.);
#3109=ORIENTED_EDGE('',*,*,#2418,.T.);
#3110=ORIENTED_EDGE('',*,*,#2399,.T.);
#3111=ORIENTED_EDGE('',*,*,#2396,.T.);
#3112=ORIENTED_EDGE('',*,*,#2391,.T.);
#3113=ORIENTED_EDGE('',*,*,#2388,.T.);
#3114=ORIENTED_EDGE('',*,*,#2385,.T.);
#3115=ORIENTED_EDGE('',*,*,#2393,.T.);
#3116=ORIENTED_EDGE('',*,*,#2419,.T.);
#3117=ORIENTED_EDGE('',*,*,#2390,.T.);
#3118=ORIENTED_EDGE('',*,*,#2420,.T.);
#3119=ORIENTED_EDGE('',*,*,#2405,.T.);
#3120=ORIENTED_EDGE('',*,*,#2408,.T.);
#3121=ORIENTED_EDGE('',*,*,#2411,.T.);
#3122=ORIENTED_EDGE('',*,*,#2414,.T.);
#3123=ORIENTED_EDGE('',*,*,#2394,.T.);
#3124=ORIENTED_EDGE('',*,*,#2421,.T.);
#3125=ORIENTED_EDGE('',*,*,#2422,.F.);
#3126=ORIENTED_EDGE('',*,*,#2423,.F.);
#3127=ORIENTED_EDGE('',*,*,#2424,.F.);
#3128=ORIENTED_EDGE('',*,*,#2425,.T.);
#3129=ORIENTED_EDGE('',*,*,#2426,.F.);
#3130=ORIENTED_EDGE('',*,*,#2427,.T.);
#3131=ORIENTED_EDGE('',*,*,#2428,.F.);
#3132=ORIENTED_EDGE('',*,*,#2427,.F.);
#3133=ORIENTED_EDGE('',*,*,#2429,.F.);
#3134=ORIENTED_EDGE('',*,*,#2430,.T.);
#3135=ORIENTED_EDGE('',*,*,#2431,.F.);
#3136=ORIENTED_EDGE('',*,*,#2430,.F.);
#3137=ORIENTED_EDGE('',*,*,#2432,.F.);
#3138=ORIENTED_EDGE('',*,*,#2433,.T.);
#3139=ORIENTED_EDGE('',*,*,#2434,.F.);
#3140=ORIENTED_EDGE('',*,*,#2433,.F.);
#3141=ORIENTED_EDGE('',*,*,#2435,.T.);
#3142=ORIENTED_EDGE('',*,*,#2436,.T.);
#3143=ORIENTED_EDGE('',*,*,#2437,.F.);
#3144=ORIENTED_EDGE('',*,*,#2438,.F.);
#3145=ORIENTED_EDGE('',*,*,#2439,.F.);
#3146=ORIENTED_EDGE('',*,*,#2438,.T.);
#3147=ORIENTED_EDGE('',*,*,#2440,.F.);
#3148=ORIENTED_EDGE('',*,*,#2441,.F.);
#3149=ORIENTED_EDGE('',*,*,#2442,.F.);
#3150=ORIENTED_EDGE('',*,*,#2441,.T.);
#3151=ORIENTED_EDGE('',*,*,#2443,.F.);
#3152=ORIENTED_EDGE('',*,*,#2444,.F.);
#3153=ORIENTED_EDGE('',*,*,#2445,.F.);
#3154=ORIENTED_EDGE('',*,*,#2444,.T.);
#3155=ORIENTED_EDGE('',*,*,#2446,.F.);
#3156=ORIENTED_EDGE('',*,*,#2447,.F.);
#3157=ORIENTED_EDGE('',*,*,#2448,.F.);
#3158=ORIENTED_EDGE('',*,*,#2447,.T.);
#3159=ORIENTED_EDGE('',*,*,#2449,.F.);
#3160=ORIENTED_EDGE('',*,*,#2450,.F.);
#3161=ORIENTED_EDGE('',*,*,#2451,.F.);
#3162=ORIENTED_EDGE('',*,*,#2450,.T.);
#3163=ORIENTED_EDGE('',*,*,#2452,.F.);
#3164=ORIENTED_EDGE('',*,*,#2453,.F.);
#3165=ORIENTED_EDGE('',*,*,#2454,.T.);
#3166=ORIENTED_EDGE('',*,*,#2453,.T.);
#3167=ORIENTED_EDGE('',*,*,#2455,.F.);
#3168=ORIENTED_EDGE('',*,*,#2456,.F.);
#3169=ORIENTED_EDGE('',*,*,#2455,.T.);
#3170=ORIENTED_EDGE('',*,*,#2452,.T.);
#3171=ORIENTED_EDGE('',*,*,#2449,.T.);
#3172=ORIENTED_EDGE('',*,*,#2446,.T.);
#3173=ORIENTED_EDGE('',*,*,#2443,.T.);
#3174=ORIENTED_EDGE('',*,*,#2440,.T.);
#3175=ORIENTED_EDGE('',*,*,#2437,.T.);
#3176=ORIENTED_EDGE('',*,*,#2457,.T.);
#3177=ORIENTED_EDGE('',*,*,#2458,.T.);
#3178=ORIENTED_EDGE('',*,*,#2459,.T.);
#3179=ORIENTED_EDGE('',*,*,#2460,.T.);
#3180=ORIENTED_EDGE('',*,*,#2461,.T.);
#3181=ORIENTED_EDGE('',*,*,#2462,.T.);
#3182=ORIENTED_EDGE('',*,*,#2463,.T.);
#3183=ORIENTED_EDGE('',*,*,#2464,.T.);
#3184=ORIENTED_EDGE('',*,*,#2465,.T.);
#3185=ORIENTED_EDGE('',*,*,#2466,.T.);
#3186=ORIENTED_EDGE('',*,*,#2467,.T.);
#3187=ORIENTED_EDGE('',*,*,#2432,.T.);
#3188=ORIENTED_EDGE('',*,*,#2429,.T.);
#3189=ORIENTED_EDGE('',*,*,#2426,.T.);
#3190=ORIENTED_EDGE('',*,*,#2434,.T.);
#3191=ORIENTED_EDGE('',*,*,#2468,.T.);
#3192=ORIENTED_EDGE('',*,*,#2431,.T.);
#3193=ORIENTED_EDGE('',*,*,#2469,.T.);
#3194=ORIENTED_EDGE('',*,*,#2439,.T.);
#3195=ORIENTED_EDGE('',*,*,#2442,.T.);
#3196=ORIENTED_EDGE('',*,*,#2445,.T.);
#3197=ORIENTED_EDGE('',*,*,#2448,.T.);
#3198=ORIENTED_EDGE('',*,*,#2451,.T.);
#3199=ORIENTED_EDGE('',*,*,#2470,.T.);
#3200=ORIENTED_EDGE('',*,*,#2471,.F.);
#3201=ORIENTED_EDGE('',*,*,#2472,.F.);
#3202=ORIENTED_EDGE('',*,*,#2473,.F.);
#3203=ORIENTED_EDGE('',*,*,#2474,.T.);
#3204=ORIENTED_EDGE('',*,*,#2475,.F.);
#3205=ORIENTED_EDGE('',*,*,#2374,.F.);
#3206=ORIENTED_EDGE('',*,*,#2476,.F.);
#3207=ORIENTED_EDGE('',*,*,#2477,.F.);
#3208=ORIENTED_EDGE('',*,*,#2478,.F.);
#3209=ORIENTED_EDGE('',*,*,#2370,.F.);
#3210=ORIENTED_EDGE('',*,*,#2479,.F.);
#3211=ORIENTED_EDGE('',*,*,#2480,.F.);
#3212=ORIENTED_EDGE('',*,*,#2481,.F.);
#3213=ORIENTED_EDGE('',*,*,#2366,.F.);
#3214=ORIENTED_EDGE('',*,*,#2482,.F.);
#3215=ORIENTED_EDGE('',*,*,#2483,.F.);
#3216=ORIENTED_EDGE('',*,*,#2484,.F.);
#3217=ORIENTED_EDGE('',*,*,#2362,.F.);
#3218=ORIENTED_EDGE('',*,*,#2485,.F.);
#3219=ORIENTED_EDGE('',*,*,#2486,.F.);
#3220=ORIENTED_EDGE('',*,*,#2487,.F.);
#3221=ORIENTED_EDGE('',*,*,#2358,.F.);
#3222=ORIENTED_EDGE('',*,*,#2488,.F.);
#3223=ORIENTED_EDGE('',*,*,#2489,.F.);
#3224=ORIENTED_EDGE('',*,*,#2487,.T.);
#3225=ORIENTED_EDGE('',*,*,#2490,.F.);
#3226=ORIENTED_EDGE('',*,*,#2491,.T.);
#3227=ORIENTED_EDGE('',*,*,#2355,.F.);
#3228=ORIENTED_EDGE('',*,*,#2489,.T.);
#3229=ORIENTED_EDGE('',*,*,#2492,.F.);
#3230=ORIENTED_EDGE('',*,*,#2493,.T.);
#3231=ORIENTED_EDGE('',*,*,#2490,.T.);
#3232=ORIENTED_EDGE('',*,*,#2488,.T.);
#3233=ORIENTED_EDGE('',*,*,#2357,.F.);
#3234=ORIENTED_EDGE('',*,*,#2494,.T.);
#3235=ORIENTED_EDGE('',*,*,#2492,.T.);
#3236=ORIENTED_EDGE('',*,*,#2484,.T.);
#3237=ORIENTED_EDGE('',*,*,#2495,.F.);
#3238=ORIENTED_EDGE('',*,*,#2496,.T.);
#3239=ORIENTED_EDGE('',*,*,#2359,.F.);
#3240=ORIENTED_EDGE('',*,*,#2486,.T.);
#3241=ORIENTED_EDGE('',*,*,#2497,.F.);
#3242=ORIENTED_EDGE('',*,*,#2498,.T.);
#3243=ORIENTED_EDGE('',*,*,#2495,.T.);
#3244=ORIENTED_EDGE('',*,*,#2485,.T.);
#3245=ORIENTED_EDGE('',*,*,#2361,.F.);
#3246=ORIENTED_EDGE('',*,*,#2499,.T.);
#3247=ORIENTED_EDGE('',*,*,#2497,.T.);
#3248=ORIENTED_EDGE('',*,*,#2481,.T.);
#3249=ORIENTED_EDGE('',*,*,#2500,.F.);
#3250=ORIENTED_EDGE('',*,*,#2501,.T.);
#3251=ORIENTED_EDGE('',*,*,#2363,.F.);
#3252=ORIENTED_EDGE('',*,*,#2483,.T.);
#3253=ORIENTED_EDGE('',*,*,#2502,.F.);
#3254=ORIENTED_EDGE('',*,*,#2503,.T.);
#3255=ORIENTED_EDGE('',*,*,#2500,.T.);
#3256=ORIENTED_EDGE('',*,*,#2482,.T.);
#3257=ORIENTED_EDGE('',*,*,#2365,.F.);
#3258=ORIENTED_EDGE('',*,*,#2504,.T.);
#3259=ORIENTED_EDGE('',*,*,#2502,.T.);
#3260=ORIENTED_EDGE('',*,*,#2478,.T.);
#3261=ORIENTED_EDGE('',*,*,#2505,.F.);
#3262=ORIENTED_EDGE('',*,*,#2506,.T.);
#3263=ORIENTED_EDGE('',*,*,#2367,.F.);
#3264=ORIENTED_EDGE('',*,*,#2480,.T.);
#3265=ORIENTED_EDGE('',*,*,#2507,.F.);
#3266=ORIENTED_EDGE('',*,*,#2508,.T.);
#3267=ORIENTED_EDGE('',*,*,#2505,.T.);
#3268=ORIENTED_EDGE('',*,*,#2479,.T.);
#3269=ORIENTED_EDGE('',*,*,#2369,.F.);
#3270=ORIENTED_EDGE('',*,*,#2509,.T.);
#3271=ORIENTED_EDGE('',*,*,#2507,.T.);
#3272=ORIENTED_EDGE('',*,*,#2475,.T.);
#3273=ORIENTED_EDGE('',*,*,#2510,.F.);
#3274=ORIENTED_EDGE('',*,*,#2511,.T.);
#3275=ORIENTED_EDGE('',*,*,#2371,.F.);
#3276=ORIENTED_EDGE('',*,*,#2477,.T.);
#3277=ORIENTED_EDGE('',*,*,#2512,.F.);
#3278=ORIENTED_EDGE('',*,*,#2513,.T.);
#3279=ORIENTED_EDGE('',*,*,#2510,.T.);
#3280=ORIENTED_EDGE('',*,*,#2476,.T.);
#3281=ORIENTED_EDGE('',*,*,#2373,.F.);
#3282=ORIENTED_EDGE('',*,*,#2514,.T.);
#3283=ORIENTED_EDGE('',*,*,#2512,.T.);
#3284=ORIENTED_EDGE('',*,*,#2515,.F.);
#3285=ORIENTED_EDGE('',*,*,#2334,.F.);
#3286=ORIENTED_EDGE('',*,*,#2516,.F.);
#3287=ORIENTED_EDGE('',*,*,#2517,.F.);
#3288=ORIENTED_EDGE('',*,*,#2518,.F.);
#3289=ORIENTED_EDGE('',*,*,#2519,.F.);
#3290=ORIENTED_EDGE('',*,*,#2520,.F.);
#3291=ORIENTED_EDGE('',*,*,#2330,.F.);
#3292=ORIENTED_EDGE('',*,*,#2521,.F.);
#3293=ORIENTED_EDGE('',*,*,#2522,.F.);
#3294=ORIENTED_EDGE('',*,*,#2523,.F.);
#3295=ORIENTED_EDGE('',*,*,#2322,.F.);
#3296=ORIENTED_EDGE('',*,*,#2524,.F.);
#3297=ORIENTED_EDGE('',*,*,#2525,.F.);
#3298=ORIENTED_EDGE('',*,*,#2526,.F.);
#3299=ORIENTED_EDGE('',*,*,#2326,.F.);
#3300=ORIENTED_EDGE('',*,*,#2527,.F.);
#3301=ORIENTED_EDGE('',*,*,#2338,.F.);
#3302=ORIENTED_EDGE('',*,*,#2528,.F.);
#3303=ORIENTED_EDGE('',*,*,#2529,.F.);
#3304=ORIENTED_EDGE('',*,*,#2530,.F.);
#3305=ORIENTED_EDGE('',*,*,#2531,.F.);
#3306=ORIENTED_EDGE('',*,*,#2532,.F.);
#3307=ORIENTED_EDGE('',*,*,#2318,.F.);
#3308=ORIENTED_EDGE('',*,*,#2533,.F.);
#3309=ORIENTED_EDGE('',*,*,#2534,.F.);
#3310=ORIENTED_EDGE('',*,*,#2535,.F.);
#3311=ORIENTED_EDGE('',*,*,#2314,.F.);
#3312=ORIENTED_EDGE('',*,*,#2536,.F.);
#3313=ORIENTED_EDGE('',*,*,#2537,.F.);
#3314=ORIENTED_EDGE('',*,*,#2538,.F.);
#3315=ORIENTED_EDGE('',*,*,#2310,.F.);
#3316=ORIENTED_EDGE('',*,*,#2539,.F.);
#3317=ORIENTED_EDGE('',*,*,#2290,.T.);
#3318=ORIENTED_EDGE('',*,*,#2245,.F.);
#3319=ORIENTED_EDGE('',*,*,#2540,.F.);
#3320=ORIENTED_EDGE('',*,*,#2514,.F.);
#3321=ORIENTED_EDGE('',*,*,#2372,.T.);
#3322=ORIENTED_EDGE('',*,*,#2511,.F.);
#3323=ORIENTED_EDGE('',*,*,#2513,.F.);
#3324=ORIENTED_EDGE('',*,*,#2509,.F.);
#3325=ORIENTED_EDGE('',*,*,#2368,.T.);
#3326=ORIENTED_EDGE('',*,*,#2506,.F.);
#3327=ORIENTED_EDGE('',*,*,#2508,.F.);
#3328=ORIENTED_EDGE('',*,*,#2504,.F.);
#3329=ORIENTED_EDGE('',*,*,#2364,.T.);
#3330=ORIENTED_EDGE('',*,*,#2501,.F.);
#3331=ORIENTED_EDGE('',*,*,#2503,.F.);
#3332=ORIENTED_EDGE('',*,*,#2499,.F.);
#3333=ORIENTED_EDGE('',*,*,#2360,.T.);
#3334=ORIENTED_EDGE('',*,*,#2496,.F.);
#3335=ORIENTED_EDGE('',*,*,#2498,.F.);
#3336=ORIENTED_EDGE('',*,*,#2494,.F.);
#3337=ORIENTED_EDGE('',*,*,#2356,.T.);
#3338=ORIENTED_EDGE('',*,*,#2491,.F.);
#3339=ORIENTED_EDGE('',*,*,#2493,.F.);
#3340=ORIENTED_EDGE('',*,*,#2541,.F.);
#3341=ORIENTED_EDGE('',*,*,#2542,.F.);
#3342=ORIENTED_EDGE('',*,*,#2285,.F.);
#3343=ORIENTED_EDGE('',*,*,#2354,.T.);
#3344=ORIENTED_EDGE('',*,*,#2543,.F.);
#3345=ORIENTED_EDGE('',*,*,#2544,.F.);
#3346=ORIENTED_EDGE('',*,*,#2545,.F.);
#3347=ORIENTED_EDGE('',*,*,#2350,.T.);
#3348=ORIENTED_EDGE('',*,*,#2546,.F.);
#3349=ORIENTED_EDGE('',*,*,#2294,.T.);
#3350=ORIENTED_EDGE('',*,*,#2547,.F.);
#3351=ORIENTED_EDGE('',*,*,#2548,.F.);
#3352=ORIENTED_EDGE('',*,*,#2549,.F.);
#3353=ORIENTED_EDGE('',*,*,#2550,.F.);
#3354=ORIENTED_EDGE('',*,*,#2551,.F.);
#3355=ORIENTED_EDGE('',*,*,#2306,.F.);
#3356=ORIENTED_EDGE('',*,*,#2546,.T.);
#3357=ORIENTED_EDGE('',*,*,#2552,.T.);
#3358=ORIENTED_EDGE('',*,*,#2553,.T.);
#3359=ORIENTED_EDGE('',*,*,#2295,.T.);
#3360=ORIENTED_EDGE('',*,*,#2548,.T.);
#3361=ORIENTED_EDGE('',*,*,#2554,.T.);
#3362=ORIENTED_EDGE('',*,*,#2555,.T.);
#3363=ORIENTED_EDGE('',*,*,#2552,.F.);
#3364=ORIENTED_EDGE('',*,*,#2547,.T.);
#3365=ORIENTED_EDGE('',*,*,#2293,.F.);
#3366=ORIENTED_EDGE('',*,*,#2556,.F.);
#3367=ORIENTED_EDGE('',*,*,#2557,.F.);
#3368=ORIENTED_EDGE('',*,*,#2558,.T.);
#3369=ORIENTED_EDGE('',*,*,#2559,.F.);
#3370=ORIENTED_EDGE('',*,*,#2560,.T.);
#3371=ORIENTED_EDGE('',*,*,#2554,.F.);
#3372=ORIENTED_EDGE('',*,*,#2539,.T.);
#3373=ORIENTED_EDGE('',*,*,#2561,.T.);
#3374=ORIENTED_EDGE('',*,*,#2562,.T.);
#3375=ORIENTED_EDGE('',*,*,#2563,.T.);
#3376=ORIENTED_EDGE('',*,*,#2564,.T.);
#3377=ORIENTED_EDGE('',*,*,#2291,.F.);
#3378=ORIENTED_EDGE('',*,*,#2540,.T.);
#3379=ORIENTED_EDGE('',*,*,#2244,.T.);
#3380=ORIENTED_EDGE('',*,*,#2565,.T.);
#3381=ORIENTED_EDGE('',*,*,#2561,.F.);
#3382=ORIENTED_EDGE('',*,*,#2236,.T.);
#3383=ORIENTED_EDGE('',*,*,#2249,.T.);
#3384=ORIENTED_EDGE('',*,*,#2566,.T.);
#3385=ORIENTED_EDGE('',*,*,#2567,.T.);
#3386=ORIENTED_EDGE('',*,*,#2568,.T.);
#3387=ORIENTED_EDGE('',*,*,#2569,.T.);
#3388=ORIENTED_EDGE('',*,*,#2248,.T.);
#3389=ORIENTED_EDGE('',*,*,#2267,.T.);
#3390=ORIENTED_EDGE('',*,*,#2570,.T.);
#3391=ORIENTED_EDGE('',*,*,#2566,.F.);
#3392=ORIENTED_EDGE('',*,*,#2234,.T.);
#3393=ORIENTED_EDGE('',*,*,#2263,.T.);
#3394=ORIENTED_EDGE('',*,*,#2571,.T.);
#3395=ORIENTED_EDGE('',*,*,#2572,.T.);
#3396=ORIENTED_EDGE('',*,*,#2573,.T.);
#3397=ORIENTED_EDGE('',*,*,#2574,.T.);
#3398=ORIENTED_EDGE('',*,*,#2530,.T.);
#3399=ORIENTED_EDGE('',*,*,#2317,.F.);
#3400=ORIENTED_EDGE('',*,*,#2575,.T.);
#3401=ORIENTED_EDGE('',*,*,#2576,.T.);
#3402=ORIENTED_EDGE('',*,*,#2577,.T.);
#3403=ORIENTED_EDGE('',*,*,#2578,.T.);
#3404=ORIENTED_EDGE('',*,*,#2262,.T.);
#3405=ORIENTED_EDGE('',*,*,#2271,.T.);
#3406=ORIENTED_EDGE('',*,*,#2579,.T.);
#3407=ORIENTED_EDGE('',*,*,#2571,.F.);
#3408=ORIENTED_EDGE('',*,*,#2527,.T.);
#3409=ORIENTED_EDGE('',*,*,#2580,.F.);
#3410=ORIENTED_EDGE('',*,*,#2581,.T.);
#3411=ORIENTED_EDGE('',*,*,#2339,.F.);
#3412=ORIENTED_EDGE('',*,*,#2230,.T.);
#3413=ORIENTED_EDGE('',*,*,#2260,.T.);
#3414=ORIENTED_EDGE('',*,*,#2582,.T.);
#3415=ORIENTED_EDGE('',*,*,#2583,.T.);
#3416=ORIENTED_EDGE('',*,*,#2584,.T.);
#3417=ORIENTED_EDGE('',*,*,#2585,.T.);
#3418=ORIENTED_EDGE('',*,*,#2521,.T.);
#3419=ORIENTED_EDGE('',*,*,#2321,.F.);
#3420=ORIENTED_EDGE('',*,*,#2586,.T.);
#3421=ORIENTED_EDGE('',*,*,#2587,.T.);
#3422=ORIENTED_EDGE('',*,*,#2588,.T.);
#3423=ORIENTED_EDGE('',*,*,#2589,.T.);
#3424=ORIENTED_EDGE('',*,*,#2259,.T.);
#3425=ORIENTED_EDGE('',*,*,#2275,.T.);
#3426=ORIENTED_EDGE('',*,*,#2590,.T.);
#3427=ORIENTED_EDGE('',*,*,#2582,.F.);
#3428=ORIENTED_EDGE('',*,*,#2529,.T.);
#3429=ORIENTED_EDGE('',*,*,#2591,.F.);
#3430=ORIENTED_EDGE('',*,*,#2592,.T.);
#3431=ORIENTED_EDGE('',*,*,#2580,.T.);
#3432=ORIENTED_EDGE('',*,*,#2545,.T.);
#3433=ORIENTED_EDGE('',*,*,#2593,.T.);
#3434=ORIENTED_EDGE('',*,*,#2594,.T.);
#3435=ORIENTED_EDGE('',*,*,#2595,.T.);
#3436=ORIENTED_EDGE('',*,*,#2596,.T.);
#3437=ORIENTED_EDGE('',*,*,#2597,.T.);
#3438=ORIENTED_EDGE('',*,*,#2598,.T.);
#3439=ORIENTED_EDGE('',*,*,#2351,.F.);
#3440=ORIENTED_EDGE('',*,*,#2528,.T.);
#3441=ORIENTED_EDGE('',*,*,#2337,.F.);
#3442=ORIENTED_EDGE('',*,*,#2599,.T.);
#3443=ORIENTED_EDGE('',*,*,#2600,.T.);
#3444=ORIENTED_EDGE('',*,*,#2601,.T.);
#3445=ORIENTED_EDGE('',*,*,#2602,.T.);
#3446=ORIENTED_EDGE('',*,*,#2603,.T.);
#3447=ORIENTED_EDGE('',*,*,#2591,.T.);
#3448=ORIENTED_EDGE('',*,*,#2226,.T.);
#3449=ORIENTED_EDGE('',*,*,#2257,.T.);
#3450=ORIENTED_EDGE('',*,*,#2604,.T.);
#3451=ORIENTED_EDGE('',*,*,#2605,.T.);
#3452=ORIENTED_EDGE('',*,*,#2606,.T.);
#3453=ORIENTED_EDGE('',*,*,#2607,.T.);
#3454=ORIENTED_EDGE('',*,*,#2524,.T.);
#3455=ORIENTED_EDGE('',*,*,#2325,.F.);
#3456=ORIENTED_EDGE('',*,*,#2608,.T.);
#3457=ORIENTED_EDGE('',*,*,#2609,.T.);
#3458=ORIENTED_EDGE('',*,*,#2610,.T.);
#3459=ORIENTED_EDGE('',*,*,#2611,.T.);
#3460=ORIENTED_EDGE('',*,*,#2256,.T.);
#3461=ORIENTED_EDGE('',*,*,#2279,.T.);
#3462=ORIENTED_EDGE('',*,*,#2612,.T.);
#3463=ORIENTED_EDGE('',*,*,#2604,.F.);
#3464=ORIENTED_EDGE('',*,*,#2541,.T.);
#3465=ORIENTED_EDGE('',*,*,#2353,.F.);
#3466=ORIENTED_EDGE('',*,*,#2613,.F.);
#3467=ORIENTED_EDGE('',*,*,#2614,.F.);
#3468=ORIENTED_EDGE('',*,*,#2615,.T.);
#3469=ORIENTED_EDGE('',*,*,#2616,.F.);
#3470=ORIENTED_EDGE('',*,*,#2542,.T.);
#3471=ORIENTED_EDGE('',*,*,#2616,.T.);
#3472=ORIENTED_EDGE('',*,*,#2617,.T.);
#3473=ORIENTED_EDGE('',*,*,#2286,.F.);
#3474=ORIENTED_EDGE('',*,*,#2517,.T.);
#3475=ORIENTED_EDGE('',*,*,#2618,.F.);
#3476=ORIENTED_EDGE('',*,*,#2619,.T.);
#3477=ORIENTED_EDGE('',*,*,#2620,.T.);
#3478=ORIENTED_EDGE('',*,*,#2516,.T.);
#3479=ORIENTED_EDGE('',*,*,#2333,.F.);
#3480=ORIENTED_EDGE('',*,*,#2621,.T.);
#3481=ORIENTED_EDGE('',*,*,#2622,.T.);
#3482=ORIENTED_EDGE('',*,*,#2623,.T.);
#3483=ORIENTED_EDGE('',*,*,#2618,.T.);
#3484=ORIENTED_EDGE('',*,*,#2518,.T.);
#3485=ORIENTED_EDGE('',*,*,#2329,.F.);
#3486=ORIENTED_EDGE('',*,*,#2624,.T.);
#3487=ORIENTED_EDGE('',*,*,#2625,.T.);
#3488=ORIENTED_EDGE('',*,*,#2626,.T.);
#3489=ORIENTED_EDGE('',*,*,#2627,.T.);
#3490=ORIENTED_EDGE('',*,*,#2253,.T.);
#3491=ORIENTED_EDGE('',*,*,#2628,.T.);
#3492=ORIENTED_EDGE('',*,*,#2629,.T.);
#3493=ORIENTED_EDGE('',*,*,#2280,.F.);
#3494=ORIENTED_EDGE('',*,*,#2520,.T.);
#3495=ORIENTED_EDGE('',*,*,#2630,.F.);
#3496=ORIENTED_EDGE('',*,*,#2631,.F.);
#3497=ORIENTED_EDGE('',*,*,#2632,.F.);
#3498=ORIENTED_EDGE('',*,*,#2633,.T.);
#3499=ORIENTED_EDGE('',*,*,#2331,.F.);
#3500=ORIENTED_EDGE('',*,*,#2216,.T.);
#3501=ORIENTED_EDGE('',*,*,#2634,.F.);
#3502=ORIENTED_EDGE('',*,*,#2635,.F.);
#3503=ORIENTED_EDGE('',*,*,#2636,.T.);
#3504=ORIENTED_EDGE('',*,*,#2628,.F.);
#3505=ORIENTED_EDGE('',*,*,#2252,.T.);
#3506=ORIENTED_EDGE('',*,*,#2637,.F.);
#3507=ORIENTED_EDGE('',*,*,#2638,.T.);
#3508=ORIENTED_EDGE('',*,*,#2553,.F.);
#3509=ORIENTED_EDGE('',*,*,#2555,.F.);
#3510=ORIENTED_EDGE('',*,*,#2560,.F.);
#3511=ORIENTED_EDGE('',*,*,#2639,.F.);
#3512=ORIENTED_EDGE('',*,*,#2581,.F.);
#3513=ORIENTED_EDGE('',*,*,#2592,.F.);
#3514=ORIENTED_EDGE('',*,*,#2603,.F.);
#3515=ORIENTED_EDGE('',*,*,#2640,.F.);
#3516=ORIENTED_EDGE('',*,*,#2641,.F.);
#3517=ORIENTED_EDGE('',*,*,#2642,.T.);
#3518=ORIENTED_EDGE('',*,*,#2643,.F.);
#3519=ORIENTED_EDGE('',*,*,#2644,.T.);
#3520=ORIENTED_EDGE('',*,*,#2645,.F.);
#3521=ORIENTED_EDGE('',*,*,#2646,.F.);
#3522=ORIENTED_EDGE('',*,*,#2594,.F.);
#3523=ORIENTED_EDGE('',*,*,#2647,.F.);
#3524=ORIENTED_EDGE('',*,*,#2648,.F.);
#3525=ORIENTED_EDGE('',*,*,#2649,.T.);
#3526=ORIENTED_EDGE('',*,*,#2650,.F.);
#3527=ORIENTED_EDGE('',*,*,#2651,.F.);
#3528=ORIENTED_EDGE('',*,*,#2652,.F.);
#3529=ORIENTED_EDGE('',*,*,#2653,.F.);
#3530=ORIENTED_EDGE('',*,*,#2650,.T.);
#3531=ORIENTED_EDGE('',*,*,#2302,.T.);
#3532=ORIENTED_EDGE('',*,*,#2654,.T.);
#3533=ORIENTED_EDGE('',*,*,#2655,.T.);
#3534=ORIENTED_EDGE('',*,*,#2656,.T.);
#3535=ORIENTED_EDGE('',*,*,#2657,.T.);
#3536=ORIENTED_EDGE('',*,*,#2549,.T.);
#3537=ORIENTED_EDGE('',*,*,#2305,.T.);
#3538=ORIENTED_EDGE('',*,*,#2648,.T.);
#3539=ORIENTED_EDGE('',*,*,#2658,.T.);
#3540=ORIENTED_EDGE('',*,*,#2637,.T.);
#3541=ORIENTED_EDGE('',*,*,#2659,.T.);
#3542=ORIENTED_EDGE('',*,*,#2660,.T.);
#3543=ORIENTED_EDGE('',*,*,#2661,.T.);
#3544=ORIENTED_EDGE('',*,*,#2662,.T.);
#3545=ORIENTED_EDGE('',*,*,#2298,.T.);
#3546=ORIENTED_EDGE('',*,*,#2551,.T.);
#3547=ORIENTED_EDGE('',*,*,#2663,.F.);
#3548=ORIENTED_EDGE('',*,*,#2652,.T.);
#3549=ORIENTED_EDGE('',*,*,#2664,.F.);
#3550=ORIENTED_EDGE('',*,*,#2665,.F.);
#3551=ORIENTED_EDGE('',*,*,#2666,.F.);
#3552=ORIENTED_EDGE('',*,*,#2667,.T.);
#3553=ORIENTED_EDGE('',*,*,#2307,.F.);
#3554=ORIENTED_EDGE('',*,*,#2651,.T.);
#3555=ORIENTED_EDGE('',*,*,#2657,.F.);
#3556=ORIENTED_EDGE('',*,*,#2668,.T.);
#3557=ORIENTED_EDGE('',*,*,#2664,.T.);
#3558=ORIENTED_EDGE('',*,*,#2550,.T.);
#3559=ORIENTED_EDGE('',*,*,#2658,.F.);
#3560=ORIENTED_EDGE('',*,*,#2653,.T.);
#3561=ORIENTED_EDGE('',*,*,#2663,.T.);
#3562=ORIENTED_EDGE('',*,*,#2639,.T.);
#3563=ORIENTED_EDGE('',*,*,#2559,.T.);
#3564=ORIENTED_EDGE('',*,*,#2669,.T.);
#3565=ORIENTED_EDGE('',*,*,#2659,.F.);
#3566=ORIENTED_EDGE('',*,*,#2645,.T.);
#3567=ORIENTED_EDGE('',*,*,#2346,.F.);
#3568=ORIENTED_EDGE('',*,*,#2670,.F.);
#3569=ORIENTED_EDGE('',*,*,#2671,.F.);
#3570=ORIENTED_EDGE('',*,*,#2672,.T.);
#3571=ORIENTED_EDGE('',*,*,#2673,.F.);
#3572=ORIENTED_EDGE('',*,*,#2543,.T.);
#3573=ORIENTED_EDGE('',*,*,#2349,.F.);
#3574=ORIENTED_EDGE('',*,*,#2643,.T.);
#3575=ORIENTED_EDGE('',*,*,#2674,.F.);
#3576=ORIENTED_EDGE('',*,*,#2641,.T.);
#3577=ORIENTED_EDGE('',*,*,#2675,.F.);
#3578=ORIENTED_EDGE('',*,*,#2676,.F.);
#3579=ORIENTED_EDGE('',*,*,#2677,.F.);
#3580=ORIENTED_EDGE('',*,*,#2678,.T.);
#3581=ORIENTED_EDGE('',*,*,#2342,.F.);
#3582=ORIENTED_EDGE('',*,*,#2646,.T.);
#3583=ORIENTED_EDGE('',*,*,#2673,.T.);
#3584=ORIENTED_EDGE('',*,*,#2679,.T.);
#3585=ORIENTED_EDGE('',*,*,#2595,.F.);
#3586=ORIENTED_EDGE('',*,*,#2544,.T.);
#3587=ORIENTED_EDGE('',*,*,#2674,.T.);
#3588=ORIENTED_EDGE('',*,*,#2647,.T.);
#3589=ORIENTED_EDGE('',*,*,#2593,.F.);
#3590=ORIENTED_EDGE('',*,*,#2640,.T.);
#3591=ORIENTED_EDGE('',*,*,#2602,.F.);
#3592=ORIENTED_EDGE('',*,*,#2680,.T.);
#3593=ORIENTED_EDGE('',*,*,#2675,.T.);
#3594=ORIENTED_EDGE('',*,*,#2681,.F.);
#3595=ORIENTED_EDGE('',*,*,#2682,.F.);
#3596=ORIENTED_EDGE('',*,*,#2683,.F.);
#3597=ORIENTED_EDGE('',*,*,#2684,.T.);
#3598=ORIENTED_EDGE('',*,*,#2685,.T.);
#3599=ORIENTED_EDGE('',*,*,#2686,.T.);
#3600=ORIENTED_EDGE('',*,*,#2687,.T.);
#3601=ORIENTED_EDGE('',*,*,#2688,.T.);
#3602=ORIENTED_EDGE('',*,*,#2683,.T.);
#3603=ORIENTED_EDGE('',*,*,#2689,.F.);
#3604=ORIENTED_EDGE('',*,*,#2690,.F.);
#3605=ORIENTED_EDGE('',*,*,#2691,.F.);
#3606=ORIENTED_EDGE('',*,*,#2692,.T.);
#3607=ORIENTED_EDGE('',*,*,#2600,.F.);
#3608=ORIENTED_EDGE('',*,*,#2693,.T.);
#3609=ORIENTED_EDGE('',*,*,#2677,.T.);
#3610=ORIENTED_EDGE('',*,*,#2676,.T.);
#3611=ORIENTED_EDGE('',*,*,#2680,.F.);
#3612=ORIENTED_EDGE('',*,*,#2601,.F.);
#3613=ORIENTED_EDGE('',*,*,#2692,.F.);
#3614=ORIENTED_EDGE('',*,*,#2694,.T.);
#3615=ORIENTED_EDGE('',*,*,#2671,.T.);
#3616=ORIENTED_EDGE('',*,*,#2695,.T.);
#3617=ORIENTED_EDGE('',*,*,#2597,.F.);
#3618=ORIENTED_EDGE('',*,*,#2679,.F.);
#3619=ORIENTED_EDGE('',*,*,#2672,.F.);
#3620=ORIENTED_EDGE('',*,*,#2694,.F.);
#3621=ORIENTED_EDGE('',*,*,#2596,.F.);
#3622=ORIENTED_EDGE('',*,*,#2696,.T.);
#3623=ORIENTED_EDGE('',*,*,#2622,.F.);
#3624=ORIENTED_EDGE('',*,*,#2697,.T.);
#3625=ORIENTED_EDGE('',*,*,#2698,.T.);
#3626=ORIENTED_EDGE('',*,*,#2699,.T.);
#3627=ORIENTED_EDGE('',*,*,#2619,.F.);
#3628=ORIENTED_EDGE('',*,*,#2623,.F.);
#3629=ORIENTED_EDGE('',*,*,#2696,.F.);
#3630=ORIENTED_EDGE('',*,*,#2700,.T.);
#3631=ORIENTED_EDGE('',*,*,#2614,.T.);
#3632=ORIENTED_EDGE('',*,*,#2701,.T.);
#3633=ORIENTED_EDGE('',*,*,#2288,.F.);
#3634=ORIENTED_EDGE('',*,*,#2617,.F.);
#3635=ORIENTED_EDGE('',*,*,#2615,.F.);
#3636=ORIENTED_EDGE('',*,*,#2700,.F.);
#3637=ORIENTED_EDGE('',*,*,#2287,.F.);
#3638=ORIENTED_EDGE('',*,*,#2515,.T.);
#3639=ORIENTED_EDGE('',*,*,#2620,.F.);
#3640=ORIENTED_EDGE('',*,*,#2699,.F.);
#3641=ORIENTED_EDGE('',*,*,#2698,.F.);
#3642=ORIENTED_EDGE('',*,*,#2702,.T.);
#3643=ORIENTED_EDGE('',*,*,#2335,.F.);
#3644=ORIENTED_EDGE('',*,*,#2519,.T.);
#3645=ORIENTED_EDGE('',*,*,#2627,.F.);
#3646=ORIENTED_EDGE('',*,*,#2703,.T.);
#3647=ORIENTED_EDGE('',*,*,#2630,.T.);
#3648=ORIENTED_EDGE('',*,*,#2704,.T.);
#3649=ORIENTED_EDGE('',*,*,#2625,.F.);
#3650=ORIENTED_EDGE('',*,*,#2705,.T.);
#3651=ORIENTED_EDGE('',*,*,#2632,.T.);
#3652=ORIENTED_EDGE('',*,*,#2631,.T.);
#3653=ORIENTED_EDGE('',*,*,#2703,.F.);
#3654=ORIENTED_EDGE('',*,*,#2626,.F.);
#3655=ORIENTED_EDGE('',*,*,#2704,.F.);
#3656=ORIENTED_EDGE('',*,*,#2706,.T.);
#3657=ORIENTED_EDGE('',*,*,#2635,.T.);
#3658=ORIENTED_EDGE('',*,*,#2707,.T.);
#3659=ORIENTED_EDGE('',*,*,#2282,.F.);
#3660=ORIENTED_EDGE('',*,*,#2629,.F.);
#3661=ORIENTED_EDGE('',*,*,#2636,.F.);
#3662=ORIENTED_EDGE('',*,*,#2706,.F.);
#3663=ORIENTED_EDGE('',*,*,#2281,.F.);
#3664=ORIENTED_EDGE('',*,*,#2525,.T.);
#3665=ORIENTED_EDGE('',*,*,#2611,.F.);
#3666=ORIENTED_EDGE('',*,*,#2708,.T.);
#3667=ORIENTED_EDGE('',*,*,#2709,.T.);
#3668=ORIENTED_EDGE('',*,*,#2710,.T.);
#3669=ORIENTED_EDGE('',*,*,#2609,.F.);
#3670=ORIENTED_EDGE('',*,*,#2711,.T.);
#3671=ORIENTED_EDGE('',*,*,#2712,.T.);
#3672=ORIENTED_EDGE('',*,*,#2713,.T.);
#3673=ORIENTED_EDGE('',*,*,#2708,.F.);
#3674=ORIENTED_EDGE('',*,*,#2610,.F.);
#3675=ORIENTED_EDGE('',*,*,#2710,.F.);
#3676=ORIENTED_EDGE('',*,*,#2714,.T.);
#3677=ORIENTED_EDGE('',*,*,#2277,.T.);
#3678=ORIENTED_EDGE('',*,*,#2715,.T.);
#3679=ORIENTED_EDGE('',*,*,#2606,.F.);
#3680=ORIENTED_EDGE('',*,*,#2612,.F.);
#3681=ORIENTED_EDGE('',*,*,#2278,.F.);
#3682=ORIENTED_EDGE('',*,*,#2714,.F.);
#3683=ORIENTED_EDGE('',*,*,#2605,.F.);
#3684=ORIENTED_EDGE('',*,*,#2526,.T.);
#3685=ORIENTED_EDGE('',*,*,#2709,.F.);
#3686=ORIENTED_EDGE('',*,*,#2713,.F.);
#3687=ORIENTED_EDGE('',*,*,#2712,.F.);
#3688=ORIENTED_EDGE('',*,*,#2716,.T.);
#3689=ORIENTED_EDGE('',*,*,#2327,.F.);
#3690=ORIENTED_EDGE('',*,*,#2522,.T.);
#3691=ORIENTED_EDGE('',*,*,#2589,.F.);
#3692=ORIENTED_EDGE('',*,*,#2717,.T.);
#3693=ORIENTED_EDGE('',*,*,#2718,.T.);
#3694=ORIENTED_EDGE('',*,*,#2719,.T.);
#3695=ORIENTED_EDGE('',*,*,#2587,.F.);
#3696=ORIENTED_EDGE('',*,*,#2720,.T.);
#3697=ORIENTED_EDGE('',*,*,#2721,.T.);
#3698=ORIENTED_EDGE('',*,*,#2722,.T.);
#3699=ORIENTED_EDGE('',*,*,#2717,.F.);
#3700=ORIENTED_EDGE('',*,*,#2588,.F.);
#3701=ORIENTED_EDGE('',*,*,#2719,.F.);
#3702=ORIENTED_EDGE('',*,*,#2723,.T.);
#3703=ORIENTED_EDGE('',*,*,#2273,.T.);
#3704=ORIENTED_EDGE('',*,*,#2724,.T.);
#3705=ORIENTED_EDGE('',*,*,#2584,.F.);
#3706=ORIENTED_EDGE('',*,*,#2590,.F.);
#3707=ORIENTED_EDGE('',*,*,#2274,.F.);
#3708=ORIENTED_EDGE('',*,*,#2723,.F.);
#3709=ORIENTED_EDGE('',*,*,#2583,.F.);
#3710=ORIENTED_EDGE('',*,*,#2523,.T.);
#3711=ORIENTED_EDGE('',*,*,#2718,.F.);
#3712=ORIENTED_EDGE('',*,*,#2722,.F.);
#3713=ORIENTED_EDGE('',*,*,#2721,.F.);
#3714=ORIENTED_EDGE('',*,*,#2725,.T.);
#3715=ORIENTED_EDGE('',*,*,#2323,.F.);
#3716=ORIENTED_EDGE('',*,*,#2531,.T.);
#3717=ORIENTED_EDGE('',*,*,#2578,.F.);
#3718=ORIENTED_EDGE('',*,*,#2726,.T.);
#3719=ORIENTED_EDGE('',*,*,#2727,.T.);
#3720=ORIENTED_EDGE('',*,*,#2728,.T.);
#3721=ORIENTED_EDGE('',*,*,#2576,.F.);
#3722=ORIENTED_EDGE('',*,*,#2729,.T.);
#3723=ORIENTED_EDGE('',*,*,#2730,.T.);
#3724=ORIENTED_EDGE('',*,*,#2731,.T.);
#3725=ORIENTED_EDGE('',*,*,#2726,.F.);
#3726=ORIENTED_EDGE('',*,*,#2577,.F.);
#3727=ORIENTED_EDGE('',*,*,#2728,.F.);
#3728=ORIENTED_EDGE('',*,*,#2732,.T.);
#3729=ORIENTED_EDGE('',*,*,#2269,.T.);
#3730=ORIENTED_EDGE('',*,*,#2733,.T.);
#3731=ORIENTED_EDGE('',*,*,#2573,.F.);
#3732=ORIENTED_EDGE('',*,*,#2579,.F.);
#3733=ORIENTED_EDGE('',*,*,#2270,.F.);
#3734=ORIENTED_EDGE('',*,*,#2732,.F.);
#3735=ORIENTED_EDGE('',*,*,#2572,.F.);
#3736=ORIENTED_EDGE('',*,*,#2532,.T.);
#3737=ORIENTED_EDGE('',*,*,#2727,.F.);
#3738=ORIENTED_EDGE('',*,*,#2731,.F.);
#3739=ORIENTED_EDGE('',*,*,#2730,.F.);
#3740=ORIENTED_EDGE('',*,*,#2734,.T.);
#3741=ORIENTED_EDGE('',*,*,#2319,.F.);
#3742=ORIENTED_EDGE('',*,*,#2534,.T.);
#3743=ORIENTED_EDGE('',*,*,#2735,.F.);
#3744=ORIENTED_EDGE('',*,*,#2736,.T.);
#3745=ORIENTED_EDGE('',*,*,#2737,.T.);
#3746=ORIENTED_EDGE('',*,*,#2738,.T.);
#3747=ORIENTED_EDGE('',*,*,#2739,.F.);
#3748=ORIENTED_EDGE('',*,*,#2740,.T.);
#3749=ORIENTED_EDGE('',*,*,#2741,.T.);
#3750=ORIENTED_EDGE('',*,*,#2742,.T.);
#3751=ORIENTED_EDGE('',*,*,#2736,.F.);
#3752=ORIENTED_EDGE('',*,*,#2743,.F.);
#3753=ORIENTED_EDGE('',*,*,#2738,.F.);
#3754=ORIENTED_EDGE('',*,*,#2744,.T.);
#3755=ORIENTED_EDGE('',*,*,#2265,.T.);
#3756=ORIENTED_EDGE('',*,*,#2745,.T.);
#3757=ORIENTED_EDGE('',*,*,#2568,.F.);
#3758=ORIENTED_EDGE('',*,*,#2570,.F.);
#3759=ORIENTED_EDGE('',*,*,#2266,.F.);
#3760=ORIENTED_EDGE('',*,*,#2744,.F.);
#3761=ORIENTED_EDGE('',*,*,#2567,.F.);
#3762=ORIENTED_EDGE('',*,*,#2533,.T.);
#3763=ORIENTED_EDGE('',*,*,#2313,.F.);
#3764=ORIENTED_EDGE('',*,*,#2746,.T.);
#3765=ORIENTED_EDGE('',*,*,#2739,.T.);
#3766=ORIENTED_EDGE('',*,*,#2743,.T.);
#3767=ORIENTED_EDGE('',*,*,#2735,.T.);
#3768=ORIENTED_EDGE('',*,*,#2535,.T.);
#3769=ORIENTED_EDGE('',*,*,#2737,.F.);
#3770=ORIENTED_EDGE('',*,*,#2742,.F.);
#3771=ORIENTED_EDGE('',*,*,#2741,.F.);
#3772=ORIENTED_EDGE('',*,*,#2747,.T.);
#3773=ORIENTED_EDGE('',*,*,#2315,.F.);
#3774=ORIENTED_EDGE('',*,*,#2537,.T.);
#3775=ORIENTED_EDGE('',*,*,#2748,.F.);
#3776=ORIENTED_EDGE('',*,*,#2749,.T.);
#3777=ORIENTED_EDGE('',*,*,#2750,.T.);
#3778=ORIENTED_EDGE('',*,*,#2751,.T.);
#3779=ORIENTED_EDGE('',*,*,#2752,.F.);
#3780=ORIENTED_EDGE('',*,*,#2753,.T.);
#3781=ORIENTED_EDGE('',*,*,#2754,.T.);
#3782=ORIENTED_EDGE('',*,*,#2755,.T.);
#3783=ORIENTED_EDGE('',*,*,#2749,.F.);
#3784=ORIENTED_EDGE('',*,*,#2756,.F.);
#3785=ORIENTED_EDGE('',*,*,#2751,.F.);
#3786=ORIENTED_EDGE('',*,*,#2757,.T.);
#3787=ORIENTED_EDGE('',*,*,#2242,.T.);
#3788=ORIENTED_EDGE('',*,*,#2758,.T.);
#3789=ORIENTED_EDGE('',*,*,#2563,.F.);
#3790=ORIENTED_EDGE('',*,*,#2565,.F.);
#3791=ORIENTED_EDGE('',*,*,#2243,.F.);
#3792=ORIENTED_EDGE('',*,*,#2757,.F.);
#3793=ORIENTED_EDGE('',*,*,#2562,.F.);
#3794=ORIENTED_EDGE('',*,*,#2536,.T.);
#3795=ORIENTED_EDGE('',*,*,#2309,.F.);
#3796=ORIENTED_EDGE('',*,*,#2759,.T.);
#3797=ORIENTED_EDGE('',*,*,#2752,.T.);
#3798=ORIENTED_EDGE('',*,*,#2756,.T.);
#3799=ORIENTED_EDGE('',*,*,#2748,.T.);
#3800=ORIENTED_EDGE('',*,*,#2538,.T.);
#3801=ORIENTED_EDGE('',*,*,#2750,.F.);
#3802=ORIENTED_EDGE('',*,*,#2755,.F.);
#3803=ORIENTED_EDGE('',*,*,#2754,.F.);
#3804=ORIENTED_EDGE('',*,*,#2760,.T.);
#3805=ORIENTED_EDGE('',*,*,#2311,.F.);
#3806=ORIENTED_EDGE('',*,*,#2761,.T.);
#3807=ORIENTED_EDGE('',*,*,#2762,.T.);
#3808=ORIENTED_EDGE('',*,*,#2687,.F.);
#3809=ORIENTED_EDGE('',*,*,#2763,.T.);
#3810=ORIENTED_EDGE('',*,*,#2682,.T.);
#3811=ORIENTED_EDGE('',*,*,#2764,.T.);
#3812=ORIENTED_EDGE('',*,*,#2765,.T.);
#3813=ORIENTED_EDGE('',*,*,#2689,.T.);
#3814=ORIENTED_EDGE('',*,*,#2685,.F.);
#3815=ORIENTED_EDGE('',*,*,#2766,.T.);
#3816=ORIENTED_EDGE('',*,*,#2767,.T.);
#3817=ORIENTED_EDGE('',*,*,#2768,.T.);
#3818=ORIENTED_EDGE('',*,*,#2684,.F.);
#3819=ORIENTED_EDGE('',*,*,#2691,.T.);
#3820=ORIENTED_EDGE('',*,*,#2769,.T.);
#3821=ORIENTED_EDGE('',*,*,#2770,.T.);
#3822=ORIENTED_EDGE('',*,*,#2681,.T.);
#3823=ORIENTED_EDGE('',*,*,#2768,.F.);
#3824=ORIENTED_EDGE('',*,*,#2771,.T.);
#3825=ORIENTED_EDGE('',*,*,#2764,.F.);
#3826=ORIENTED_EDGE('',*,*,#2772,.T.);
#3827=ORIENTED_EDGE('',*,*,#2300,.F.);
#3828=ORIENTED_EDGE('',*,*,#2773,.F.);
#3829=ORIENTED_EDGE('',*,*,#2769,.F.);
#3830=ORIENTED_EDGE('',*,*,#2690,.T.);
#3831=ORIENTED_EDGE('',*,*,#2765,.F.);
#3832=ORIENTED_EDGE('',*,*,#2771,.F.);
#3833=ORIENTED_EDGE('',*,*,#2767,.F.);
#3834=ORIENTED_EDGE('',*,*,#2774,.F.);
#3835=ORIENTED_EDGE('',*,*,#2775,.F.);
#3836=ORIENTED_EDGE('',*,*,#2776,.F.);
#3837=ORIENTED_EDGE('',*,*,#2777,.F.);
#3838=ORIENTED_EDGE('',*,*,#2774,.T.);
#3839=ORIENTED_EDGE('',*,*,#2778,.F.);
#3840=ORIENTED_EDGE('',*,*,#2779,.F.);
#3841=ORIENTED_EDGE('',*,*,#2780,.F.);
#3842=ORIENTED_EDGE('',*,*,#2777,.T.);
#3843=ORIENTED_EDGE('',*,*,#2781,.T.);
#3844=ORIENTED_EDGE('',*,*,#2782,.F.);
#3845=ORIENTED_EDGE('',*,*,#2778,.T.);
#3846=ORIENTED_EDGE('',*,*,#2780,.T.);
#3847=ORIENTED_EDGE('',*,*,#2783,.F.);
#3848=ORIENTED_EDGE('',*,*,#2784,.T.);
#3849=ORIENTED_EDGE('',*,*,#2785,.T.);
#3850=ORIENTED_EDGE('',*,*,#2786,.T.);
#3851=ORIENTED_EDGE('',*,*,#2787,.F.);
#3852=ORIENTED_EDGE('',*,*,#2788,.T.);
#3853=ORIENTED_EDGE('',*,*,#2775,.T.);
#3854=ORIENTED_EDGE('',*,*,#2776,.T.);
#3855=ORIENTED_EDGE('',*,*,#2788,.F.);
#3856=ORIENTED_EDGE('',*,*,#2789,.F.);
#3857=ORIENTED_EDGE('',*,*,#2781,.F.);
#3858=ORIENTED_EDGE('',*,*,#2790,.T.);
#3859=ORIENTED_EDGE('',*,*,#2344,.F.);
#3860=ORIENTED_EDGE('',*,*,#2791,.T.);
#3861=ORIENTED_EDGE('',*,*,#2783,.T.);
#3862=ORIENTED_EDGE('',*,*,#2779,.T.);
#3863=ORIENTED_EDGE('',*,*,#2782,.T.);
#3864=ORIENTED_EDGE('',*,*,#2789,.T.);
#3865=ORIENTED_EDGE('',*,*,#2787,.T.);
#3866=ORIENTED_EDGE('',*,*,#2428,.T.);
#3867=ORIENTED_EDGE('',*,*,#2792,.T.);
#3868=ORIENTED_EDGE('',*,*,#2384,.F.);
#3869=ORIENTED_EDGE('',*,*,#2793,.T.);
#3870=ORIENTED_EDGE('',*,*,#2794,.T.);
#3871=ORIENTED_EDGE('',*,*,#2793,.F.);
#3872=ORIENTED_EDGE('',*,*,#2303,.F.);
#3873=ORIENTED_EDGE('',*,*,#2649,.F.);
#3874=ORIENTED_EDGE('',*,*,#2304,.F.);
#3875=ORIENTED_EDGE('',*,*,#2795,.T.);
#3876=ORIENTED_EDGE('',*,*,#2796,.T.);
#3877=ORIENTED_EDGE('',*,*,#2795,.F.);
#3878=ORIENTED_EDGE('',*,*,#2296,.F.);
#3879=ORIENTED_EDGE('',*,*,#2638,.F.);
#3880=ORIENTED_EDGE('',*,*,#2297,.F.);
#3881=ORIENTED_EDGE('',*,*,#2797,.T.);
#3882=ORIENTED_EDGE('',*,*,#2798,.T.);
#3883=ORIENTED_EDGE('',*,*,#2797,.F.);
#3884=ORIENTED_EDGE('',*,*,#2378,.T.);
#3885=ORIENTED_EDGE('',*,*,#2799,.F.);
#3886=ORIENTED_EDGE('',*,*,#2800,.T.);
#3887=ORIENTED_EDGE('',*,*,#2801,.T.);
#3888=ORIENTED_EDGE('',*,*,#2379,.T.);
#3889=ORIENTED_EDGE('',*,*,#2801,.F.);
#3890=ORIENTED_EDGE('',*,*,#2802,.T.);
#3891=ORIENTED_EDGE('',*,*,#2803,.T.);
#3892=ORIENTED_EDGE('',*,*,#2380,.T.);
#3893=ORIENTED_EDGE('',*,*,#2803,.F.);
#3894=ORIENTED_EDGE('',*,*,#2804,.T.);
#3895=ORIENTED_EDGE('',*,*,#2805,.T.);
#3896=ORIENTED_EDGE('',*,*,#2794,.F.);
#3897=ORIENTED_EDGE('',*,*,#2806,.T.);
#3898=ORIENTED_EDGE('',*,*,#2419,.F.);
#3899=ORIENTED_EDGE('',*,*,#2806,.F.);
#3900=ORIENTED_EDGE('',*,*,#2796,.F.);
#3901=ORIENTED_EDGE('',*,*,#2807,.T.);
#3902=ORIENTED_EDGE('',*,*,#2808,.F.);
#3903=ORIENTED_EDGE('',*,*,#2807,.F.);
#3904=ORIENTED_EDGE('',*,*,#2798,.F.);
#3905=ORIENTED_EDGE('',*,*,#2809,.T.);
#3906=ORIENTED_EDGE('',*,*,#2420,.F.);
#3907=ORIENTED_EDGE('',*,*,#2809,.F.);
#3908=ORIENTED_EDGE('',*,*,#2340,.F.);
#3909=ORIENTED_EDGE('',*,*,#2642,.F.);
#3910=ORIENTED_EDGE('',*,*,#2341,.F.);
#3911=ORIENTED_EDGE('',*,*,#2810,.T.);
#3912=ORIENTED_EDGE('',*,*,#2811,.T.);
#3913=ORIENTED_EDGE('',*,*,#2810,.F.);
#3914=ORIENTED_EDGE('',*,*,#2347,.F.);
#3915=ORIENTED_EDGE('',*,*,#2644,.F.);
#3916=ORIENTED_EDGE('',*,*,#2348,.F.);
#3917=ORIENTED_EDGE('',*,*,#2812,.T.);
#3918=ORIENTED_EDGE('',*,*,#2813,.T.);
#3919=ORIENTED_EDGE('',*,*,#2812,.F.);
#3920=ORIENTED_EDGE('',*,*,#2383,.F.);
#3921=ORIENTED_EDGE('',*,*,#2814,.T.);
#3922=ORIENTED_EDGE('',*,*,#2815,.T.);
#3923=ORIENTED_EDGE('',*,*,#2814,.F.);
#3924=ORIENTED_EDGE('',*,*,#2381,.T.);
#3925=ORIENTED_EDGE('',*,*,#2805,.F.);
#3926=ORIENTED_EDGE('',*,*,#2816,.T.);
#3927=ORIENTED_EDGE('',*,*,#2817,.T.);
#3928=ORIENTED_EDGE('',*,*,#2377,.T.);
#3929=ORIENTED_EDGE('',*,*,#2818,.F.);
#3930=ORIENTED_EDGE('',*,*,#2819,.T.);
#3931=ORIENTED_EDGE('',*,*,#2799,.T.);
#3932=ORIENTED_EDGE('',*,*,#2804,.F.);
#3933=ORIENTED_EDGE('',*,*,#2802,.F.);
#3934=ORIENTED_EDGE('',*,*,#2800,.F.);
#3935=ORIENTED_EDGE('',*,*,#2819,.F.);
#3936=ORIENTED_EDGE('',*,*,#2820,.F.);
#3937=ORIENTED_EDGE('',*,*,#2821,.F.);
#3938=ORIENTED_EDGE('',*,*,#2822,.F.);
#3939=ORIENTED_EDGE('',*,*,#2816,.F.);
#3940=ORIENTED_EDGE('',*,*,#2823,.F.);
#3941=ORIENTED_EDGE('',*,*,#2824,.F.);
#3942=ORIENTED_EDGE('',*,*,#2825,.F.);
#3943=ORIENTED_EDGE('',*,*,#2826,.F.);
#3944=ORIENTED_EDGE('',*,*,#2827,.F.);
#3945=ORIENTED_EDGE('',*,*,#2828,.F.);
#3946=ORIENTED_EDGE('',*,*,#2829,.F.);
#3947=ORIENTED_EDGE('',*,*,#2830,.F.);
#3948=ORIENTED_EDGE('',*,*,#2831,.T.);
#3949=ORIENTED_EDGE('',*,*,#2830,.T.);
#3950=ORIENTED_EDGE('',*,*,#2832,.F.);
#3951=ORIENTED_EDGE('',*,*,#2417,.F.);
#3952=ORIENTED_EDGE('',*,*,#2833,.F.);
#3953=ORIENTED_EDGE('',*,*,#2834,.F.);
#3954=ORIENTED_EDGE('',*,*,#2835,.F.);
#3955=ORIENTED_EDGE('',*,*,#2421,.F.);
#3956=ORIENTED_EDGE('',*,*,#2398,.F.);
#3957=ORIENTED_EDGE('',*,*,#2836,.F.);
#3958=ORIENTED_EDGE('',*,*,#2837,.F.);
#3959=ORIENTED_EDGE('',*,*,#2838,.F.);
#3960=ORIENTED_EDGE('',*,*,#2834,.T.);
#3961=ORIENTED_EDGE('',*,*,#2423,.T.);
#3962=ORIENTED_EDGE('',*,*,#2839,.T.);
#3963=ORIENTED_EDGE('',*,*,#2761,.F.);
#3964=ORIENTED_EDGE('',*,*,#2840,.F.);
#3965=ORIENTED_EDGE('',*,*,#2387,.T.);
#3966=ORIENTED_EDGE('',*,*,#2808,.T.);
#3967=ORIENTED_EDGE('',*,*,#2841,.F.);
#3968=ORIENTED_EDGE('',*,*,#2842,.F.);
#3969=ORIENTED_EDGE('',*,*,#2843,.F.);
#3970=ORIENTED_EDGE('',*,*,#2401,.F.);
#3971=ORIENTED_EDGE('',*,*,#2425,.F.);
#3972=ORIENTED_EDGE('',*,*,#2844,.F.);
#3973=ORIENTED_EDGE('',*,*,#2845,.F.);
#3974=ORIENTED_EDGE('',*,*,#2846,.F.);
#3975=ORIENTED_EDGE('',*,*,#2842,.T.);
#3976=ORIENTED_EDGE('',*,*,#2811,.F.);
#3977=ORIENTED_EDGE('',*,*,#2847,.T.);
#3978=ORIENTED_EDGE('',*,*,#2468,.F.);
#3979=ORIENTED_EDGE('',*,*,#2847,.F.);
#3980=ORIENTED_EDGE('',*,*,#2813,.F.);
#3981=ORIENTED_EDGE('',*,*,#2848,.T.);
#3982=ORIENTED_EDGE('',*,*,#2469,.F.);
#3983=ORIENTED_EDGE('',*,*,#2848,.F.);
#3984=ORIENTED_EDGE('',*,*,#2815,.F.);
#3985=ORIENTED_EDGE('',*,*,#2849,.T.);
#3986=ORIENTED_EDGE('',*,*,#2792,.F.);
#3987=ORIENTED_EDGE('',*,*,#2849,.F.);
#3988=ORIENTED_EDGE('',*,*,#2382,.T.);
#3989=ORIENTED_EDGE('',*,*,#2817,.F.);
#3990=ORIENTED_EDGE('',*,*,#2822,.T.);
#3991=ORIENTED_EDGE('',*,*,#2850,.F.);
#3992=ORIENTED_EDGE('',*,*,#2465,.F.);
#3993=ORIENTED_EDGE('',*,*,#2851,.F.);
#3994=ORIENTED_EDGE('',*,*,#2375,.T.);
#3995=ORIENTED_EDGE('',*,*,#2851,.T.);
#3996=ORIENTED_EDGE('',*,*,#2464,.F.);
#3997=ORIENTED_EDGE('',*,*,#2852,.F.);
#3998=ORIENTED_EDGE('',*,*,#2376,.T.);
#3999=ORIENTED_EDGE('',*,*,#2852,.T.);
#4000=ORIENTED_EDGE('',*,*,#2467,.F.);
#4001=ORIENTED_EDGE('',*,*,#2853,.T.);
#4002=ORIENTED_EDGE('',*,*,#2820,.T.);
#4003=ORIENTED_EDGE('',*,*,#2818,.T.);
#4004=ORIENTED_EDGE('',*,*,#2850,.T.);
#4005=ORIENTED_EDGE('',*,*,#2821,.T.);
#4006=ORIENTED_EDGE('',*,*,#2853,.F.);
#4007=ORIENTED_EDGE('',*,*,#2466,.F.);
#4008=ORIENTED_EDGE('',*,*,#2785,.F.);
#4009=ORIENTED_EDGE('',*,*,#2854,.F.);
#4010=ORIENTED_EDGE('',*,*,#2472,.T.);
#4011=ORIENTED_EDGE('',*,*,#2855,.T.);
#4012=ORIENTED_EDGE('',*,*,#2856,.F.);
#4013=ORIENTED_EDGE('',*,*,#2470,.F.);
#4014=ORIENTED_EDGE('',*,*,#2454,.F.);
#4015=ORIENTED_EDGE('',*,*,#2857,.F.);
#4016=ORIENTED_EDGE('',*,*,#2845,.T.);
#4017=ORIENTED_EDGE('',*,*,#2857,.T.);
#4018=ORIENTED_EDGE('',*,*,#2456,.T.);
#4019=ORIENTED_EDGE('',*,*,#2463,.F.);
#4020=ORIENTED_EDGE('',*,*,#2858,.F.);
#4021=ORIENTED_EDGE('',*,*,#2823,.T.);
#4022=ORIENTED_EDGE('',*,*,#2831,.F.);
#4023=ORIENTED_EDGE('',*,*,#2416,.F.);
#4024=ORIENTED_EDGE('',*,*,#2402,.F.);
#4025=ORIENTED_EDGE('',*,*,#2843,.T.);
#4026=ORIENTED_EDGE('',*,*,#2846,.T.);
#4027=ORIENTED_EDGE('',*,*,#2859,.T.);
#4028=ORIENTED_EDGE('',*,*,#2824,.T.);
#4029=ORIENTED_EDGE('',*,*,#2858,.T.);
#4030=ORIENTED_EDGE('',*,*,#2462,.F.);
#4031=ORIENTED_EDGE('',*,*,#2860,.T.);
#4032=ORIENTED_EDGE('',*,*,#2825,.T.);
#4033=ORIENTED_EDGE('',*,*,#2859,.F.);
#4034=ORIENTED_EDGE('',*,*,#2461,.F.);
#4035=ORIENTED_EDGE('',*,*,#2861,.T.);
#4036=ORIENTED_EDGE('',*,*,#2826,.T.);
#4037=ORIENTED_EDGE('',*,*,#2860,.F.);
#4038=ORIENTED_EDGE('',*,*,#2460,.F.);
#4039=ORIENTED_EDGE('',*,*,#2862,.T.);
#4040=ORIENTED_EDGE('',*,*,#2827,.T.);
#4041=ORIENTED_EDGE('',*,*,#2861,.F.);
#4042=ORIENTED_EDGE('',*,*,#2459,.F.);
#4043=ORIENTED_EDGE('',*,*,#2863,.T.);
#4044=ORIENTED_EDGE('',*,*,#2828,.T.);
#4045=ORIENTED_EDGE('',*,*,#2862,.F.);
#4046=ORIENTED_EDGE('',*,*,#2458,.F.);
#4047=ORIENTED_EDGE('',*,*,#2864,.T.);
#4048=ORIENTED_EDGE('',*,*,#2836,.T.);
#4049=ORIENTED_EDGE('',*,*,#2833,.T.);
#4050=ORIENTED_EDGE('',*,*,#2400,.T.);
#4051=ORIENTED_EDGE('',*,*,#2418,.F.);
#4052=ORIENTED_EDGE('',*,*,#2832,.T.);
#4053=ORIENTED_EDGE('',*,*,#2829,.T.);
#4054=ORIENTED_EDGE('',*,*,#2863,.F.);
#4055=ORIENTED_EDGE('',*,*,#2457,.F.);
#4056=ORIENTED_EDGE('',*,*,#2436,.F.);
#4057=ORIENTED_EDGE('',*,*,#2864,.F.);
#4058=ORIENTED_EDGE('',*,*,#2435,.F.);
#4059=ORIENTED_EDGE('',*,*,#2474,.F.);
#4060=ORIENTED_EDGE('',*,*,#2865,.F.);
#4061=ORIENTED_EDGE('',*,*,#2837,.T.);
#4062=ORIENTED_EDGE('',*,*,#2866,.T.);
#4063=ORIENTED_EDGE('',*,*,#2655,.F.);
#4064=ORIENTED_EDGE('',*,*,#2867,.T.);
#4065=ORIENTED_EDGE('',*,*,#2666,.T.);
#4066=ORIENTED_EDGE('',*,*,#2665,.T.);
#4067=ORIENTED_EDGE('',*,*,#2668,.F.);
#4068=ORIENTED_EDGE('',*,*,#2656,.F.);
#4069=ORIENTED_EDGE('',*,*,#2866,.F.);
#4070=ORIENTED_EDGE('',*,*,#2868,.T.);
#4071=ORIENTED_EDGE('',*,*,#2557,.T.);
#4072=ORIENTED_EDGE('',*,*,#2869,.T.);
#4073=ORIENTED_EDGE('',*,*,#2661,.F.);
#4074=ORIENTED_EDGE('',*,*,#2669,.F.);
#4075=ORIENTED_EDGE('',*,*,#2558,.F.);
#4076=ORIENTED_EDGE('',*,*,#2868,.F.);
#4077=ORIENTED_EDGE('',*,*,#2660,.F.);
#4078=ORIENTED_EDGE('',*,*,#2667,.F.);
#4079=ORIENTED_EDGE('',*,*,#2867,.F.);
#4080=ORIENTED_EDGE('',*,*,#2654,.F.);
#4081=ORIENTED_EDGE('',*,*,#2301,.F.);
#4082=ORIENTED_EDGE('',*,*,#2772,.F.);
#4083=ORIENTED_EDGE('',*,*,#2766,.F.);
#4084=ORIENTED_EDGE('',*,*,#2688,.F.);
#4085=ORIENTED_EDGE('',*,*,#2762,.F.);
#4086=ORIENTED_EDGE('',*,*,#2839,.F.);
#4087=ORIENTED_EDGE('',*,*,#2422,.T.);
#4088=ORIENTED_EDGE('',*,*,#2835,.T.);
#4089=ORIENTED_EDGE('',*,*,#2838,.T.);
#4090=ORIENTED_EDGE('',*,*,#2865,.T.);
#4091=ORIENTED_EDGE('',*,*,#2473,.T.);
#4092=ORIENTED_EDGE('',*,*,#2854,.T.);
#4093=ORIENTED_EDGE('',*,*,#2784,.F.);
#4094=ORIENTED_EDGE('',*,*,#2791,.F.);
#4095=ORIENTED_EDGE('',*,*,#2343,.F.);
#4096=ORIENTED_EDGE('',*,*,#2678,.F.);
#4097=ORIENTED_EDGE('',*,*,#2693,.F.);
#4098=ORIENTED_EDGE('',*,*,#2599,.F.);
#4099=ORIENTED_EDGE('',*,*,#2336,.F.);
#4100=ORIENTED_EDGE('',*,*,#2702,.F.);
#4101=ORIENTED_EDGE('',*,*,#2697,.F.);
#4102=ORIENTED_EDGE('',*,*,#2621,.F.);
#4103=ORIENTED_EDGE('',*,*,#2332,.F.);
#4104=ORIENTED_EDGE('',*,*,#2633,.F.);
#4105=ORIENTED_EDGE('',*,*,#2705,.F.);
#4106=ORIENTED_EDGE('',*,*,#2624,.F.);
#4107=ORIENTED_EDGE('',*,*,#2328,.F.);
#4108=ORIENTED_EDGE('',*,*,#2716,.F.);
#4109=ORIENTED_EDGE('',*,*,#2711,.F.);
#4110=ORIENTED_EDGE('',*,*,#2608,.F.);
#4111=ORIENTED_EDGE('',*,*,#2324,.F.);
#4112=ORIENTED_EDGE('',*,*,#2725,.F.);
#4113=ORIENTED_EDGE('',*,*,#2720,.F.);
#4114=ORIENTED_EDGE('',*,*,#2586,.F.);
#4115=ORIENTED_EDGE('',*,*,#2320,.F.);
#4116=ORIENTED_EDGE('',*,*,#2734,.F.);
#4117=ORIENTED_EDGE('',*,*,#2729,.F.);
#4118=ORIENTED_EDGE('',*,*,#2575,.F.);
#4119=ORIENTED_EDGE('',*,*,#2316,.F.);
#4120=ORIENTED_EDGE('',*,*,#2747,.F.);
#4121=ORIENTED_EDGE('',*,*,#2740,.F.);
#4122=ORIENTED_EDGE('',*,*,#2746,.F.);
#4123=ORIENTED_EDGE('',*,*,#2312,.F.);
#4124=ORIENTED_EDGE('',*,*,#2760,.F.);
#4125=ORIENTED_EDGE('',*,*,#2753,.F.);
#4126=ORIENTED_EDGE('',*,*,#2759,.F.);
#4127=ORIENTED_EDGE('',*,*,#2308,.F.);
#4128=ORIENTED_EDGE('',*,*,#2569,.F.);
#4129=ORIENTED_EDGE('',*,*,#2745,.F.);
#4130=ORIENTED_EDGE('',*,*,#2264,.T.);
#4131=ORIENTED_EDGE('',*,*,#2235,.F.);
#4132=ORIENTED_EDGE('',*,*,#2574,.F.);
#4133=ORIENTED_EDGE('',*,*,#2733,.F.);
#4134=ORIENTED_EDGE('',*,*,#2268,.T.);
#4135=ORIENTED_EDGE('',*,*,#2231,.F.);
#4136=ORIENTED_EDGE('',*,*,#2585,.F.);
#4137=ORIENTED_EDGE('',*,*,#2724,.F.);
#4138=ORIENTED_EDGE('',*,*,#2272,.T.);
#4139=ORIENTED_EDGE('',*,*,#2227,.F.);
#4140=ORIENTED_EDGE('',*,*,#2607,.F.);
#4141=ORIENTED_EDGE('',*,*,#2715,.F.);
#4142=ORIENTED_EDGE('',*,*,#2276,.T.);
#4143=ORIENTED_EDGE('',*,*,#2223,.F.);
#4144=ORIENTED_EDGE('',*,*,#2283,.F.);
#4145=ORIENTED_EDGE('',*,*,#2707,.F.);
#4146=ORIENTED_EDGE('',*,*,#2634,.T.);
#4147=ORIENTED_EDGE('',*,*,#2219,.F.);
#4148=ORIENTED_EDGE('',*,*,#2289,.F.);
#4149=ORIENTED_EDGE('',*,*,#2701,.F.);
#4150=ORIENTED_EDGE('',*,*,#2613,.T.);
#4151=ORIENTED_EDGE('',*,*,#2352,.F.);
#4152=ORIENTED_EDGE('',*,*,#2598,.F.);
#4153=ORIENTED_EDGE('',*,*,#2695,.F.);
#4154=ORIENTED_EDGE('',*,*,#2670,.T.);
#4155=ORIENTED_EDGE('',*,*,#2345,.F.);
#4156=ORIENTED_EDGE('',*,*,#2790,.F.);
#4157=ORIENTED_EDGE('',*,*,#2786,.F.);
#4158=ORIENTED_EDGE('',*,*,#2855,.F.);
#4159=ORIENTED_EDGE('',*,*,#2471,.T.);
#4160=ORIENTED_EDGE('',*,*,#2856,.T.);
#4161=ORIENTED_EDGE('',*,*,#2844,.T.);
#4162=ORIENTED_EDGE('',*,*,#2841,.T.);
#4163=ORIENTED_EDGE('',*,*,#2424,.T.);
#4164=ORIENTED_EDGE('',*,*,#2840,.T.);
#4165=ORIENTED_EDGE('',*,*,#2763,.F.);
#4166=ORIENTED_EDGE('',*,*,#2686,.F.);
#4167=ORIENTED_EDGE('',*,*,#2770,.F.);
#4168=ORIENTED_EDGE('',*,*,#2773,.T.);
#4169=ORIENTED_EDGE('',*,*,#2299,.F.);
#4170=ORIENTED_EDGE('',*,*,#2662,.F.);
#4171=ORIENTED_EDGE('',*,*,#2869,.F.);
#4172=ORIENTED_EDGE('',*,*,#2556,.T.);
#4173=ORIENTED_EDGE('',*,*,#2292,.F.);
#4174=ORIENTED_EDGE('',*,*,#2564,.F.);
#4175=ORIENTED_EDGE('',*,*,#2758,.F.);
#4176=ORIENTED_EDGE('',*,*,#2241,.T.);
#4177=ORIENTED_EDGE('',*,*,#2237,.F.);
#4178=PLANE('',#4627);
#4179=PLANE('',#4628);
#4180=PLANE('',#4629);
#4181=PLANE('',#4630);
#4182=PLANE('',#4631);
#4183=PLANE('',#4632);
#4184=PLANE('',#4633);
#4185=PLANE('',#4634);
#4186=PLANE('',#4635);
#4187=PLANE('',#4636);
#4188=PLANE('',#4637);
#4189=PLANE('',#4638);
#4190=PLANE('',#4639);
#4191=PLANE('',#4640);
#4192=PLANE('',#4641);
#4193=PLANE('',#4662);
#4194=PLANE('',#4663);
#4195=PLANE('',#4664);
#4196=PLANE('',#4665);
#4197=PLANE('',#4669);
#4198=PLANE('',#4673);
#4199=PLANE('',#4674);
#4200=PLANE('',#4676);
#4201=PLANE('',#4678);
#4202=PLANE('',#4688);
#4203=PLANE('',#4689);
#4204=PLANE('',#4693);
#4205=PLANE('',#4697);
#4206=PLANE('',#4698);
#4207=PLANE('',#4699);
#4208=PLANE('',#4700);
#4209=PLANE('',#4702);
#4210=PLANE('',#4704);
#4211=PLANE('',#4705);
#4212=PLANE('',#4706);
#4213=PLANE('',#4707);
#4214=PLANE('',#4708);
#4215=PLANE('',#4709);
#4216=PLANE('',#4710);
#4217=PLANE('',#4711);
#4218=PLANE('',#4712);
#4219=PLANE('',#4713);
#4220=PLANE('',#4714);
#4221=PLANE('',#4715);
#4222=PLANE('',#4716);
#4223=PLANE('',#4717);
#4224=PLANE('',#4718);
#4225=PLANE('',#4719);
#4226=PLANE('',#4720);
#4227=PLANE('',#4721);
#4228=PLANE('',#4722);
#4229=PLANE('',#4723);
#4230=PLANE('',#4724);
#4231=PLANE('',#4725);
#4232=PLANE('',#4726);
#4233=PLANE('',#4727);
#4234=PLANE('',#4728);
#4235=PLANE('',#4729);
#4236=PLANE('',#4730);
#4237=PLANE('',#4731);
#4238=PLANE('',#4732);
#4239=PLANE('',#4733);
#4240=PLANE('',#4734);
#4241=PLANE('',#4735);
#4242=PLANE('',#4736);
#4243=PLANE('',#4737);
#4244=PLANE('',#4738);
#4245=PLANE('',#4739);
#4246=PLANE('',#4740);
#4247=PLANE('',#4741);
#4248=PLANE('',#4742);
#4249=PLANE('',#4743);
#4250=PLANE('',#4744);
#4251=PLANE('',#4746);
#4252=PLANE('',#4747);
#4253=PLANE('',#4748);
#4254=PLANE('',#4749);
#4255=PLANE('',#4750);
#4256=PLANE('',#4751);
#4257=PLANE('',#4752);
#4258=PLANE('',#4753);
#4259=PLANE('',#4754);
#4260=PLANE('',#4755);
#4261=PLANE('',#4756);
#4262=PLANE('',#4757);
#4263=PLANE('',#4758);
#4264=PLANE('',#4760);
#4265=PLANE('',#4761);
#4266=PLANE('',#4762);
#4267=PLANE('',#4763);
#4268=PLANE('',#4764);
#4269=PLANE('',#4765);
#4270=PLANE('',#4766);
#4271=PLANE('',#4767);
#4272=PLANE('',#4768);
#4273=PLANE('',#4769);
#4274=PLANE('',#4770);
#4275=PLANE('',#4771);
#4276=PLANE('',#4772);
#4277=PLANE('',#4787);
#4278=PLANE('',#4788);
#4279=PLANE('',#4789);
#4280=PLANE('',#4790);
#4281=PLANE('',#4791);
#4282=PLANE('',#4792);
#4283=PLANE('',#4793);
#4284=PLANE('',#4794);
#4285=PLANE('',#4795);
#4286=PLANE('',#4796);
#4287=PLANE('',#4797);
#4288=PLANE('',#4798);
#4289=PLANE('',#4799);
#4290=PLANE('',#4800);
#4291=PLANE('',#4801);
#4292=PLANE('',#4802);
#4293=PLANE('',#4803);
#4294=PLANE('',#4804);
#4295=PLANE('',#4805);
#4296=PLANE('',#4806);
#4297=PLANE('',#4807);
#4298=PLANE('',#4808);
#4299=PLANE('',#4809);
#4300=PLANE('',#4810);
#4301=PLANE('',#4811);
#4302=PLANE('',#4812);
#4303=PLANE('',#4813);
#4304=PLANE('',#4814);
#4305=PLANE('',#4815);
#4306=PLANE('',#4816);
#4307=PLANE('',#4817);
#4308=PLANE('',#4818);
#4309=PLANE('',#4819);
#4310=PLANE('',#4820);
#4311=PLANE('',#4821);
#4312=PLANE('',#4822);
#4313=PLANE('',#4823);
#4314=PLANE('',#4824);
#4315=PLANE('',#4825);
#4316=PLANE('',#4826);
#4317=PLANE('',#4827);
#4318=PLANE('',#4828);
#4319=PLANE('',#4829);
#4320=PLANE('',#4830);
#4321=PLANE('',#4831);
#4322=PLANE('',#4832);
#4323=PLANE('',#4833);
#4324=PLANE('',#4834);
#4325=PLANE('',#4835);
#4326=PLANE('',#4836);
#4327=PLANE('',#4837);
#4328=PLANE('',#4838);
#4329=PLANE('',#4839);
#4330=PLANE('',#4840);
#4331=PLANE('',#4841);
#4332=PLANE('',#4842);
#4333=PLANE('',#4843);
#4334=PLANE('',#4844);
#4335=PLANE('',#4845);
#4336=PLANE('',#4846);
#4337=PLANE('',#4847);
#4338=PLANE('',#4848);
#4339=PLANE('',#4849);
#4340=PLANE('',#4850);
#4341=PLANE('',#4851);
#4342=PLANE('',#4852);
#4343=PLANE('',#4853);
#4344=PLANE('',#4854);
#4345=PLANE('',#4855);
#4346=PLANE('',#4856);
#4347=PLANE('',#4857);
#4348=PLANE('',#4858);
#4349=PLANE('',#4859);
#4350=PLANE('',#4860);
#4351=PLANE('',#4868);
#4352=PLANE('',#4871);
#4353=PLANE('',#4882);
#4354=PLANE('',#4883);
#4355=PLANE('',#4884);
#4356=PLANE('',#4885);
#4357=PLANE('',#4886);
#4358=PLANE('',#4890);
#4359=PLANE('',#4891);
#4360=PLANE('',#4892);
#4361=PLANE('',#4896);
#4362=PLANE('',#4900);
#4363=PLANE('',#4901);
#4364=PLANE('',#4902);
#4365=PLANE('',#4903);
#4366=PLANE('',#4904);
#4367=PLANE('',#4908);
#4368=PLANE('',#4909);
#4369=PLANE('',#4910);
#4370=PLANE('',#4911);
#4371=PLANE('',#4912);
#4372=PLANE('',#4913);
#4373=PLANE('',#4914);
#4374=PLANE('',#4918);
#4375=PLANE('',#4919);
#4376=PLANE('',#4920);
#4377=PLANE('',#4921);
#4378=PLANE('',#4922);
#4379=PLANE('',#4923);
#4380=ADVANCED_FACE('',(#143),#4178,.T.);
#4381=ADVANCED_FACE('',(#144),#4179,.T.);
#4382=ADVANCED_FACE('',(#145),#4180,.T.);
#4383=ADVANCED_FACE('',(#146),#4181,.T.);
#4384=ADVANCED_FACE('',(#147),#4182,.T.);
#4385=ADVANCED_FACE('',(#148),#4183,.T.);
#4386=ADVANCED_FACE('',(#149),#4184,.F.);
#4387=ADVANCED_FACE('',(#150),#4185,.F.);
#4388=ADVANCED_FACE('',(#151),#4186,.F.);
#4389=ADVANCED_FACE('',(#152),#4187,.F.);
#4390=ADVANCED_FACE('',(#153),#4188,.F.);
#4391=ADVANCED_FACE('',(#154),#4189,.F.);
#4392=ADVANCED_FACE('',(#155),#4190,.T.);
#4393=ADVANCED_FACE('',(#156),#4191,.T.);
#4394=ADVANCED_FACE('',(#157,#58,#59,#60,#61,#62,#63,#64,#65),#4192,.F.);
#4395=ADVANCED_FACE('',(#158),#37,.F.);
#4396=ADVANCED_FACE('',(#159),#38,.F.);
#4397=ADVANCED_FACE('',(#160),#39,.F.);
#4398=ADVANCED_FACE('',(#161),#4193,.T.);
#4399=ADVANCED_FACE('',(#162),#4194,.T.);
#4400=ADVANCED_FACE('',(#163),#4195,.T.);
#4401=ADVANCED_FACE('',(#164),#4196,.T.);
#4402=ADVANCED_FACE('',(#165),#40,.T.);
#4403=ADVANCED_FACE('',(#166),#4197,.T.);
#4404=ADVANCED_FACE('',(#167),#41,.T.);
#4405=ADVANCED_FACE('',(#168,#66,#67,#68),#4198,.T.);
#4406=ADVANCED_FACE('',(#169,#69),#4199,.T.);
#4407=ADVANCED_FACE('',(#170,#70),#4200,.T.);
#4408=ADVANCED_FACE('',(#171),#4201,.T.);
#4409=ADVANCED_FACE('',(#172),#42,.F.);
#4410=ADVANCED_FACE('',(#173),#43,.F.);
#4411=ADVANCED_FACE('',(#174),#44,.F.);
#4412=ADVANCED_FACE('',(#175),#4202,.T.);
#4413=ADVANCED_FACE('',(#176),#4203,.T.);
#4414=ADVANCED_FACE('',(#177),#45,.T.);
#4415=ADVANCED_FACE('',(#178),#4204,.T.);
#4416=ADVANCED_FACE('',(#179),#46,.T.);
#4417=ADVANCED_FACE('',(#180),#4205,.T.);
#4418=ADVANCED_FACE('',(#181),#4206,.T.);
#4419=ADVANCED_FACE('',(#182,#71,#72,#73,#74),#4207,.T.);
#4420=ADVANCED_FACE('',(#183,#75),#4208,.T.);
#4421=ADVANCED_FACE('',(#184,#76),#4209,.T.);
#4422=ADVANCED_FACE('',(#185),#4210,.T.);
#4423=ADVANCED_FACE('',(#186),#4211,.F.);
#4424=ADVANCED_FACE('',(#187),#4212,.F.);
#4425=ADVANCED_FACE('',(#188),#4213,.F.);
#4426=ADVANCED_FACE('',(#189),#4214,.F.);
#4427=ADVANCED_FACE('',(#190),#4215,.F.);
#4428=ADVANCED_FACE('',(#191),#4216,.F.);
#4429=ADVANCED_FACE('',(#192),#4217,.T.);
#4430=ADVANCED_FACE('',(#193),#4218,.T.);
#4431=ADVANCED_FACE('',(#194),#4219,.F.);
#4432=ADVANCED_FACE('',(#195),#4220,.T.);
#4433=ADVANCED_FACE('',(#196),#4221,.T.);
#4434=ADVANCED_FACE('',(#197),#4222,.F.);
#4435=ADVANCED_FACE('',(#198),#4223,.T.);
#4436=ADVANCED_FACE('',(#199),#4224,.T.);
#4437=ADVANCED_FACE('',(#200),#4225,.F.);
#4438=ADVANCED_FACE('',(#201),#4226,.T.);
#4439=ADVANCED_FACE('',(#202),#4227,.T.);
#4440=ADVANCED_FACE('',(#203),#4228,.F.);
#4441=ADVANCED_FACE('',(#204),#4229,.T.);
#4442=ADVANCED_FACE('',(#205),#4230,.T.);
#4443=ADVANCED_FACE('',(#206),#4231,.F.);
#4444=ADVANCED_FACE('',(#207),#4232,.F.);
#4445=ADVANCED_FACE('',(#208),#4233,.F.);
#4446=ADVANCED_FACE('',(#209),#4234,.F.);
#4447=ADVANCED_FACE('',(#210),#4235,.F.);
#4448=ADVANCED_FACE('',(#211),#4236,.F.);
#4449=ADVANCED_FACE('',(#212),#4237,.F.);
#4450=ADVANCED_FACE('',(#213),#4238,.F.);
#4451=ADVANCED_FACE('',(#214),#4239,.F.);
#4452=ADVANCED_FACE('',(#215),#4240,.F.);
#4453=ADVANCED_FACE('',(#216),#4241,.F.);
#4454=ADVANCED_FACE('',(#217),#4242,.F.);
#4455=ADVANCED_FACE('',(#218),#4243,.F.);
#4456=ADVANCED_FACE('',(#219),#4244,.F.);
#4457=ADVANCED_FACE('',(#220),#4245,.F.);
#4458=ADVANCED_FACE('',(#221),#4246,.F.);
#4459=ADVANCED_FACE('',(#222),#4247,.F.);
#4460=ADVANCED_FACE('',(#223),#4248,.F.);
#4461=ADVANCED_FACE('',(#224),#4249,.T.);
#4462=ADVANCED_FACE('',(#225),#4250,.T.);
#4463=ADVANCED_FACE('',(#226),#4251,.F.);
#4464=ADVANCED_FACE('',(#227),#4252,.T.);
#4465=ADVANCED_FACE('',(#228),#4253,.T.);
#4466=ADVANCED_FACE('',(#229),#4254,.T.);
#4467=ADVANCED_FACE('',(#230),#4255,.T.);
#4468=ADVANCED_FACE('',(#231),#4256,.T.);
#4469=ADVANCED_FACE('',(#232),#4257,.T.);
#4470=ADVANCED_FACE('',(#233),#4258,.T.);
#4471=ADVANCED_FACE('',(#234),#4259,.F.);
#4472=ADVANCED_FACE('',(#235),#4260,.T.);
#4473=ADVANCED_FACE('',(#236),#4261,.T.);
#4474=ADVANCED_FACE('',(#237),#4262,.T.);
#4475=ADVANCED_FACE('',(#238),#4263,.T.);
#4476=ADVANCED_FACE('',(#239),#4264,.T.);
#4477=ADVANCED_FACE('',(#240),#4265,.T.);
#4478=ADVANCED_FACE('',(#241),#4266,.T.);
#4479=ADVANCED_FACE('',(#242),#4267,.T.);
#4480=ADVANCED_FACE('',(#243),#4268,.T.);
#4481=ADVANCED_FACE('',(#244),#4269,.F.);
#4482=ADVANCED_FACE('',(#245),#4270,.T.);
#4483=ADVANCED_FACE('',(#246),#4271,.T.);
#4484=ADVANCED_FACE('',(#247),#4272,.T.);
#4485=ADVANCED_FACE('',(#248),#4273,.T.);
#4486=ADVANCED_FACE('',(#249),#4274,.T.);
#4487=ADVANCED_FACE('',(#250),#4275,.F.);
#4488=ADVANCED_FACE('',(#251),#4276,.F.);
#4489=ADVANCED_FACE('',(#252),#15,.F.);
#4490=ADVANCED_FACE('',(#253),#16,.F.);
#4491=ADVANCED_FACE('',(#254),#17,.F.);
#4492=ADVANCED_FACE('',(#255),#18,.F.);
#4493=ADVANCED_FACE('',(#256),#4277,.T.);
#4494=ADVANCED_FACE('',(#257),#4278,.T.);
#4495=ADVANCED_FACE('',(#258),#4279,.T.);
#4496=ADVANCED_FACE('',(#259),#4280,.F.);
#4497=ADVANCED_FACE('',(#260),#4281,.T.);
#4498=ADVANCED_FACE('',(#261),#4282,.T.);
#4499=ADVANCED_FACE('',(#262),#4283,.T.);
#4500=ADVANCED_FACE('',(#263),#4284,.F.);
#4501=ADVANCED_FACE('',(#264),#4285,.F.);
#4502=ADVANCED_FACE('',(#265),#4286,.F.);
#4503=ADVANCED_FACE('',(#266),#4287,.T.);
#4504=ADVANCED_FACE('',(#267),#4288,.T.);
#4505=ADVANCED_FACE('',(#268),#4289,.T.);
#4506=ADVANCED_FACE('',(#269),#4290,.T.);
#4507=ADVANCED_FACE('',(#270),#4291,.T.);
#4508=ADVANCED_FACE('',(#271),#4292,.F.);
#4509=ADVANCED_FACE('',(#272),#4293,.T.);
#4510=ADVANCED_FACE('',(#273),#4294,.F.);
#4511=ADVANCED_FACE('',(#274),#4295,.T.);
#4512=ADVANCED_FACE('',(#275),#4296,.F.);
#4513=ADVANCED_FACE('',(#276),#4297,.T.);
#4514=ADVANCED_FACE('',(#277),#4298,.F.);
#4515=ADVANCED_FACE('',(#278),#4299,.T.);
#4516=ADVANCED_FACE('',(#279),#4300,.F.);
#4517=ADVANCED_FACE('',(#280),#4301,.F.);
#4518=ADVANCED_FACE('',(#281),#4302,.T.);
#4519=ADVANCED_FACE('',(#282),#4303,.T.);
#4520=ADVANCED_FACE('',(#283),#4304,.F.);
#4521=ADVANCED_FACE('',(#284),#4305,.T.);
#4522=ADVANCED_FACE('',(#285),#4306,.F.);
#4523=ADVANCED_FACE('',(#286),#4307,.T.);
#4524=ADVANCED_FACE('',(#287),#4308,.T.);
#4525=ADVANCED_FACE('',(#288),#4309,.F.);
#4526=ADVANCED_FACE('',(#289),#4310,.T.);
#4527=ADVANCED_FACE('',(#290),#4311,.F.);
#4528=ADVANCED_FACE('',(#291),#4312,.F.);
#4529=ADVANCED_FACE('',(#292),#4313,.T.);
#4530=ADVANCED_FACE('',(#293),#4314,.T.);
#4531=ADVANCED_FACE('',(#294),#4315,.F.);
#4532=ADVANCED_FACE('',(#295),#4316,.T.);
#4533=ADVANCED_FACE('',(#296),#4317,.F.);
#4534=ADVANCED_FACE('',(#297),#4318,.F.);
#4535=ADVANCED_FACE('',(#298),#4319,.T.);
#4536=ADVANCED_FACE('',(#299),#4320,.T.);
#4537=ADVANCED_FACE('',(#300),#4321,.F.);
#4538=ADVANCED_FACE('',(#301),#4322,.T.);
#4539=ADVANCED_FACE('',(#302),#4323,.F.);
#4540=ADVANCED_FACE('',(#303),#4324,.F.);
#4541=ADVANCED_FACE('',(#304),#4325,.T.);
#4542=ADVANCED_FACE('',(#305),#4326,.T.);
#4543=ADVANCED_FACE('',(#306),#4327,.F.);
#4544=ADVANCED_FACE('',(#307),#4328,.T.);
#4545=ADVANCED_FACE('',(#308),#4329,.F.);
#4546=ADVANCED_FACE('',(#309),#4330,.T.);
#4547=ADVANCED_FACE('',(#310),#4331,.F.);
#4548=ADVANCED_FACE('',(#311),#4332,.T.);
#4549=ADVANCED_FACE('',(#312),#4333,.T.);
#4550=ADVANCED_FACE('',(#313),#4334,.F.);
#4551=ADVANCED_FACE('',(#314),#4335,.T.);
#4552=ADVANCED_FACE('',(#315),#4336,.F.);
#4553=ADVANCED_FACE('',(#316),#4337,.T.);
#4554=ADVANCED_FACE('',(#317),#4338,.F.);
#4555=ADVANCED_FACE('',(#318),#4339,.F.);
#4556=ADVANCED_FACE('',(#319),#4340,.T.);
#4557=ADVANCED_FACE('',(#320),#4341,.T.);
#4558=ADVANCED_FACE('',(#321),#4342,.F.);
#4559=ADVANCED_FACE('',(#322),#4343,.F.);
#4560=ADVANCED_FACE('',(#323),#4344,.T.);
#4561=ADVANCED_FACE('',(#324),#4345,.F.);
#4562=ADVANCED_FACE('',(#325),#4346,.T.);
#4563=ADVANCED_FACE('',(#326),#4347,.T.);
#4564=ADVANCED_FACE('',(#327),#4348,.F.);
#4565=ADVANCED_FACE('',(#328),#4349,.T.);
#4566=ADVANCED_FACE('',(#329,#77),#4350,.T.);
#4567=ADVANCED_FACE('',(#330),#19,.F.);
#4568=ADVANCED_FACE('',(#331),#20,.F.);
#4569=ADVANCED_FACE('',(#332),#21,.F.);
#4570=ADVANCED_FACE('',(#333),#4351,.T.);
#4571=ADVANCED_FACE('',(#334),#47,.F.);
#4572=ADVANCED_FACE('',(#335),#4352,.T.);
#4573=ADVANCED_FACE('',(#336),#48,.F.);
#4574=ADVANCED_FACE('',(#337),#49,.F.);
#4575=ADVANCED_FACE('',(#338),#50,.F.);
#4576=ADVANCED_FACE('',(#339),#22,.F.);
#4577=ADVANCED_FACE('',(#340),#23,.F.);
#4578=ADVANCED_FACE('',(#341),#24,.F.);
#4579=ADVANCED_FACE('',(#342),#4353,.T.);
#4580=ADVANCED_FACE('',(#343),#4354,.T.);
#4581=ADVANCED_FACE('',(#344),#4355,.F.);
#4582=ADVANCED_FACE('',(#345),#4356,.F.);
#4583=ADVANCED_FACE('',(#346),#4357,.F.);
#4584=ADVANCED_FACE('',(#347),#51,.F.);
#4585=ADVANCED_FACE('',(#348),#4358,.F.);
#4586=ADVANCED_FACE('',(#349),#4359,.T.);
#4587=ADVANCED_FACE('',(#350,#78),#4360,.T.);
#4588=ADVANCED_FACE('',(#351),#52,.F.);
#4589=ADVANCED_FACE('',(#352),#4361,.F.);
#4590=ADVANCED_FACE('',(#353),#53,.F.);
#4591=ADVANCED_FACE('',(#354),#54,.F.);
#4592=ADVANCED_FACE('',(#355),#55,.F.);
#4593=ADVANCED_FACE('',(#356),#4362,.T.);
#4594=ADVANCED_FACE('',(#357),#4363,.T.);
#4595=ADVANCED_FACE('',(#358),#4364,.T.);
#4596=ADVANCED_FACE('',(#359),#4365,.F.);
#4597=ADVANCED_FACE('',(#360),#4366,.T.);
#4598=ADVANCED_FACE('',(#361),#56,.F.);
#4599=ADVANCED_FACE('',(#362),#4367,.F.);
#4600=ADVANCED_FACE('',(#363),#4368,.F.);
#4601=ADVANCED_FACE('',(#364),#4369,.F.);
#4602=ADVANCED_FACE('',(#365),#4370,.F.);
#4603=ADVANCED_FACE('',(#366),#4371,.F.);
#4604=ADVANCED_FACE('',(#367),#4372,.F.);
#4605=ADVANCED_FACE('',(#368),#4373,.F.);
#4606=ADVANCED_FACE('',(#369),#57,.F.);
#4607=ADVANCED_FACE('',(#370),#4374,.T.);
#4608=ADVANCED_FACE('',(#371),#4375,.F.);
#4609=ADVANCED_FACE('',(#372),#4376,.T.);
#4610=ADVANCED_FACE('',(#373),#4377,.F.);
#4611=ADVANCED_FACE('',(#374),#4378,.F.);
#4612=ADVANCED_FACE('',(#375),#4379,.F.);
#4613=CLOSED_SHELL('',(#4380,#4381,#4382,#4383,#4384,#4385,#4386,#4387,
#4388,#4389,#4390,#4391,#4392,#4393,#4394,#4395,#4396,#4397,#4398,#4399,
#4400,#4401,#4402,#4403,#4404,#4405,#4406,#4407,#4408,#4409,#4410,#4411,
#4412,#4413,#4414,#4415,#4416,#4417,#4418,#4419,#4420,#4421,#4422,#4423,
#4424,#4425,#4426,#4427,#4428,#4429,#4430,#4431,#4432,#4433,#4434,#4435,
#4436,#4437,#4438,#4439,#4440,#4441,#4442,#4443,#4444,#4445,#4446,#4447,
#4448,#4449,#4450,#4451,#4452,#4453,#4454,#4455,#4456,#4457,#4458,#4459,
#4460,#4461,#4462,#4463,#4464,#4465,#4466,#4467,#4468,#4469,#4470,#4471,
#4472,#4473,#4474,#4475,#4476,#4477,#4478,#4479,#4480,#4481,#4482,#4483,
#4484,#4485,#4486,#4487,#4488,#4489,#4490,#4491,#4492,#4493,#4494,#4495,
#4496,#4497,#4498,#4499,#4500,#4501,#4502,#4503,#4504,#4505,#4506,#4507,
#4508,#4509,#4510,#4511,#4512,#4513,#4514,#4515,#4516,#4517,#4518,#4519,
#4520,#4521,#4522,#4523,#4524,#4525,#4526,#4527,#4528,#4529,#4530,#4531,
#4532,#4533,#4534,#4535,#4536,#4537,#4538,#4539,#4540,#4541,#4542,#4543,
#4544,#4545,#4546,#4547,#4548,#4549,#4550,#4551,#4552,#4553,#4554,#4555,
#4556,#4557,#4558,#4559,#4560,#4561,#4562,#4563,#4564,#4565,#4566,#4567,
#4568,#4569,#4570,#4571,#4572,#4573,#4574,#4575,#4576,#4577,#4578,#4579,
#4580,#4581,#4582,#4583,#4584,#4585,#4586,#4587,#4588,#4589,#4590,#4591,
#4592,#4593,#4594,#4595,#4596,#4597,#4598,#4599,#4600,#4601,#4602,#4603,
#4604,#4605,#4606,#4607,#4608,#4609,#4610,#4611,#4612));
#4614=DERIVED_UNIT_ELEMENT(#4616,1.);
#4615=DERIVED_UNIT_ELEMENT(#7445,-3.);
#4616=(
MASS_UNIT()
NAMED_UNIT(*)
SI_UNIT(.KILO.,.GRAM.)
);
#4617=DERIVED_UNIT((#4614,#4615));
#4618=MEASURE_REPRESENTATION_ITEM('density measure',
POSITIVE_RATIO_MEASURE(7850.),#4617);
#4619=PROPERTY_DEFINITION_REPRESENTATION(#4624,#4621);
#4620=PROPERTY_DEFINITION_REPRESENTATION(#4625,#4622);
#4621=REPRESENTATION('material name',(#4623),#7442);
#4622=REPRESENTATION('density',(#4618),#7442);
#4623=DESCRIPTIVE_REPRESENTATION_ITEM('Steel','Steel');
#4624=PROPERTY_DEFINITION('material property','material name',#7452);
#4625=PROPERTY_DEFINITION('material property','density of part',#7452);
#4626=AXIS2_PLACEMENT_3D('',#6098,#4924,#4925);
#4627=AXIS2_PLACEMENT_3D('',#6099,#4926,#4927);
#4628=AXIS2_PLACEMENT_3D('',#6108,#4932,#4933);
#4629=AXIS2_PLACEMENT_3D('',#6117,#4938,#4939);
#4630=AXIS2_PLACEMENT_3D('',#6126,#4944,#4945);
#4631=AXIS2_PLACEMENT_3D('',#6135,#4950,#4951);
#4632=AXIS2_PLACEMENT_3D('',#6144,#4956,#4957);
#4633=AXIS2_PLACEMENT_3D('',#6153,#4962,#4963);
#4634=AXIS2_PLACEMENT_3D('',#6167,#4971,#4972);
#4635=AXIS2_PLACEMENT_3D('',#6196,#4990,#4991);
#4636=AXIS2_PLACEMENT_3D('',#6204,#4996,#4997);
#4637=AXIS2_PLACEMENT_3D('',#6212,#5002,#5003);
#4638=AXIS2_PLACEMENT_3D('',#6220,#5008,#5009);
#4639=AXIS2_PLACEMENT_3D('',#6228,#5014,#5015);
#4640=AXIS2_PLACEMENT_3D('',#6236,#5020,#5021);
#4641=AXIS2_PLACEMENT_3D('',#6248,#5028,#5029);
#4642=AXIS2_PLACEMENT_3D('',#6262,#5036,#5037);
#4643=AXIS2_PLACEMENT_3D('',#6264,#5038,#5039);
#4644=AXIS2_PLACEMENT_3D('',#6276,#5045,#5046);
#4645=AXIS2_PLACEMENT_3D('',#6278,#5047,#5048);
#4646=AXIS2_PLACEMENT_3D('',#6350,#5084,#5085);
#4647=AXIS2_PLACEMENT_3D('',#6352,#5086,#5087);
#4648=AXIS2_PLACEMENT_3D('',#6364,#5093,#5094);
#4649=AXIS2_PLACEMENT_3D('',#6366,#5095,#5096);
#4650=AXIS2_PLACEMENT_3D('',#6428,#5127,#5128);
#4651=AXIS2_PLACEMENT_3D('',#6435,#5132,#5133);
#4652=AXIS2_PLACEMENT_3D('',#6437,#5134,#5135);
#4653=AXIS2_PLACEMENT_3D('',#6438,#5136,#5137);
#4654=AXIS2_PLACEMENT_3D('',#6440,#5138,#5139);
#4655=AXIS2_PLACEMENT_3D('',#6443,#5141,#5142);
#4656=AXIS2_PLACEMENT_3D('',#6444,#5143,#5144);
#4657=AXIS2_PLACEMENT_3D('',#6446,#5145,#5146);
#4658=AXIS2_PLACEMENT_3D('',#6449,#5148,#5149);
#4659=AXIS2_PLACEMENT_3D('',#6450,#5150,#5151);
#4660=AXIS2_PLACEMENT_3D('',#6452,#5152,#5153);
#4661=AXIS2_PLACEMENT_3D('',#6455,#5155,#5156);
#4662=AXIS2_PLACEMENT_3D('',#6456,#5157,#5158);
#4663=AXIS2_PLACEMENT_3D('',#6465,#5163,#5164);
#4664=AXIS2_PLACEMENT_3D('',#6471,#5168,#5169);
#4665=AXIS2_PLACEMENT_3D('',#6480,#5174,#5175);
#4666=AXIS2_PLACEMENT_3D('',#6486,#5179,#5180);
#4667=AXIS2_PLACEMENT_3D('',#6488,#5181,#5182);
#4668=AXIS2_PLACEMENT_3D('',#6490,#5183,#5184);
#4669=AXIS2_PLACEMENT_3D('',#6492,#5186,#5187);
#4670=AXIS2_PLACEMENT_3D('',#6498,#5191,#5192);
#4671=AXIS2_PLACEMENT_3D('',#6499,#5193,#5194);
#4672=AXIS2_PLACEMENT_3D('',#6500,#5195,#5196);
#4673=AXIS2_PLACEMENT_3D('',#6501,#5197,#5198);
#4674=AXIS2_PLACEMENT_3D('',#6507,#5202,#5203);
#4675=AXIS2_PLACEMENT_3D('',#6509,#5204,#5205);
#4676=AXIS2_PLACEMENT_3D('',#6510,#5206,#5207);
#4677=AXIS2_PLACEMENT_3D('',#6512,#5208,#5209);
#4678=AXIS2_PLACEMENT_3D('',#6513,#5210,#5211);
#4679=AXIS2_PLACEMENT_3D('',#6523,#5217,#5218);
#4680=AXIS2_PLACEMENT_3D('',#6525,#5219,#5220);
#4681=AXIS2_PLACEMENT_3D('',#6528,#5222,#5223);
#4682=AXIS2_PLACEMENT_3D('',#6529,#5224,#5225);
#4683=AXIS2_PLACEMENT_3D('',#6531,#5226,#5227);
#4684=AXIS2_PLACEMENT_3D('',#6534,#5229,#5230);
#4685=AXIS2_PLACEMENT_3D('',#6535,#5231,#5232);
#4686=AXIS2_PLACEMENT_3D('',#6537,#5233,#5234);
#4687=AXIS2_PLACEMENT_3D('',#6540,#5236,#5237);
#4688=AXIS2_PLACEMENT_3D('',#6541,#5238,#5239);
#4689=AXIS2_PLACEMENT_3D('',#6550,#5244,#5245);
#4690=AXIS2_PLACEMENT_3D('',#6556,#5249,#5250);
#4691=AXIS2_PLACEMENT_3D('',#6558,#5251,#5252);
#4692=AXIS2_PLACEMENT_3D('',#6560,#5253,#5254);
#4693=AXIS2_PLACEMENT_3D('',#6562,#5256,#5257);
#4694=AXIS2_PLACEMENT_3D('',#6568,#5261,#5262);
#4695=AXIS2_PLACEMENT_3D('',#6570,#5263,#5264);
#4696=AXIS2_PLACEMENT_3D('',#6572,#5265,#5266);
#4697=AXIS2_PLACEMENT_3D('',#6574,#5268,#5269);
#4698=AXIS2_PLACEMENT_3D('',#6580,#5273,#5274);
#4699=AXIS2_PLACEMENT_3D('',#6586,#5278,#5279);
#4700=AXIS2_PLACEMENT_3D('',#6608,#5291,#5292);
#4701=AXIS2_PLACEMENT_3D('',#6610,#5293,#5294);
#4702=AXIS2_PLACEMENT_3D('',#6611,#5295,#5296);
#4703=AXIS2_PLACEMENT_3D('',#6613,#5297,#5298);
#4704=AXIS2_PLACEMENT_3D('',#6614,#5299,#5300);
#4705=AXIS2_PLACEMENT_3D('',#6624,#5306,#5307);
#4706=AXIS2_PLACEMENT_3D('',#6630,#5311,#5312);
#4707=AXIS2_PLACEMENT_3D('',#6636,#5316,#5317);
#4708=AXIS2_PLACEMENT_3D('',#6642,#5321,#5322);
#4709=AXIS2_PLACEMENT_3D('',#6648,#5326,#5327);
#4710=AXIS2_PLACEMENT_3D('',#6654,#5331,#5332);
#4711=AXIS2_PLACEMENT_3D('',#6658,#5335,#5336);
#4712=AXIS2_PLACEMENT_3D('',#6662,#5339,#5340);
#4713=AXIS2_PLACEMENT_3D('',#6664,#5342,#5343);
#4714=AXIS2_PLACEMENT_3D('',#6668,#5346,#5347);
#4715=AXIS2_PLACEMENT_3D('',#6672,#5350,#5351);
#4716=AXIS2_PLACEMENT_3D('',#6674,#5353,#5354);
#4717=AXIS2_PLACEMENT_3D('',#6678,#5357,#5358);
#4718=AXIS2_PLACEMENT_3D('',#6682,#5361,#5362);
#4719=AXIS2_PLACEMENT_3D('',#6684,#5364,#5365);
#4720=AXIS2_PLACEMENT_3D('',#6688,#5368,#5369);
#4721=AXIS2_PLACEMENT_3D('',#6692,#5372,#5373);
#4722=AXIS2_PLACEMENT_3D('',#6694,#5375,#5376);
#4723=AXIS2_PLACEMENT_3D('',#6698,#5379,#5380);
#4724=AXIS2_PLACEMENT_3D('',#6702,#5383,#5384);
#4725=AXIS2_PLACEMENT_3D('',#6704,#5386,#5387);
#4726=AXIS2_PLACEMENT_3D('',#6710,#5391,#5392);
#4727=AXIS2_PLACEMENT_3D('',#6716,#5396,#5397);
#4728=AXIS2_PLACEMENT_3D('',#6722,#5401,#5402);
#4729=AXIS2_PLACEMENT_3D('',#6728,#5406,#5407);
#4730=AXIS2_PLACEMENT_3D('',#6734,#5411,#5412);
#4731=AXIS2_PLACEMENT_3D('',#6740,#5416,#5417);
#4732=AXIS2_PLACEMENT_3D('',#6746,#5421,#5422);
#4733=AXIS2_PLACEMENT_3D('',#6752,#5426,#5427);
#4734=AXIS2_PLACEMENT_3D('',#6756,#5430,#5431);
#4735=AXIS2_PLACEMENT_3D('',#6757,#5432,#5433);
#4736=AXIS2_PLACEMENT_3D('',#6758,#5434,#5435);
#4737=AXIS2_PLACEMENT_3D('',#6759,#5436,#5437);
#4738=AXIS2_PLACEMENT_3D('',#6760,#5438,#5439);
#4739=AXIS2_PLACEMENT_3D('',#6761,#5440,#5441);
#4740=AXIS2_PLACEMENT_3D('',#6765,#5444,#5445);
#4741=AXIS2_PLACEMENT_3D('',#6771,#5449,#5450);
#4742=AXIS2_PLACEMENT_3D('',#6777,#5454,#5455);
#4743=AXIS2_PLACEMENT_3D('',#6783,#5459,#5460);
#4744=AXIS2_PLACEMENT_3D('',#6789,#5462,#5463);
#4745=AXIS2_PLACEMENT_3D('',#6792,#5465,#5466);
#4746=AXIS2_PLACEMENT_3D('',#6793,#5467,#5468);
#4747=AXIS2_PLACEMENT_3D('',#6805,#5473,#5474);
#4748=AXIS2_PLACEMENT_3D('',#6813,#5479,#5480);
#4749=AXIS2_PLACEMENT_3D('',#6815,#5482,#5483);
#4750=AXIS2_PLACEMENT_3D('',#6823,#5488,#5489);
#4751=AXIS2_PLACEMENT_3D('',#6825,#5491,#5492);
#4752=AXIS2_PLACEMENT_3D('',#6833,#5497,#5498);
#4753=AXIS2_PLACEMENT_3D('',#6841,#5503,#5504);
#4754=AXIS2_PLACEMENT_3D('',#6843,#5506,#5507);
#4755=AXIS2_PLACEMENT_3D('',#6849,#5509,#5510);
#4756=AXIS2_PLACEMENT_3D('',#6857,#5515,#5516);
#4757=AXIS2_PLACEMENT_3D('',#6865,#5521,#5522);
#4758=AXIS2_PLACEMENT_3D('',#6867,#5524,#5525);
#4759=AXIS2_PLACEMENT_3D('',#6870,#5527,#5528);
#4760=AXIS2_PLACEMENT_3D('',#6871,#5529,#5530);
#4761=AXIS2_PLACEMENT_3D('',#6885,#5536,#5537);
#4762=AXIS2_PLACEMENT_3D('',#6897,#5542,#5543);
#4763=AXIS2_PLACEMENT_3D('',#6905,#5548,#5549);
#4764=AXIS2_PLACEMENT_3D('',#6913,#5554,#5555);
#4765=AXIS2_PLACEMENT_3D('',#6915,#5557,#5558);
#4766=AXIS2_PLACEMENT_3D('',#6923,#5563,#5564);
#4767=AXIS2_PLACEMENT_3D('',#6925,#5566,#5567);
#4768=AXIS2_PLACEMENT_3D('',#6931,#5571,#5572);
#4769=AXIS2_PLACEMENT_3D('',#6937,#5576,#5577);
#4770=AXIS2_PLACEMENT_3D('',#6945,#5582,#5583);
#4771=AXIS2_PLACEMENT_3D('',#6949,#5586,#5587);
#4772=AXIS2_PLACEMENT_3D('',#6957,#5592,#5593);
#4773=AXIS2_PLACEMENT_3D('',#6963,#5597,#5598);
#4774=AXIS2_PLACEMENT_3D('',#6968,#5599,#5600);
#4775=AXIS2_PLACEMENT_3D('',#6969,#5601,#5602);
#4776=AXIS2_PLACEMENT_3D('',#6970,#5603,#5604);
#4777=AXIS2_PLACEMENT_3D('',#6972,#5605,#5606);
#4778=AXIS2_PLACEMENT_3D('',#6976,#5607,#5608);
#4779=AXIS2_PLACEMENT_3D('',#6977,#5609,#5610);
#4780=AXIS2_PLACEMENT_3D('',#6982,#5611,#5612);
#4781=AXIS2_PLACEMENT_3D('',#6987,#5613,#5614);
#4782=AXIS2_PLACEMENT_3D('',#6988,#5615,#5616);
#4783=AXIS2_PLACEMENT_3D('',#6989,#5617,#5618);
#4784=AXIS2_PLACEMENT_3D('',#6994,#5619,#5620);
#4785=AXIS2_PLACEMENT_3D('',#7000,#5621,#5622);
#4786=AXIS2_PLACEMENT_3D('',#7005,#5623,#5624);
#4787=AXIS2_PLACEMENT_3D('',#7006,#5625,#5626);
#4788=AXIS2_PLACEMENT_3D('',#7014,#5631,#5632);
#4789=AXIS2_PLACEMENT_3D('',#7016,#5634,#5635);
#4790=AXIS2_PLACEMENT_3D('',#7024,#5640,#5641);
#4791=AXIS2_PLACEMENT_3D('',#7033,#5647,#5648);
#4792=AXIS2_PLACEMENT_3D('',#7035,#5650,#5651);
#4793=AXIS2_PLACEMENT_3D('',#7036,#5652,#5653);
#4794=AXIS2_PLACEMENT_3D('',#7038,#5655,#5656);
#4795=AXIS2_PLACEMENT_3D('',#7046,#5661,#5662);
#4796=AXIS2_PLACEMENT_3D('',#7048,#5664,#5665);
#4797=AXIS2_PLACEMENT_3D('',#7056,#5670,#5671);
#4798=AXIS2_PLACEMENT_3D('',#7058,#5673,#5674);
#4799=AXIS2_PLACEMENT_3D('',#7059,#5675,#5676);
#4800=AXIS2_PLACEMENT_3D('',#7061,#5678,#5679);
#4801=AXIS2_PLACEMENT_3D('',#7070,#5684,#5685);
#4802=AXIS2_PLACEMENT_3D('',#7079,#5690,#5691);
#4803=AXIS2_PLACEMENT_3D('',#7085,#5695,#5696);
#4804=AXIS2_PLACEMENT_3D('',#7088,#5699,#5700);
#4805=AXIS2_PLACEMENT_3D('',#7089,#5701,#5702);
#4806=AXIS2_PLACEMENT_3D('',#7092,#5705,#5706);
#4807=AXIS2_PLACEMENT_3D('',#7093,#5707,#5708);
#4808=AXIS2_PLACEMENT_3D('',#7099,#5712,#5713);
#4809=AXIS2_PLACEMENT_3D('',#7101,#5715,#5716);
#4810=AXIS2_PLACEMENT_3D('',#7104,#5719,#5720);
#4811=AXIS2_PLACEMENT_3D('',#7105,#5721,#5722);
#4812=AXIS2_PLACEMENT_3D('',#7107,#5724,#5725);
#4813=AXIS2_PLACEMENT_3D('',#7109,#5727,#5728);
#4814=AXIS2_PLACEMENT_3D('',#7112,#5731,#5732);
#4815=AXIS2_PLACEMENT_3D('',#7113,#5733,#5734);
#4816=AXIS2_PLACEMENT_3D('',#7116,#5737,#5738);
#4817=AXIS2_PLACEMENT_3D('',#7117,#5739,#5740);
#4818=AXIS2_PLACEMENT_3D('',#7121,#5743,#5744);
#4819=AXIS2_PLACEMENT_3D('',#7127,#5748,#5749);
#4820=AXIS2_PLACEMENT_3D('',#7129,#5751,#5752);
#4821=AXIS2_PLACEMENT_3D('',#7132,#5755,#5756);
#4822=AXIS2_PLACEMENT_3D('',#7133,#5757,#5758);
#4823=AXIS2_PLACEMENT_3D('',#7135,#5760,#5761);
#4824=AXIS2_PLACEMENT_3D('',#7139,#5764,#5765);
#4825=AXIS2_PLACEMENT_3D('',#7145,#5769,#5770);
#4826=AXIS2_PLACEMENT_3D('',#7147,#5772,#5773);
#4827=AXIS2_PLACEMENT_3D('',#7150,#5776,#5777);
#4828=AXIS2_PLACEMENT_3D('',#7151,#5778,#5779);
#4829=AXIS2_PLACEMENT_3D('',#7153,#5781,#5782);
#4830=AXIS2_PLACEMENT_3D('',#7157,#5785,#5786);
#4831=AXIS2_PLACEMENT_3D('',#7163,#5790,#5791);
#4832=AXIS2_PLACEMENT_3D('',#7165,#5793,#5794);
#4833=AXIS2_PLACEMENT_3D('',#7168,#5797,#5798);
#4834=AXIS2_PLACEMENT_3D('',#7169,#5799,#5800);
#4835=AXIS2_PLACEMENT_3D('',#7171,#5802,#5803);
#4836=AXIS2_PLACEMENT_3D('',#7177,#5807,#5808);
#4837=AXIS2_PLACEMENT_3D('',#7186,#5813,#5814);
#4838=AXIS2_PLACEMENT_3D('',#7189,#5817,#5818);
#4839=AXIS2_PLACEMENT_3D('',#7192,#5821,#5822);
#4840=AXIS2_PLACEMENT_3D('',#7193,#5823,#5824);
#4841=AXIS2_PLACEMENT_3D('',#7195,#5826,#5827);
#4842=AXIS2_PLACEMENT_3D('',#7197,#5829,#5830);
#4843=AXIS2_PLACEMENT_3D('',#7203,#5834,#5835);
#4844=AXIS2_PLACEMENT_3D('',#7212,#5840,#5841);
#4845=AXIS2_PLACEMENT_3D('',#7215,#5844,#5845);
#4846=AXIS2_PLACEMENT_3D('',#7218,#5848,#5849);
#4847=AXIS2_PLACEMENT_3D('',#7219,#5850,#5851);
#4848=AXIS2_PLACEMENT_3D('',#7221,#5853,#5854);
#4849=AXIS2_PLACEMENT_3D('',#7223,#5856,#5857);
#4850=AXIS2_PLACEMENT_3D('',#7229,#5861,#5862);
#4851=AXIS2_PLACEMENT_3D('',#7233,#5865,#5866);
#4852=AXIS2_PLACEMENT_3D('',#7242,#5872,#5873);
#4853=AXIS2_PLACEMENT_3D('',#7244,#5875,#5876);
#4854=AXIS2_PLACEMENT_3D('',#7247,#5879,#5880);
#4855=AXIS2_PLACEMENT_3D('',#7256,#5885,#5886);
#4856=AXIS2_PLACEMENT_3D('',#7262,#5890,#5891);
#4857=AXIS2_PLACEMENT_3D('',#7266,#5894,#5895);
#4858=AXIS2_PLACEMENT_3D('',#7278,#5902,#5903);
#4859=AXIS2_PLACEMENT_3D('',#7280,#5905,#5906);
#4860=AXIS2_PLACEMENT_3D('',#7283,#5909,#5910);
#4861=AXIS2_PLACEMENT_3D('',#7285,#5911,#5912);
#4862=AXIS2_PLACEMENT_3D('',#7286,#5913,#5914);
#4863=AXIS2_PLACEMENT_3D('',#7289,#5916,#5917);
#4864=AXIS2_PLACEMENT_3D('',#7290,#5918,#5919);
#4865=AXIS2_PLACEMENT_3D('',#7293,#5921,#5922);
#4866=AXIS2_PLACEMENT_3D('',#7294,#5923,#5924);
#4867=AXIS2_PLACEMENT_3D('',#7297,#5926,#5927);
#4868=AXIS2_PLACEMENT_3D('',#7298,#5928,#5929);
#4869=AXIS2_PLACEMENT_3D('',#7304,#5933,#5934);
#4870=AXIS2_PLACEMENT_3D('',#7306,#5935,#5936);
#4871=AXIS2_PLACEMENT_3D('',#7308,#5938,#5939);
#4872=AXIS2_PLACEMENT_3D('',#7312,#5942,#5943);
#4873=AXIS2_PLACEMENT_3D('',#7314,#5945,#5946);
#4874=AXIS2_PLACEMENT_3D('',#7317,#5948,#5949);
#4875=AXIS2_PLACEMENT_3D('',#7318,#5950,#5951);
#4876=AXIS2_PLACEMENT_3D('',#7320,#5953,#5954);
#4877=AXIS2_PLACEMENT_3D('',#7323,#5956,#5957);
#4878=AXIS2_PLACEMENT_3D('',#7324,#5958,#5959);
#4879=AXIS2_PLACEMENT_3D('',#7327,#5961,#5962);
#4880=AXIS2_PLACEMENT_3D('',#7328,#5963,#5964);
#4881=AXIS2_PLACEMENT_3D('',#7331,#5966,#5967);
#4882=AXIS2_PLACEMENT_3D('',#7332,#5968,#5969);
#4883=AXIS2_PLACEMENT_3D('',#7336,#5972,#5973);
#4884=AXIS2_PLACEMENT_3D('',#7340,#5976,#5977);
#4885=AXIS2_PLACEMENT_3D('',#7346,#5981,#5982);
#4886=AXIS2_PLACEMENT_3D('',#7363,#5991,#5992);
#4887=AXIS2_PLACEMENT_3D('',#7366,#5995,#5996);
#4888=AXIS2_PLACEMENT_3D('',#7368,#5997,#5998);
#4889=AXIS2_PLACEMENT_3D('',#7371,#6000,#6001);
#4890=AXIS2_PLACEMENT_3D('',#7372,#6002,#6003);
#4891=AXIS2_PLACEMENT_3D('',#7378,#6007,#6008);
#4892=AXIS2_PLACEMENT_3D('',#7381,#6011,#6012);
#4893=AXIS2_PLACEMENT_3D('',#7382,#6013,#6014);
#4894=AXIS2_PLACEMENT_3D('',#7384,#6015,#6016);
#4895=AXIS2_PLACEMENT_3D('',#7387,#6018,#6019);
#4896=AXIS2_PLACEMENT_3D('',#7388,#6020,#6021);
#4897=AXIS2_PLACEMENT_3D('',#7394,#6025,#6026);
#4898=AXIS2_PLACEMENT_3D('',#7396,#6028,#6029);
#4899=AXIS2_PLACEMENT_3D('',#7398,#6031,#6032);
#4900=AXIS2_PLACEMENT_3D('',#7400,#6034,#6035);
#4901=AXIS2_PLACEMENT_3D('',#7403,#6038,#6039);
#4902=AXIS2_PLACEMENT_3D('',#7405,#6041,#6042);
#4903=AXIS2_PLACEMENT_3D('',#7407,#6044,#6045);
#4904=AXIS2_PLACEMENT_3D('',#7408,#6046,#6047);
#4905=AXIS2_PLACEMENT_3D('',#7411,#6050,#6051);
#4906=AXIS2_PLACEMENT_3D('',#7412,#6052,#6053);
#4907=AXIS2_PLACEMENT_3D('',#7413,#6054,#6055);
#4908=AXIS2_PLACEMENT_3D('',#7414,#6056,#6057);
#4909=AXIS2_PLACEMENT_3D('',#7416,#6059,#6060);
#4910=AXIS2_PLACEMENT_3D('',#7418,#6062,#6063);
#4911=AXIS2_PLACEMENT_3D('',#7420,#6065,#6066);
#4912=AXIS2_PLACEMENT_3D('',#7422,#6068,#6069);
#4913=AXIS2_PLACEMENT_3D('',#7424,#6071,#6072);
#4914=AXIS2_PLACEMENT_3D('',#7426,#6074,#6075);
#4915=AXIS2_PLACEMENT_3D('',#7427,#6076,#6077);
#4916=AXIS2_PLACEMENT_3D('',#7428,#6078,#6079);
#4917=AXIS2_PLACEMENT_3D('',#7429,#6080,#6081);
#4918=AXIS2_PLACEMENT_3D('',#7430,#6082,#6083);
#4919=AXIS2_PLACEMENT_3D('',#7433,#6086,#6087);
#4920=AXIS2_PLACEMENT_3D('',#7434,#6088,#6089);
#4921=AXIS2_PLACEMENT_3D('',#7437,#6092,#6093);
#4922=AXIS2_PLACEMENT_3D('',#7438,#6094,#6095);
#4923=AXIS2_PLACEMENT_3D('',#7439,#6096,#6097);
#4924=DIRECTION('axis',(0.,0.,1.));
#4925=DIRECTION('refdir',(1.,0.,0.));
#4926=DIRECTION('center_axis',(-1.19081435823074E-32,0.,1.));
#4927=DIRECTION('ref_axis',(0.,-1.,0.));
#4928=DIRECTION('',(0.,1.,0.));
#4929=DIRECTION('',(1.,0.,1.19081435823074E-32));
#4930=DIRECTION('',(0.,-1.,0.));
#4931=DIRECTION('',(-1.,0.,-1.19081435823074E-32));
#4932=DIRECTION('center_axis',(-1.19081435823074E-32,0.,1.));
#4933=DIRECTION('ref_axis',(0.,-1.,0.));
#4934=DIRECTION('',(0.,1.,0.));
#4935=DIRECTION('',(1.,0.,1.19081435823074E-32));
#4936=DIRECTION('',(0.,-1.,0.));
#4937=DIRECTION('',(-1.,0.,-1.19081435823074E-32));
#4938=DIRECTION('center_axis',(-1.19081435823074E-32,0.,1.));
#4939=DIRECTION('ref_axis',(0.,-1.,0.));
#4940=DIRECTION('',(0.,1.,0.));
#4941=DIRECTION('',(1.,0.,1.19081435823074E-32));
#4942=DIRECTION('',(0.,-1.,0.));
#4943=DIRECTION('',(-1.,0.,-1.19081435823074E-32));
#4944=DIRECTION('center_axis',(-1.19081435823074E-32,0.,1.));
#4945=DIRECTION('ref_axis',(0.,-1.,0.));
#4946=DIRECTION('',(0.,1.,0.));
#4947=DIRECTION('',(1.,0.,1.19081435823074E-32));
#4948=DIRECTION('',(0.,-1.,0.));
#4949=DIRECTION('',(-1.,0.,-1.19081435823074E-32));
#4950=DIRECTION('center_axis',(-1.19081435823074E-32,0.,1.));
#4951=DIRECTION('ref_axis',(0.,-1.,0.));
#4952=DIRECTION('',(0.,1.,0.));
#4953=DIRECTION('',(1.,0.,1.19081435823074E-32));
#4954=DIRECTION('',(0.,-1.,0.));
#4955=DIRECTION('',(-1.,0.,-1.19081435823074E-32));
#4956=DIRECTION('center_axis',(-1.19081435823074E-32,0.,1.));
#4957=DIRECTION('ref_axis',(0.,-1.,0.));
#4958=DIRECTION('',(0.,-1.,0.));
#4959=DIRECTION('',(-1.,0.,-1.19081435823074E-32));
#4960=DIRECTION('',(0.,1.,0.));
#4961=DIRECTION('',(1.,0.,1.19081435823074E-32));
#4962=DIRECTION('center_axis',(-1.,0.,2.71926214689378E-32));
#4963=DIRECTION('ref_axis',(2.71926214689378E-32,0.,1.));
#4964=DIRECTION('',(2.71926214689378E-32,0.,1.));
#4965=DIRECTION('',(-2.71926214689378E-32,0.,-1.));
#4966=DIRECTION('',(0.,1.,0.));
#4967=DIRECTION('',(1.97057596545677E-46,0.,-1.));
#4968=DIRECTION('',(0.,1.,0.));
#4969=DIRECTION('',(-2.71926214689378E-32,0.,-1.));
#4970=DIRECTION('',(3.33013568423603E-48,-1.,1.22464679914735E-16));
#4971=DIRECTION('center_axis',(0.,1.,0.));
#4972=DIRECTION('ref_axis',(-1.,0.,0.));
#4973=DIRECTION('',(-2.71926214689378E-32,0.,-1.));
#4974=DIRECTION('',(1.,0.,-2.71926214689378E-32));
#4975=DIRECTION('',(0.,0.,1.));
#4976=DIRECTION('',(-1.,0.,2.71926214689378E-32));
#4977=DIRECTION('',(0.,0.,-1.));
#4978=DIRECTION('',(-2.71926214689378E-32,0.,-1.));
#4979=DIRECTION('',(1.,0.,-2.71926214689378E-32));
#4980=DIRECTION('',(0.,0.,1.));
#4981=DIRECTION('',(-2.71926214689378E-32,0.,-1.));
#4982=DIRECTION('',(1.,0.,-2.71926214689378E-32));
#4983=DIRECTION('',(0.,0.,1.));
#4984=DIRECTION('',(-2.71926214689378E-32,0.,-1.));
#4985=DIRECTION('',(1.,0.,-2.71926214689378E-32));
#4986=DIRECTION('',(0.,0.,1.));
#4987=DIRECTION('',(-2.71926214689378E-32,0.,-1.));
#4988=DIRECTION('',(1.,0.,-2.71926214689378E-32));
#4989=DIRECTION('',(0.,0.,1.));
#4990=DIRECTION('center_axis',(-1.,0.,2.71926214689378E-32));
#4991=DIRECTION('ref_axis',(2.71926214689378E-32,0.,1.));
#4992=DIRECTION('',(-2.71926214689378E-32,0.,-1.));
#4993=DIRECTION('',(0.,1.,0.));
#4994=DIRECTION('',(1.97057596545677E-46,0.,-1.));
#4995=DIRECTION('',(0.,1.,0.));
#4996=DIRECTION('center_axis',(-1.,0.,2.71926214689378E-32));
#4997=DIRECTION('ref_axis',(2.71926214689378E-32,0.,1.));
#4998=DIRECTION('',(-2.71926214689378E-32,0.,-1.));
#4999=DIRECTION('',(0.,1.,0.));
#5000=DIRECTION('',(1.97057596545677E-46,0.,-1.));
#5001=DIRECTION('',(0.,1.,0.));
#5002=DIRECTION('center_axis',(-1.,0.,2.71926214689378E-32));
#5003=DIRECTION('ref_axis',(2.71926214689378E-32,0.,1.));
#5004=DIRECTION('',(-2.71926214689378E-32,0.,-1.));
#5005=DIRECTION('',(0.,1.,0.));
#5006=DIRECTION('',(1.97057596545677E-46,0.,-1.));
#5007=DIRECTION('',(0.,1.,0.));
#5008=DIRECTION('center_axis',(-1.,0.,2.71926214689378E-32));
#5009=DIRECTION('ref_axis',(2.71926214689378E-32,0.,1.));
#5010=DIRECTION('',(-2.71926214689378E-32,0.,-1.));
#5011=DIRECTION('',(0.,1.,0.));
#5012=DIRECTION('',(1.97057596545677E-46,0.,-1.));
#5013=DIRECTION('',(0.,1.,0.));
#5014=DIRECTION('center_axis',(-1.,0.,0.));
#5015=DIRECTION('ref_axis',(0.,0.,1.));
#5016=DIRECTION('',(0.,1.,0.));
#5017=DIRECTION('',(-1.97057596545677E-46,0.,1.));
#5018=DIRECTION('',(0.,1.,0.));
#5019=DIRECTION('',(1.97057596545677E-46,0.,-1.));
#5020=DIRECTION('center_axis',(-1.,0.,0.));
#5021=DIRECTION('ref_axis',(0.,0.,1.));
#5022=DIRECTION('',(0.,1.,-1.22464679914735E-16));
#5023=DIRECTION('',(0.,0.,1.));
#5024=DIRECTION('',(0.,1.,0.));
#5025=DIRECTION('',(-1.97057596545677E-46,0.,1.));
#5026=DIRECTION('',(0.,1.,0.));
#5027=DIRECTION('',(1.97057596545677E-46,0.,-1.));
#5028=DIRECTION('center_axis',(-2.71926214689378E-32,-1.22464679914735E-16,
-1.));
#5029=DIRECTION('ref_axis',(2.22044604925031E-16,1.,-1.22464679914735E-16));
#5030=DIRECTION('',(1.,0.,0.));
#5031=DIRECTION('',(0.,1.,-1.22464679914735E-16));
#5032=DIRECTION('',(1.,-2.22044604925031E-16,0.));
#5033=DIRECTION('',(0.,-1.,0.));
#5034=DIRECTION('',(1.,0.,0.));
#5035=DIRECTION('',(0.,-1.,0.));
#5036=DIRECTION('center_axis',(-2.71926214689378E-32,-1.22464679914735E-16,
-1.));
#5037=DIRECTION('ref_axis',(-2.22044604925031E-16,-1.,1.22464679914735E-16));
#5038=DIRECTION('center_axis',(-2.71926214689378E-32,-1.22464679914735E-16,
-1.));
#5039=DIRECTION('ref_axis',(-2.22044604925031E-16,-1.,1.22464679914735E-16));
#5040=DIRECTION('',(0.,-1.,0.));
#5041=DIRECTION('',(1.,-2.22044604925031E-16,0.));
#5042=DIRECTION('',(3.33013568423603E-48,-1.,1.22464679914735E-16));
#5043=DIRECTION('',(-1.,2.22044604925031E-16,0.));
#5044=DIRECTION('',(0.,-1.,0.));
#5045=DIRECTION('center_axis',(-2.71926214689378E-32,-1.22464679914735E-16,
-1.));
#5046=DIRECTION('ref_axis',(-2.22044604925031E-16,-1.,1.22464679914735E-16));
#5047=DIRECTION('center_axis',(-2.71926214689378E-32,-1.22464679914735E-16,
-1.));
#5048=DIRECTION('ref_axis',(-2.22044604925031E-16,-1.,1.22464679914735E-16));
#5049=DIRECTION('',(0.,-1.,0.));
#5050=DIRECTION('',(1.,0.,0.));
#5051=DIRECTION('',(0.,-1.,0.));
#5052=DIRECTION('',(-1.,2.22044604925031E-16,0.));
#5053=DIRECTION('',(0.,1.,-1.22464679914735E-16));
#5054=DIRECTION('',(1.,0.,0.));
#5055=DIRECTION('',(3.33013568423603E-48,-1.,1.22464679914735E-16));
#5056=DIRECTION('',(-1.,2.22044604925031E-16,0.));
#5057=DIRECTION('',(0.,1.,-1.22464679914735E-16));
#5058=DIRECTION('',(1.,0.,0.));
#5059=DIRECTION('',(3.33013568423603E-48,-1.,1.22464679914735E-16));
#5060=DIRECTION('',(-1.,2.22044604925031E-16,0.));
#5061=DIRECTION('',(0.,1.,-1.22464679914735E-16));
#5062=DIRECTION('',(1.,0.,0.));
#5063=DIRECTION('',(3.33013568423603E-48,-1.,1.22464679914735E-16));
#5064=DIRECTION('',(-1.,2.22044604925031E-16,0.));
#5065=DIRECTION('',(0.,1.,-1.22464679914735E-16));
#5066=DIRECTION('',(1.,0.,0.));
#5067=DIRECTION('',(3.33013568423603E-48,-1.,1.22464679914735E-16));
#5068=DIRECTION('',(-1.,2.22044604925031E-16,0.));
#5069=DIRECTION('',(0.,1.,-1.22464679914735E-16));
#5070=DIRECTION('',(1.,0.,0.));
#5071=DIRECTION('',(3.33013568423603E-48,-1.,1.22464679914735E-16));
#5072=DIRECTION('',(-1.,2.22044604925031E-16,0.));
#5073=DIRECTION('',(0.,1.,-1.22464679914735E-16));
#5074=DIRECTION('',(1.,0.,0.));
#5075=DIRECTION('',(3.33013568423603E-48,-1.,1.22464679914735E-16));
#5076=DIRECTION('',(-1.,2.22044604925031E-16,0.));
#5077=DIRECTION('',(0.,1.,-1.22464679914735E-16));
#5078=DIRECTION('',(1.,0.,0.));
#5079=DIRECTION('',(3.33013568423603E-48,-1.,1.22464679914735E-16));
#5080=DIRECTION('',(-1.,2.22044604925031E-16,0.));
#5081=DIRECTION('',(0.,1.,-1.22464679914735E-16));
#5082=DIRECTION('',(1.,0.,0.));
#5083=DIRECTION('',(3.33013568423603E-48,-1.,1.22464679914735E-16));
#5084=DIRECTION('center_axis',(-2.71926214689378E-32,-1.22464679914735E-16,
-1.));
#5085=DIRECTION('ref_axis',(-2.22044604925031E-16,-1.,1.22464679914735E-16));
#5086=DIRECTION('center_axis',(-2.71926214689378E-32,-1.22464679914735E-16,
-1.));
#5087=DIRECTION('ref_axis',(-2.22044604925031E-16,-1.,1.22464679914735E-16));
#5088=DIRECTION('',(3.33013568423603E-48,-1.,1.22464679914735E-16));
#5089=DIRECTION('',(-1.,2.22044604925031E-16,0.));
#5090=DIRECTION('',(0.,1.,-1.22464679914735E-16));
#5091=DIRECTION('',(1.,-2.22044604925031E-16,0.));
#5092=DIRECTION('',(3.33013568423603E-48,-1.,1.22464679914735E-16));
#5093=DIRECTION('center_axis',(-2.71926214689378E-32,-1.22464679914735E-16,
-1.));
#5094=DIRECTION('ref_axis',(-2.22044604925031E-16,-1.,1.22464679914735E-16));
#5095=DIRECTION('center_axis',(-2.71926214689378E-32,-1.22464679914735E-16,
-1.));
#5096=DIRECTION('ref_axis',(-2.22044604925031E-16,-1.,1.22464679914735E-16));
#5097=DIRECTION('',(3.33013568423603E-48,-1.,1.22464679914735E-16));
#5098=DIRECTION('',(1.,0.,0.));
#5099=DIRECTION('',(0.,1.,-1.22464679914735E-16));
#5100=DIRECTION('',(1.,-2.22044604925031E-16,0.));
#5101=DIRECTION('',(3.33013568423603E-48,-1.,1.22464679914735E-16));
#5102=DIRECTION('',(1.,0.,0.));
#5103=DIRECTION('',(3.33013568423603E-48,-1.,1.22464679914735E-16));
#5104=DIRECTION('',(1.,0.,0.));
#5105=DIRECTION('',(0.,1.,-1.22464679914735E-16));
#5106=DIRECTION('',(1.,0.,0.));
#5107=DIRECTION('',(3.33013568423603E-48,-1.,1.22464679914735E-16));
#5108=DIRECTION('',(1.,0.,0.));
#5109=DIRECTION('',(0.,1.,-1.22464679914735E-16));
#5110=DIRECTION('',(1.,0.,0.));
#5111=DIRECTION('',(3.33013568423603E-48,-1.,1.22464679914735E-16));
#5112=DIRECTION('',(1.,0.,0.));
#5113=DIRECTION('',(0.,1.,-1.22464679914735E-16));
#5114=DIRECTION('',(1.,0.,0.));
#5115=DIRECTION('',(3.33013568423603E-48,-1.,1.22464679914735E-16));
#5116=DIRECTION('',(1.,0.,0.));
#5117=DIRECTION('',(0.,1.,-1.22464679914735E-16));
#5118=DIRECTION('',(1.,0.,0.));
#5119=DIRECTION('',(3.33013568423603E-48,-1.,1.22464679914735E-16));
#5120=DIRECTION('',(1.,0.,0.));
#5121=DIRECTION('',(0.,1.,-1.22464679914735E-16));
#5122=DIRECTION('',(1.,0.,0.));
#5123=DIRECTION('',(1.,-2.22044604925031E-16,0.));
#5124=DIRECTION('',(-2.22044604925031E-16,-1.,1.22464679914735E-16));
#5125=DIRECTION('',(-1.,2.22044604925031E-16,0.));
#5126=DIRECTION('',(-2.22044604925031E-16,-1.,1.22464679914735E-16));
#5127=DIRECTION('center_axis',(2.71926214689378E-32,1.22464679914735E-16,
1.));
#5128=DIRECTION('ref_axis',(-1.,2.22044604925031E-16,0.));
#5129=DIRECTION('',(2.22044604925031E-16,1.,-1.22464679914735E-16));
#5130=DIRECTION('',(-1.,2.22044604925031E-16,0.));
#5131=DIRECTION('',(2.22044604925031E-16,1.,-1.22464679914735E-16));
#5132=DIRECTION('center_axis',(-2.71926214689378E-32,-1.22464679914735E-16,
-1.));
#5133=DIRECTION('ref_axis',(-2.22044604925031E-16,-1.,1.22464679914735E-16));
#5134=DIRECTION('center_axis',(-2.71926214689378E-32,-1.22464679914735E-16,
-1.));
#5135=DIRECTION('ref_axis',(-2.22044604925031E-16,-1.,1.22464679914735E-16));
#5136=DIRECTION('center_axis',(0.,0.,-1.));
#5137=DIRECTION('ref_axis',(-1.,0.,0.));
#5138=DIRECTION('center_axis',(0.,0.,1.));
#5139=DIRECTION('ref_axis',(-1.,0.,0.));
#5140=DIRECTION('',(0.,0.,1.));
#5141=DIRECTION('center_axis',(-2.71926214689378E-32,-1.22464679914735E-16,
-1.));
#5142=DIRECTION('ref_axis',(-1.,0.,0.));
#5143=DIRECTION('center_axis',(0.,0.,-1.));
#5144=DIRECTION('ref_axis',(-1.,0.,0.));
#5145=DIRECTION('center_axis',(0.,0.,1.));
#5146=DIRECTION('ref_axis',(-1.,0.,0.));
#5147=DIRECTION('',(0.,0.,1.));
#5148=DIRECTION('center_axis',(-2.71926214689378E-32,-1.22464679914735E-16,
-1.));
#5149=DIRECTION('ref_axis',(-1.,0.,0.));
#5150=DIRECTION('center_axis',(0.,0.,-1.));
#5151=DIRECTION('ref_axis',(-1.,0.,0.));
#5152=DIRECTION('center_axis',(0.,0.,1.));
#5153=DIRECTION('ref_axis',(-1.,0.,0.));
#5154=DIRECTION('',(0.,0.,1.));
#5155=DIRECTION('center_axis',(-2.71926214689378E-32,-1.22464679914735E-16,
-1.));
#5156=DIRECTION('ref_axis',(-1.,0.,0.));
#5157=DIRECTION('center_axis',(-4.10656774548728E-15,-1.,0.));
#5158=DIRECTION('ref_axis',(-1.,4.10656774548728E-15,-2.51490194648699E-19));
#5159=DIRECTION('',(1.,-4.10656774548728E-15,4.75716883030338E-31));
#5160=DIRECTION('',(0.,0.,-1.));
#5161=DIRECTION('',(-1.,4.10656774548728E-15,-2.51490194648699E-19));
#5162=DIRECTION('',(0.,0.,-1.));
#5163=DIRECTION('center_axis',(1.,0.,0.));
#5164=DIRECTION('ref_axis',(0.,-1.,0.));
#5165=DIRECTION('',(-2.22044604925031E-16,-1.,1.22464679914735E-16));
#5166=DIRECTION('',(0.,-1.,0.));
#5167=DIRECTION('',(0.,0.,-1.));
#5168=DIRECTION('center_axis',(1.,0.,0.));
#5169=DIRECTION('ref_axis',(0.,-1.,0.));
#5170=DIRECTION('',(-2.22044604925031E-16,-1.,1.22464679914735E-16));
#5171=DIRECTION('',(0.,0.,-1.));
#5172=DIRECTION('',(0.,-1.,0.));
#5173=DIRECTION('',(0.,0.,-1.));
#5174=DIRECTION('center_axis',(-5.75038709634919E-14,1.,0.));
#5175=DIRECTION('ref_axis',(1.,5.75038709634919E-14,2.51495380120453E-19));
#5176=DIRECTION('',(-1.,-5.75038709634919E-14,7.06938577287121E-30));
#5177=DIRECTION('',(1.,5.75038709634919E-14,2.51495380120453E-19));
#5178=DIRECTION('',(0.,0.,-1.));
#5179=DIRECTION('center_axis',(0.,0.,-1.));
#5180=DIRECTION('ref_axis',(-0.999999992414837,-0.000123167876095469,0.));
#5181=DIRECTION('center_axis',(2.71926214689378E-32,1.22464679914735E-16,
1.));
#5182=DIRECTION('ref_axis',(-0.999999992414837,-0.000123167876095469,0.));
#5183=DIRECTION('center_axis',(-2.16867138983313E-17,-2.67110651058367E-21,
-1.));
#5184=DIRECTION('ref_axis',(-0.999999992414837,-0.000123167876095469,2.16867140628285E-17));
#5185=DIRECTION('',(0.,0.,-1.));
#5186=DIRECTION('center_axis',(-1.,-1.08314441426829E-17,0.));
#5187=DIRECTION('ref_axis',(-1.08314441426829E-17,1.,0.));
#5188=DIRECTION('',(1.08314441426829E-17,-1.,1.22464679914735E-16));
#5189=DIRECTION('',(-1.08314441426829E-17,1.,0.));
#5190=DIRECTION('',(0.,0.,-1.));
#5191=DIRECTION('center_axis',(0.,0.,-1.));
#5192=DIRECTION('ref_axis',(0.00012316787695108,-0.999999992414837,0.));
#5193=DIRECTION('center_axis',(2.71926214689378E-32,1.22464679914735E-16,
1.));
#5194=DIRECTION('ref_axis',(0.00012316787695108,-0.999999992414837,0.));
#5195=DIRECTION('center_axis',(-4.29284977901313E-22,3.48536473366038E-18,
-1.));
#5196=DIRECTION('ref_axis',(0.00012316787695108,-0.999999992414837,-3.48536476009744E-18));
#5197=DIRECTION('center_axis',(0.,0.,-1.));
#5198=DIRECTION('ref_axis',(-1.,0.,0.));
#5199=DIRECTION('',(-1.,0.,0.));
#5200=DIRECTION('',(0.,-1.,0.));
#5201=DIRECTION('',(1.,0.,0.));
#5202=DIRECTION('center_axis',(-2.71926214689378E-32,-1.22464679914735E-16,
-1.));
#5203=DIRECTION('ref_axis',(2.22044604925031E-16,1.,-1.22464679914735E-16));
#5204=DIRECTION('center_axis',(2.71926214689378E-32,1.22464679914735E-16,
1.));
#5205=DIRECTION('ref_axis',(-2.22044604925031E-16,-1.,1.22464679914735E-16));
#5206=DIRECTION('center_axis',(-2.71926214689378E-32,-1.22464679914735E-16,
-1.));
#5207=DIRECTION('ref_axis',(2.22044604925031E-16,1.,-1.22464679914735E-16));
#5208=DIRECTION('center_axis',(2.71926214689378E-32,1.22464679914735E-16,
1.));
#5209=DIRECTION('ref_axis',(-2.22044604925031E-16,-1.,1.22464679914735E-16));
#5210=DIRECTION('center_axis',(-2.71926214689378E-32,-1.22464679914735E-16,
-1.));
#5211=DIRECTION('ref_axis',(2.22044604925031E-16,1.,-1.22464679914735E-16));
#5212=DIRECTION('',(-2.22044604925031E-16,-1.,1.22464679914735E-16));
#5213=DIRECTION('',(1.,-2.22044604925031E-16,0.));
#5214=DIRECTION('',(-2.22044604925031E-16,-1.,1.22464679914735E-16));
#5215=DIRECTION('',(-1.,2.22044604925031E-16,0.));
#5216=DIRECTION('',(-2.22044604925031E-16,-1.,1.22464679914735E-16));
#5217=DIRECTION('center_axis',(0.,0.,-1.));
#5218=DIRECTION('ref_axis',(-1.,0.,0.));
#5219=DIRECTION('center_axis',(0.,0.,1.));
#5220=DIRECTION('ref_axis',(-1.,0.,0.));
#5221=DIRECTION('',(0.,0.,1.));
#5222=DIRECTION('center_axis',(-2.71926214689378E-32,-1.22464679914735E-16,
-1.));
#5223=DIRECTION('ref_axis',(-1.,0.,0.));
#5224=DIRECTION('center_axis',(0.,0.,-1.));
#5225=DIRECTION('ref_axis',(-1.,0.,0.));
#5226=DIRECTION('center_axis',(0.,0.,1.));
#5227=DIRECTION('ref_axis',(-1.,0.,0.));
#5228=DIRECTION('',(0.,0.,1.));
#5229=DIRECTION('center_axis',(-2.71926214689378E-32,-1.22464679914735E-16,
-1.));
#5230=DIRECTION('ref_axis',(-1.,0.,0.));
#5231=DIRECTION('center_axis',(0.,0.,-1.));
#5232=DIRECTION('ref_axis',(-1.,0.,0.));
#5233=DIRECTION('center_axis',(0.,0.,1.));
#5234=DIRECTION('ref_axis',(-1.,0.,0.));
#5235=DIRECTION('',(0.,0.,1.));
#5236=DIRECTION('center_axis',(-2.71926214689378E-32,-1.22464679914735E-16,
-1.));
#5237=DIRECTION('ref_axis',(-1.,0.,0.));
#5238=DIRECTION('center_axis',(-1.,0.,0.));
#5239=DIRECTION('ref_axis',(0.,1.,0.));
#5240=DIRECTION('',(2.22044604925031E-16,1.,-1.22464679914735E-16));
#5241=DIRECTION('',(0.,0.,-1.));
#5242=DIRECTION('',(0.,1.,0.));
#5243=DIRECTION('',(0.,0.,-1.));
#5244=DIRECTION('center_axis',(-4.10656774548728E-15,-1.,0.));
#5245=DIRECTION('ref_axis',(-1.,4.10656774548728E-15,-2.51490194648699E-19));
#5246=DIRECTION('',(1.,-4.10656774548728E-15,4.75716883030338E-31));
#5247=DIRECTION('',(-1.,4.10656774548728E-15,-2.51490194648699E-19));
#5248=DIRECTION('',(0.,0.,-1.));
#5249=DIRECTION('center_axis',(0.,0.,-1.));
#5250=DIRECTION('ref_axis',(0.999999992414837,0.00012316787695108,0.));
#5251=DIRECTION('center_axis',(2.71926214689378E-32,1.22464679914735E-16,
1.));
#5252=DIRECTION('ref_axis',(0.999999992414837,0.00012316787695108,0.));
#5253=DIRECTION('center_axis',(-2.17641664479682E-17,-2.68064619533931E-21,
-1.));
#5254=DIRECTION('ref_axis',(0.999999992414837,0.00012316787695108,-2.17641666130529E-17));
#5255=DIRECTION('',(0.,0.,-1.));
#5256=DIRECTION('center_axis',(1.,4.50588076335673E-15,0.));
#5257=DIRECTION('ref_axis',(4.50588076335673E-15,-1.,0.));
#5258=DIRECTION('',(-4.50588076335673E-15,1.,-1.22464679914735E-16));
#5259=DIRECTION('',(4.50588076335673E-15,-1.,0.));
#5260=DIRECTION('',(0.,0.,-1.));
#5261=DIRECTION('center_axis',(0.,0.,-1.));
#5262=DIRECTION('ref_axis',(7.88337686550989E-5,0.999999996892618,0.));
#5263=DIRECTION('center_axis',(2.71926214689378E-32,1.22464679914735E-16,
1.));
#5264=DIRECTION('ref_axis',(7.88337686550989E-5,0.999999996892618,0.));
#5265=DIRECTION('center_axis',(2.80733360264451E-22,3.56108003183669E-18,
-1.));
#5266=DIRECTION('ref_axis',(7.88337686550989E-5,0.999999996892618,3.56108004290232E-18));
#5267=DIRECTION('',(0.,0.,-1.));
#5268=DIRECTION('center_axis',(-5.75038709634919E-14,1.,0.));
#5269=DIRECTION('ref_axis',(1.,5.75038709634919E-14,2.51495380120453E-19));
#5270=DIRECTION('',(-1.,-5.75038709634919E-14,7.06938577287121E-30));
#5271=DIRECTION('',(1.,5.75038709634919E-14,2.51495380120453E-19));
#5272=DIRECTION('',(0.,0.,-1.));
#5273=DIRECTION('center_axis',(-1.,0.,0.));
#5274=DIRECTION('ref_axis',(0.,1.,0.));
#5275=DIRECTION('',(2.22044604925031E-16,1.,-1.22464679914735E-16));
#5276=DIRECTION('',(0.,1.,0.));
#5277=DIRECTION('',(0.,0.,-1.));
#5278=DIRECTION('center_axis',(2.8073336026183E-22,3.56108003183669E-18,
-1.));
#5279=DIRECTION('ref_axis',(-1.,0.,-2.8073336026183E-22));
#5280=DIRECTION('',(1.,0.,0.));
#5281=DIRECTION('',(0.,1.,0.));
#5282=DIRECTION('',(-1.,0.,0.));
#5283=DIRECTION('',(0.,1.,0.));
#5284=DIRECTION('',(1.,0.,0.));
#5285=DIRECTION('',(0.,1.,0.));
#5286=DIRECTION('',(-1.,0.,0.));
#5287=DIRECTION('',(1.,0.,0.));
#5288=DIRECTION('',(0.,1.,0.));
#5289=DIRECTION('',(-1.,0.,0.));
#5290=DIRECTION('',(0.,-1.,0.));
#5291=DIRECTION('center_axis',(-2.71926214689378E-32,-1.22464679914735E-16,
-1.));
#5292=DIRECTION('ref_axis',(2.22044604925031E-16,1.,-1.22464679914735E-16));
#5293=DIRECTION('center_axis',(2.71926214689378E-32,1.22464679914735E-16,
1.));
#5294=DIRECTION('ref_axis',(-2.22044604925031E-16,-1.,1.22464679914735E-16));
#5295=DIRECTION('center_axis',(-2.71926214689378E-32,-1.22464679914735E-16,
-1.));
#5296=DIRECTION('ref_axis',(2.22044604925031E-16,1.,-1.22464679914735E-16));
#5297=DIRECTION('center_axis',(2.71926214689378E-32,1.22464679914735E-16,
1.));
#5298=DIRECTION('ref_axis',(-2.22044604925031E-16,-1.,1.22464679914735E-16));
#5299=DIRECTION('center_axis',(-2.71926214689378E-32,-1.22464679914735E-16,
-1.));
#5300=DIRECTION('ref_axis',(2.22044604925031E-16,1.,-1.22464679914735E-16));
#5301=DIRECTION('',(2.22044604925031E-16,1.,-1.22464679914735E-16));
#5302=DIRECTION('',(-1.,2.22044604925031E-16,0.));
#5303=DIRECTION('',(2.22044604925031E-16,1.,-1.22464679914735E-16));
#5304=DIRECTION('',(1.,-2.22044604925031E-16,0.));
#5305=DIRECTION('',(2.22044604925031E-16,1.,-1.22464679914735E-16));
#5306=DIRECTION('center_axis',(0.,-1.,0.));
#5307=DIRECTION('ref_axis',(1.,0.,0.));
#5308=DIRECTION('',(2.71926214689378E-32,0.,1.));
#5309=DIRECTION('',(0.,0.,-1.));
#5310=DIRECTION('',(-1.,0.,2.71926214689378E-32));
#5311=DIRECTION('center_axis',(0.,-1.,0.));
#5312=DIRECTION('ref_axis',(1.,0.,0.));
#5313=DIRECTION('',(2.71926214689378E-32,0.,1.));
#5314=DIRECTION('',(0.,0.,-1.));
#5315=DIRECTION('',(-1.,0.,2.71926214689378E-32));
#5316=DIRECTION('center_axis',(0.,-1.,0.));
#5317=DIRECTION('ref_axis',(1.,0.,0.));
#5318=DIRECTION('',(2.71926214689378E-32,0.,1.));
#5319=DIRECTION('',(0.,0.,-1.));
#5320=DIRECTION('',(-1.,0.,2.71926214689378E-32));
#5321=DIRECTION('center_axis',(0.,-1.,0.));
#5322=DIRECTION('ref_axis',(1.,0.,0.));
#5323=DIRECTION('',(2.71926214689378E-32,0.,1.));
#5324=DIRECTION('',(0.,0.,-1.));
#5325=DIRECTION('',(-1.,0.,2.71926214689378E-32));
#5326=DIRECTION('center_axis',(0.,-1.,0.));
#5327=DIRECTION('ref_axis',(1.,0.,0.));
#5328=DIRECTION('',(2.71926214689378E-32,0.,1.));
#5329=DIRECTION('',(0.,0.,-1.));
#5330=DIRECTION('',(-1.,0.,2.71926214689378E-32));
#5331=DIRECTION('center_axis',(-1.,0.,2.71926214689378E-32));
#5332=DIRECTION('ref_axis',(2.71926214689378E-32,0.,1.));
#5333=DIRECTION('',(0.,1.,0.));
#5334=DIRECTION('',(-2.71926214689378E-32,0.,-1.));
#5335=DIRECTION('center_axis',(2.71926214689378E-32,0.,1.));
#5336=DIRECTION('ref_axis',(0.,1.,0.));
#5337=DIRECTION('',(0.,1.,0.));
#5338=DIRECTION('',(1.,0.,-2.71926214689378E-32));
#5339=DIRECTION('center_axis',(-1.,0.,0.));
#5340=DIRECTION('ref_axis',(0.,0.,1.));
#5341=DIRECTION('',(0.,0.,1.));
#5342=DIRECTION('center_axis',(-1.,0.,2.71926214689378E-32));
#5343=DIRECTION('ref_axis',(2.71926214689378E-32,0.,1.));
#5344=DIRECTION('',(0.,1.,0.));
#5345=DIRECTION('',(-2.71926214689378E-32,0.,-1.));
#5346=DIRECTION('center_axis',(2.71926214689378E-32,0.,1.));
#5347=DIRECTION('ref_axis',(0.,1.,0.));
#5348=DIRECTION('',(0.,1.,0.));
#5349=DIRECTION('',(1.,0.,-2.71926214689378E-32));
#5350=DIRECTION('center_axis',(-1.,0.,0.));
#5351=DIRECTION('ref_axis',(0.,0.,1.));
#5352=DIRECTION('',(0.,0.,1.));
#5353=DIRECTION('center_axis',(-1.,0.,2.71926214689378E-32));
#5354=DIRECTION('ref_axis',(2.71926214689378E-32,0.,1.));
#5355=DIRECTION('',(0.,1.,0.));
#5356=DIRECTION('',(-2.71926214689378E-32,0.,-1.));
#5357=DIRECTION('center_axis',(2.71926214689378E-32,0.,1.));
#5358=DIRECTION('ref_axis',(0.,1.,0.));
#5359=DIRECTION('',(0.,1.,0.));
#5360=DIRECTION('',(1.,0.,-2.71926214689378E-32));
#5361=DIRECTION('center_axis',(-1.,0.,0.));
#5362=DIRECTION('ref_axis',(0.,0.,1.));
#5363=DIRECTION('',(0.,0.,1.));
#5364=DIRECTION('center_axis',(-1.,0.,2.71926214689378E-32));
#5365=DIRECTION('ref_axis',(2.71926214689378E-32,0.,1.));
#5366=DIRECTION('',(0.,1.,0.));
#5367=DIRECTION('',(-2.71926214689378E-32,0.,-1.));
#5368=DIRECTION('center_axis',(2.71926214689378E-32,0.,1.));
#5369=DIRECTION('ref_axis',(0.,1.,0.));
#5370=DIRECTION('',(0.,1.,0.));
#5371=DIRECTION('',(1.,0.,-2.71926214689378E-32));
#5372=DIRECTION('center_axis',(-1.,0.,0.));
#5373=DIRECTION('ref_axis',(0.,0.,1.));
#5374=DIRECTION('',(0.,0.,1.));
#5375=DIRECTION('center_axis',(-1.,0.,2.71926214689378E-32));
#5376=DIRECTION('ref_axis',(2.71926214689378E-32,0.,1.));
#5377=DIRECTION('',(0.,1.,0.));
#5378=DIRECTION('',(-2.71926214689378E-32,0.,-1.));
#5379=DIRECTION('center_axis',(2.71926214689378E-32,0.,1.));
#5380=DIRECTION('ref_axis',(0.,1.,0.));
#5381=DIRECTION('',(0.,1.,0.));
#5382=DIRECTION('',(1.,0.,-2.71926214689378E-32));
#5383=DIRECTION('center_axis',(-1.,0.,0.));
#5384=DIRECTION('ref_axis',(0.,0.,1.));
#5385=DIRECTION('',(0.,0.,1.));
#5386=DIRECTION('center_axis',(0.,-1.,0.));
#5387=DIRECTION('ref_axis',(1.,0.,0.));
#5388=DIRECTION('',(2.71926214689378E-32,0.,1.));
#5389=DIRECTION('',(0.,0.,-1.));
#5390=DIRECTION('',(-1.,0.,2.71926214689378E-32));
#5391=DIRECTION('center_axis',(0.,-1.,0.));
#5392=DIRECTION('ref_axis',(1.,0.,0.));
#5393=DIRECTION('',(0.,0.,-1.));
#5394=DIRECTION('',(-1.,0.,2.71926214689378E-32));
#5395=DIRECTION('',(2.71926214689378E-32,0.,1.));
#5396=DIRECTION('center_axis',(0.,-1.,0.));
#5397=DIRECTION('ref_axis',(1.,0.,0.));
#5398=DIRECTION('',(0.,0.,-1.));
#5399=DIRECTION('',(-1.,0.,2.71926214689378E-32));
#5400=DIRECTION('',(2.71926214689378E-32,0.,1.));
#5401=DIRECTION('center_axis',(0.,-1.,0.));
#5402=DIRECTION('ref_axis',(1.,0.,0.));
#5403=DIRECTION('',(0.,0.,-1.));
#5404=DIRECTION('',(-1.,0.,2.71926214689378E-32));
#5405=DIRECTION('',(2.71926214689378E-32,0.,1.));
#5406=DIRECTION('center_axis',(0.,-1.,0.));
#5407=DIRECTION('ref_axis',(1.,0.,0.));
#5408=DIRECTION('',(2.71926214689378E-32,0.,1.));
#5409=DIRECTION('',(0.,0.,-1.));
#5410=DIRECTION('',(-1.,0.,2.71926214689378E-32));
#5411=DIRECTION('center_axis',(0.,-1.,0.));
#5412=DIRECTION('ref_axis',(1.,0.,0.));
#5413=DIRECTION('',(0.,0.,-1.));
#5414=DIRECTION('',(-1.,0.,2.71926214689378E-32));
#5415=DIRECTION('',(2.71926214689378E-32,0.,1.));
#5416=DIRECTION('center_axis',(0.,-1.,0.));
#5417=DIRECTION('ref_axis',(1.,0.,0.));
#5418=DIRECTION('',(0.,0.,-1.));
#5419=DIRECTION('',(-1.,0.,2.71926214689378E-32));
#5420=DIRECTION('',(2.71926214689378E-32,0.,1.));
#5421=DIRECTION('center_axis',(0.,-1.,0.));
#5422=DIRECTION('ref_axis',(1.,0.,0.));
#5423=DIRECTION('',(0.,0.,-1.));
#5424=DIRECTION('',(-1.,0.,2.71926214689378E-32));
#5425=DIRECTION('',(2.71926214689378E-32,0.,1.));
#5426=DIRECTION('center_axis',(0.,1.,0.));
#5427=DIRECTION('ref_axis',(-1.,0.,0.));
#5428=DIRECTION('',(0.,0.,1.));
#5429=DIRECTION('',(1.,0.,-2.71926214689378E-32));
#5430=DIRECTION('center_axis',(0.,1.,0.));
#5431=DIRECTION('ref_axis',(-1.,0.,0.));
#5432=DIRECTION('center_axis',(0.,1.,0.));
#5433=DIRECTION('ref_axis',(-1.,0.,0.));
#5434=DIRECTION('center_axis',(0.,1.,0.));
#5435=DIRECTION('ref_axis',(-1.,0.,0.));
#5436=DIRECTION('center_axis',(0.,1.,0.));
#5437=DIRECTION('ref_axis',(-1.,0.,0.));
#5438=DIRECTION('center_axis',(0.,1.,0.));
#5439=DIRECTION('ref_axis',(-1.,0.,0.));
#5440=DIRECTION('center_axis',(0.,1.,0.));
#5441=DIRECTION('ref_axis',(-1.,0.,0.));
#5442=DIRECTION('',(-2.71926214689378E-32,0.,-1.));
#5443=DIRECTION('',(1.,0.,-2.71926214689378E-32));
#5444=DIRECTION('center_axis',(0.,1.,0.));
#5445=DIRECTION('ref_axis',(-1.,0.,0.));
#5446=DIRECTION('',(-2.71926214689378E-32,0.,-1.));
#5447=DIRECTION('',(1.,0.,-2.71926214689378E-32));
#5448=DIRECTION('',(0.,0.,1.));
#5449=DIRECTION('center_axis',(0.,1.,0.));
#5450=DIRECTION('ref_axis',(-1.,0.,0.));
#5451=DIRECTION('',(0.,0.,1.));
#5452=DIRECTION('',(-2.71926214689378E-32,0.,-1.));
#5453=DIRECTION('',(1.,0.,-2.71926214689378E-32));
#5454=DIRECTION('center_axis',(0.,-1.,0.));
#5455=DIRECTION('ref_axis',(1.,0.,0.));
#5456=DIRECTION('',(0.,0.,-1.));
#5457=DIRECTION('',(-1.,0.,2.71926214689378E-32));
#5458=DIRECTION('',(2.71926214689378E-32,0.,1.));
#5459=DIRECTION('center_axis',(-1.,0.,0.));
#5460=DIRECTION('ref_axis',(0.,0.,1.));
#5461=DIRECTION('',(0.,1.,0.));
#5462=DIRECTION('center_axis',(2.71926214689378E-32,0.,1.));
#5463=DIRECTION('ref_axis',(0.,1.,0.));
#5464=DIRECTION('',(0.,1.,0.));
#5465=DIRECTION('center_axis',(-2.71926214689378E-32,0.,-1.));
#5466=DIRECTION('ref_axis',(1.,0.,0.));
#5467=DIRECTION('center_axis',(-1.,0.,2.71926214689378E-32));
#5468=DIRECTION('ref_axis',(2.71926214689378E-32,0.,1.));
#5469=DIRECTION('',(-2.71926214689378E-32,0.,-1.));
#5470=DIRECTION('',(0.,1.,0.));
#5471=DIRECTION('',(1.97057596545677E-46,0.,-1.));
#5472=DIRECTION('',(0.,1.,0.));
#5473=DIRECTION('center_axis',(-1.,0.,0.));
#5474=DIRECTION('ref_axis',(0.,0.,1.));
#5475=DIRECTION('',(0.,1.,0.));
#5476=DIRECTION('',(-1.97057596545677E-46,0.,1.));
#5477=DIRECTION('',(0.,1.,0.));
#5478=DIRECTION('',(1.97057596545677E-46,0.,-1.));
#5479=DIRECTION('center_axis',(2.71926214689378E-32,0.,1.));
#5480=DIRECTION('ref_axis',(0.,1.,0.));
#5481=DIRECTION('',(-1.,0.,2.71926214689378E-32));
#5482=DIRECTION('center_axis',(-1.,0.,0.));
#5483=DIRECTION('ref_axis',(0.,0.,1.));
#5484=DIRECTION('',(0.,1.,0.));
#5485=DIRECTION('',(-1.97057596545677E-46,0.,1.));
#5486=DIRECTION('',(0.,1.,0.));
#5487=DIRECTION('',(1.97057596545677E-46,0.,-1.));
#5488=DIRECTION('center_axis',(2.71926214689378E-32,0.,1.));
#5489=DIRECTION('ref_axis',(0.,1.,0.));
#5490=DIRECTION('',(-1.,0.,2.71926214689378E-32));
#5491=DIRECTION('center_axis',(-1.,0.,0.));
#5492=DIRECTION('ref_axis',(0.,0.,1.));
#5493=DIRECTION('',(0.,1.,0.));
#5494=DIRECTION('',(-1.97057596545677E-46,0.,1.));
#5495=DIRECTION('',(0.,1.,0.));
#5496=DIRECTION('',(1.97057596545677E-46,0.,-1.));
#5497=DIRECTION('center_axis',(-1.,0.,0.));
#5498=DIRECTION('ref_axis',(0.,0.,1.));
#5499=DIRECTION('',(2.71926214689378E-32,0.,1.));
#5500=DIRECTION('',(0.,1.,0.));
#5501=DIRECTION('',(1.97057596545677E-46,0.,-1.));
#5502=DIRECTION('',(0.,1.,0.));
#5503=DIRECTION('center_axis',(2.71926214689378E-32,0.,1.));
#5504=DIRECTION('ref_axis',(0.,1.,0.));
#5505=DIRECTION('',(-1.,0.,2.71926214689378E-32));
#5506=DIRECTION('center_axis',(-1.,0.,2.71926214689378E-32));
#5507=DIRECTION('ref_axis',(2.71926214689378E-32,0.,1.));
#5508=DIRECTION('',(0.,1.,0.));
#5509=DIRECTION('center_axis',(-1.,0.,0.));
#5510=DIRECTION('ref_axis',(0.,0.,1.));
#5511=DIRECTION('',(0.,1.,0.));
#5512=DIRECTION('',(-1.97057596545677E-46,0.,1.));
#5513=DIRECTION('',(0.,1.,0.));
#5514=DIRECTION('',(1.97057596545677E-46,0.,-1.));
#5515=DIRECTION('center_axis',(-1.,0.,0.));
#5516=DIRECTION('ref_axis',(0.,0.,1.));
#5517=DIRECTION('',(2.71926214689378E-32,0.,1.));
#5518=DIRECTION('',(0.,1.,0.));
#5519=DIRECTION('',(1.97057596545677E-46,0.,-1.));
#5520=DIRECTION('',(0.,1.,0.));
#5521=DIRECTION('center_axis',(2.71926214689378E-32,0.,1.));
#5522=DIRECTION('ref_axis',(0.,1.,0.));
#5523=DIRECTION('',(-1.,0.,2.71926214689378E-32));
#5524=DIRECTION('center_axis',(2.71926214689378E-32,0.,1.));
#5525=DIRECTION('ref_axis',(0.,1.,0.));
#5526=DIRECTION('',(0.,1.,0.));
#5527=DIRECTION('center_axis',(-2.71926214689378E-32,0.,-1.));
#5528=DIRECTION('ref_axis',(1.,0.,0.));
#5529=DIRECTION('center_axis',(-1.,0.,0.));
#5530=DIRECTION('ref_axis',(0.,0.,1.));
#5531=DIRECTION('',(0.,1.,0.));
#5532=DIRECTION('',(0.,1.,0.));
#5533=DIRECTION('',(-1.97057596545677E-46,0.,1.));
#5534=DIRECTION('',(0.,1.,0.));
#5535=DIRECTION('',(1.97057596545677E-46,0.,-1.));
#5536=DIRECTION('center_axis',(-1.,0.,0.));
#5537=DIRECTION('ref_axis',(0.,0.,1.));
#5538=DIRECTION('',(2.71926214689378E-32,0.,1.));
#5539=DIRECTION('',(0.,1.,0.));
#5540=DIRECTION('',(1.97057596545677E-46,0.,-1.));
#5541=DIRECTION('',(0.,1.,0.));
#5542=DIRECTION('center_axis',(-1.,0.,0.));
#5543=DIRECTION('ref_axis',(0.,0.,1.));
#5544=DIRECTION('',(0.,1.,0.));
#5545=DIRECTION('',(-1.97057596545677E-46,0.,1.));
#5546=DIRECTION('',(0.,1.,0.));
#5547=DIRECTION('',(1.97057596545677E-46,0.,-1.));
#5548=DIRECTION('center_axis',(-1.,0.,0.));
#5549=DIRECTION('ref_axis',(0.,0.,1.));
#5550=DIRECTION('',(2.71926214689378E-32,0.,1.));
#5551=DIRECTION('',(0.,1.,0.));
#5552=DIRECTION('',(1.97057596545677E-46,0.,-1.));
#5553=DIRECTION('',(0.,1.,0.));
#5554=DIRECTION('center_axis',(2.71926214689378E-32,0.,1.));
#5555=DIRECTION('ref_axis',(0.,1.,0.));
#5556=DIRECTION('',(-1.,0.,2.71926214689378E-32));
#5557=DIRECTION('center_axis',(-1.,0.,2.71926214689378E-32));
#5558=DIRECTION('ref_axis',(2.71926214689378E-32,0.,1.));
#5559=DIRECTION('',(-2.71926214689378E-32,0.,-1.));
#5560=DIRECTION('',(0.,1.,0.));
#5561=DIRECTION('',(1.97057596545677E-46,0.,-1.));
#5562=DIRECTION('',(0.,1.,0.));
#5563=DIRECTION('center_axis',(2.71926214689378E-32,0.,1.));
#5564=DIRECTION('ref_axis',(0.,1.,0.));
#5565=DIRECTION('',(-1.,0.,2.71926214689378E-32));
#5566=DIRECTION('center_axis',(2.71926214689378E-32,0.,1.));
#5567=DIRECTION('ref_axis',(0.,1.,0.));
#5568=DIRECTION('',(0.,1.,0.));
#5569=DIRECTION('',(1.,0.,-2.71926214689378E-32));
#5570=DIRECTION('',(0.,1.,0.));
#5571=DIRECTION('center_axis',(-1.,0.,0.));
#5572=DIRECTION('ref_axis',(0.,0.,1.));
#5573=DIRECTION('',(2.71926214689378E-32,0.,1.));
#5574=DIRECTION('',(0.,1.,0.));
#5575=DIRECTION('',(1.97057596545677E-46,0.,-1.));
#5576=DIRECTION('center_axis',(-1.,0.,0.));
#5577=DIRECTION('ref_axis',(0.,0.,1.));
#5578=DIRECTION('',(2.71926214689378E-32,0.,1.));
#5579=DIRECTION('',(0.,1.,0.));
#5580=DIRECTION('',(1.97057596545677E-46,0.,-1.));
#5581=DIRECTION('',(0.,1.,0.));
#5582=DIRECTION('center_axis',(2.71926214689378E-32,0.,1.));
#5583=DIRECTION('ref_axis',(0.,1.,0.));
#5584=DIRECTION('',(0.,1.,0.));
#5585=DIRECTION('',(-1.,0.,2.71926214689378E-32));
#5586=DIRECTION('center_axis',(-1.,0.,2.71926214689378E-32));
#5587=DIRECTION('ref_axis',(2.71926214689378E-32,0.,1.));
#5588=DIRECTION('',(0.,1.,0.));
#5589=DIRECTION('',(1.97057596545677E-46,0.,-1.));
#5590=DIRECTION('',(0.,1.,0.));
#5591=DIRECTION('',(1.97057596545677E-46,0.,-1.));
#5592=DIRECTION('center_axis',(-1.,0.,2.71926214689378E-32));
#5593=DIRECTION('ref_axis',(2.71926214689378E-32,0.,1.));
#5594=DIRECTION('',(-2.71926214689378E-32,0.,-1.));
#5595=DIRECTION('',(0.,1.,0.));
#5596=DIRECTION('',(1.97057596545677E-46,0.,-1.));
#5597=DIRECTION('center_axis',(0.,0.,1.));
#5598=DIRECTION('ref_axis',(1.,0.,0.));
#5599=DIRECTION('center_axis',(-2.71926214689378E-32,0.,-1.));
#5600=DIRECTION('ref_axis',(-2.22044604925031E-16,-1.,1.22464679914735E-16));
#5601=DIRECTION('center_axis',(-2.71926214689378E-32,0.,-1.));
#5602=DIRECTION('ref_axis',(1.,0.,0.));
#5603=DIRECTION('center_axis',(0.,0.,1.));
#5604=DIRECTION('ref_axis',(-1.,1.22464679914735E-16,0.));
#5605=DIRECTION('center_axis',(-2.71926214689378E-32,0.,-1.));
#5606=DIRECTION('ref_axis',(1.,0.,0.));
#5607=DIRECTION('center_axis',(-2.71926214689378E-32,-1.22464679914735E-16,
-1.));
#5608=DIRECTION('ref_axis',(-2.22044604925031E-16,-1.,1.22464679914735E-16));
#5609=DIRECTION('center_axis',(0.,0.,1.));
#5610=DIRECTION('ref_axis',(-1.,-1.22464679914735E-16,0.));
#5611=DIRECTION('center_axis',(-2.71926214689378E-32,-1.22464679914735E-16,
-1.));
#5612=DIRECTION('ref_axis',(-2.22044604925031E-16,-1.,1.22464679914735E-16));
#5613=DIRECTION('center_axis',(-2.71926214689378E-32,0.,-1.));
#5614=DIRECTION('ref_axis',(1.,0.,0.));
#5615=DIRECTION('center_axis',(-2.71926214689378E-32,0.,-1.));
#5616=DIRECTION('ref_axis',(1.,0.,0.));
#5617=DIRECTION('center_axis',(0.,0.,1.));
#5618=DIRECTION('ref_axis',(1.,0.,0.));
#5619=DIRECTION('center_axis',(-2.71926214689378E-32,0.,-1.));
#5620=DIRECTION('ref_axis',(-2.22044604925031E-16,-1.,1.22464679914735E-16));
#5621=DIRECTION('center_axis',(-2.71926214689378E-32,0.,-1.));
#5622=DIRECTION('ref_axis',(1.,0.,0.));
#5623=DIRECTION('center_axis',(-2.71926214689378E-32,0.,-1.));
#5624=DIRECTION('ref_axis',(1.,0.,0.));
#5625=DIRECTION('center_axis',(-1.,0.,0.));
#5626=DIRECTION('ref_axis',(0.,0.,1.));
#5627=DIRECTION('',(2.71926214689378E-32,0.,1.));
#5628=DIRECTION('',(0.,1.,0.));
#5629=DIRECTION('',(1.97057596545677E-46,0.,-1.));
#5630=DIRECTION('',(0.,1.,0.));
#5631=DIRECTION('center_axis',(-1.,0.,0.));
#5632=DIRECTION('ref_axis',(0.,0.,1.));
#5633=DIRECTION('',(0.,1.,0.));
#5634=DIRECTION('center_axis',(-1.,0.,0.));
#5635=DIRECTION('ref_axis',(0.,0.,1.));
#5636=DIRECTION('',(0.,1.,0.));
#5637=DIRECTION('',(-1.97057596545677E-46,0.,1.));
#5638=DIRECTION('',(0.,1.,0.));
#5639=DIRECTION('',(1.97057596545677E-46,0.,-1.));
#5640=DIRECTION('center_axis',(-1.,0.,2.71926214689378E-32));
#5641=DIRECTION('ref_axis',(2.71926214689378E-32,0.,1.));
#5642=DIRECTION('',(0.,1.,0.));
#5643=DIRECTION('',(0.,1.,0.));
#5644=DIRECTION('',(1.97057596545677E-46,0.,-1.));
#5645=DIRECTION('',(0.,1.,0.));
#5646=DIRECTION('',(1.97057596545677E-46,0.,-1.));
#5647=DIRECTION('center_axis',(2.71926214689378E-32,0.,1.));
#5648=DIRECTION('ref_axis',(0.,1.,0.));
#5649=DIRECTION('',(1.,0.,-2.71926214689378E-32));
#5650=DIRECTION('center_axis',(2.71926214689378E-32,0.,1.));
#5651=DIRECTION('ref_axis',(0.,1.,0.));
#5652=DIRECTION('center_axis',(2.71926214689378E-32,0.,1.));
#5653=DIRECTION('ref_axis',(0.,1.,0.));
#5654=DIRECTION('',(-1.,0.,2.71926214689378E-32));
#5655=DIRECTION('center_axis',(-1.,0.,2.71926214689378E-32));
#5656=DIRECTION('ref_axis',(2.71926214689378E-32,0.,1.));
#5657=DIRECTION('',(-2.71926214689378E-32,0.,-1.));
#5658=DIRECTION('',(0.,1.,0.));
#5659=DIRECTION('',(1.97057596545677E-46,0.,-1.));
#5660=DIRECTION('',(0.,1.,0.));
#5661=DIRECTION('center_axis',(-1.,0.,2.71926214689378E-32));
#5662=DIRECTION('ref_axis',(2.71926214689378E-32,0.,1.));
#5663=DIRECTION('',(0.,1.,0.));
#5664=DIRECTION('center_axis',(-1.,0.,2.71926214689378E-32));
#5665=DIRECTION('ref_axis',(2.71926214689378E-32,0.,1.));
#5666=DIRECTION('',(0.,1.,0.));
#5667=DIRECTION('',(1.97057596545677E-46,0.,-1.));
#5668=DIRECTION('',(0.,1.,0.));
#5669=DIRECTION('',(1.97057596545677E-46,0.,-1.));
#5670=DIRECTION('center_axis',(2.71926214689378E-32,0.,1.));
#5671=DIRECTION('ref_axis',(0.,1.,0.));
#5672=DIRECTION('',(-1.,0.,2.71926214689378E-32));
#5673=DIRECTION('center_axis',(2.71926214689378E-32,0.,1.));
#5674=DIRECTION('ref_axis',(0.,1.,0.));
#5675=DIRECTION('center_axis',(2.71926214689378E-32,0.,1.));
#5676=DIRECTION('ref_axis',(0.,1.,0.));
#5677=DIRECTION('',(1.,0.,-2.71926214689378E-32));
#5678=DIRECTION('center_axis',(1.,0.,1.97057596545677E-46));
#5679=DIRECTION('ref_axis',(-1.97057596545677E-46,0.,1.));
#5680=DIRECTION('',(-1.97057596545677E-46,0.,1.));
#5681=DIRECTION('',(0.,-1.,0.));
#5682=DIRECTION('',(1.97057596545677E-46,0.,-1.));
#5683=DIRECTION('',(0.,-1.,0.));
#5684=DIRECTION('center_axis',(-1.,0.,0.));
#5685=DIRECTION('ref_axis',(0.,0.,1.));
#5686=DIRECTION('',(0.,1.,0.));
#5687=DIRECTION('',(1.97057596545677E-46,0.,-1.));
#5688=DIRECTION('',(0.,-1.,0.));
#5689=DIRECTION('',(2.71926214689378E-32,0.,1.));
#5690=DIRECTION('center_axis',(0.,1.,0.));
#5691=DIRECTION('ref_axis',(-1.97057596545677E-46,0.,1.));
#5692=DIRECTION('',(-1.,0.,2.71926214689378E-32));
#5693=DIRECTION('',(1.97057596545677E-46,0.,-1.));
#5694=DIRECTION('',(1.,0.,1.97057596545677E-46));
#5695=DIRECTION('center_axis',(-1.97057596545677E-46,0.,1.));
#5696=DIRECTION('ref_axis',(0.,1.,0.));
#5697=DIRECTION('',(-1.,0.,-1.97057596545677E-46));
#5698=DIRECTION('',(1.,0.,1.97057596545677E-46));
#5699=DIRECTION('center_axis',(0.,-1.,0.));
#5700=DIRECTION('ref_axis',(-1.97057596545677E-46,0.,1.));
#5701=DIRECTION('center_axis',(-1.97057596545677E-46,0.,1.));
#5702=DIRECTION('ref_axis',(0.,-1.,0.));
#5703=DIRECTION('',(1.,0.,1.97057596545677E-46));
#5704=DIRECTION('',(-1.,0.,-1.97057596545677E-46));
#5705=DIRECTION('center_axis',(0.,1.,0.));
#5706=DIRECTION('ref_axis',(-1.97057596545677E-46,0.,1.));
#5707=DIRECTION('center_axis',(-1.97057596545677E-46,0.,1.));
#5708=DIRECTION('ref_axis',(0.,1.,0.));
#5709=DIRECTION('',(-1.,0.,-1.97057596545677E-46));
#5710=DIRECTION('',(1.,0.,1.97057596545677E-46));
#5711=DIRECTION('',(0.,1.,0.));
#5712=DIRECTION('center_axis',(0.,-1.,0.));
#5713=DIRECTION('ref_axis',(-1.97057596545677E-46,0.,1.));
#5714=DIRECTION('',(1.97057596545677E-46,0.,-1.));
#5715=DIRECTION('center_axis',(-1.97057596545677E-46,0.,1.));
#5716=DIRECTION('ref_axis',(0.,-1.,0.));
#5717=DIRECTION('',(1.,0.,1.97057596545677E-46));
#5718=DIRECTION('',(-1.,0.,-1.97057596545677E-46));
#5719=DIRECTION('center_axis',(0.,1.,0.));
#5720=DIRECTION('ref_axis',(-1.97057596545677E-46,0.,1.));
#5721=DIRECTION('center_axis',(-1.,0.,2.71926214689378E-32));
#5722=DIRECTION('ref_axis',(2.71926214689378E-32,0.,1.));
#5723=DIRECTION('',(1.97057596545677E-46,0.,-1.));
#5724=DIRECTION('center_axis',(2.71926214689378E-32,0.,1.));
#5725=DIRECTION('ref_axis',(0.,1.,0.));
#5726=DIRECTION('',(1.,0.,-2.71926214689378E-32));
#5727=DIRECTION('center_axis',(-1.97057596545677E-46,0.,1.));
#5728=DIRECTION('ref_axis',(0.,1.,0.));
#5729=DIRECTION('',(-1.,0.,-1.97057596545677E-46));
#5730=DIRECTION('',(1.,0.,1.97057596545677E-46));
#5731=DIRECTION('center_axis',(0.,-1.,0.));
#5732=DIRECTION('ref_axis',(-1.97057596545677E-46,0.,1.));
#5733=DIRECTION('center_axis',(-1.97057596545677E-46,0.,1.));
#5734=DIRECTION('ref_axis',(0.,-1.,0.));
#5735=DIRECTION('',(1.,0.,1.97057596545677E-46));
#5736=DIRECTION('',(-1.,0.,-1.97057596545677E-46));
#5737=DIRECTION('center_axis',(0.,1.,0.));
#5738=DIRECTION('ref_axis',(-1.97057596545677E-46,0.,1.));
#5739=DIRECTION('center_axis',(2.71926214689378E-32,0.,1.));
#5740=DIRECTION('ref_axis',(0.,1.,0.));
#5741=DIRECTION('',(1.,0.,-2.71926214689378E-32));
#5742=DIRECTION('',(0.,1.,0.));
#5743=DIRECTION('center_axis',(-1.97057596545677E-46,0.,1.));
#5744=DIRECTION('ref_axis',(0.,1.,0.));
#5745=DIRECTION('',(-1.,0.,-1.97057596545677E-46));
#5746=DIRECTION('',(1.,0.,1.97057596545677E-46));
#5747=DIRECTION('',(0.,1.,0.));
#5748=DIRECTION('center_axis',(0.,-1.,0.));
#5749=DIRECTION('ref_axis',(-1.97057596545677E-46,0.,1.));
#5750=DIRECTION('',(1.97057596545677E-46,0.,-1.));
#5751=DIRECTION('center_axis',(-1.97057596545677E-46,0.,1.));
#5752=DIRECTION('ref_axis',(0.,-1.,0.));
#5753=DIRECTION('',(1.,0.,1.97057596545677E-46));
#5754=DIRECTION('',(-1.,0.,-1.97057596545677E-46));
#5755=DIRECTION('center_axis',(0.,1.,0.));
#5756=DIRECTION('ref_axis',(-1.97057596545677E-46,0.,1.));
#5757=DIRECTION('center_axis',(-1.,0.,2.71926214689378E-32));
#5758=DIRECTION('ref_axis',(2.71926214689378E-32,0.,1.));
#5759=DIRECTION('',(1.97057596545677E-46,0.,-1.));
#5760=DIRECTION('center_axis',(2.71926214689378E-32,0.,1.));
#5761=DIRECTION('ref_axis',(0.,1.,0.));
#5762=DIRECTION('',(1.,0.,-2.71926214689378E-32));
#5763=DIRECTION('',(0.,1.,0.));
#5764=DIRECTION('center_axis',(-1.97057596545677E-46,0.,1.));
#5765=DIRECTION('ref_axis',(0.,1.,0.));
#5766=DIRECTION('',(-1.,0.,-1.97057596545677E-46));
#5767=DIRECTION('',(1.,0.,1.97057596545677E-46));
#5768=DIRECTION('',(0.,1.,0.));
#5769=DIRECTION('center_axis',(0.,-1.,0.));
#5770=DIRECTION('ref_axis',(-1.97057596545677E-46,0.,1.));
#5771=DIRECTION('',(1.97057596545677E-46,0.,-1.));
#5772=DIRECTION('center_axis',(-1.97057596545677E-46,0.,1.));
#5773=DIRECTION('ref_axis',(0.,-1.,0.));
#5774=DIRECTION('',(1.,0.,1.97057596545677E-46));
#5775=DIRECTION('',(-1.,0.,-1.97057596545677E-46));
#5776=DIRECTION('center_axis',(0.,1.,0.));
#5777=DIRECTION('ref_axis',(-1.97057596545677E-46,0.,1.));
#5778=DIRECTION('center_axis',(-1.,0.,2.71926214689378E-32));
#5779=DIRECTION('ref_axis',(2.71926214689378E-32,0.,1.));
#5780=DIRECTION('',(1.97057596545677E-46,0.,-1.));
#5781=DIRECTION('center_axis',(2.71926214689378E-32,0.,1.));
#5782=DIRECTION('ref_axis',(0.,1.,0.));
#5783=DIRECTION('',(1.,0.,-2.71926214689378E-32));
#5784=DIRECTION('',(0.,1.,0.));
#5785=DIRECTION('center_axis',(-1.97057596545677E-46,0.,1.));
#5786=DIRECTION('ref_axis',(0.,1.,0.));
#5787=DIRECTION('',(-1.,0.,-1.97057596545677E-46));
#5788=DIRECTION('',(1.,0.,1.97057596545677E-46));
#5789=DIRECTION('',(0.,1.,0.));
#5790=DIRECTION('center_axis',(0.,-1.,0.));
#5791=DIRECTION('ref_axis',(-1.97057596545677E-46,0.,1.));
#5792=DIRECTION('',(1.97057596545677E-46,0.,-1.));
#5793=DIRECTION('center_axis',(-1.97057596545677E-46,0.,1.));
#5794=DIRECTION('ref_axis',(0.,-1.,0.));
#5795=DIRECTION('',(1.,0.,1.97057596545677E-46));
#5796=DIRECTION('',(-1.,0.,-1.97057596545677E-46));
#5797=DIRECTION('center_axis',(0.,1.,0.));
#5798=DIRECTION('ref_axis',(-1.97057596545677E-46,0.,1.));
#5799=DIRECTION('center_axis',(-1.,0.,2.71926214689378E-32));
#5800=DIRECTION('ref_axis',(2.71926214689378E-32,0.,1.));
#5801=DIRECTION('',(1.97057596545677E-46,0.,-1.));
#5802=DIRECTION('center_axis',(2.71926214689378E-32,0.,1.));
#5803=DIRECTION('ref_axis',(0.,1.,0.));
#5804=DIRECTION('',(0.,1.,0.));
#5805=DIRECTION('',(1.,0.,-2.71926214689378E-32));
#5806=DIRECTION('',(0.,1.,0.));
#5807=DIRECTION('center_axis',(-1.97057596545677E-46,0.,1.));
#5808=DIRECTION('ref_axis',(0.,1.,0.));
#5809=DIRECTION('',(-1.,0.,-1.97057596545677E-46));
#5810=DIRECTION('',(0.,1.,0.));
#5811=DIRECTION('',(1.,0.,1.97057596545677E-46));
#5812=DIRECTION('',(0.,1.,0.));
#5813=DIRECTION('center_axis',(0.,-1.,0.));
#5814=DIRECTION('ref_axis',(-1.97057596545677E-46,0.,1.));
#5815=DIRECTION('',(1.97057596545677E-46,0.,-1.));
#5816=DIRECTION('',(1.97057596545677E-46,0.,-1.));
#5817=DIRECTION('center_axis',(-1.97057596545677E-46,0.,1.));
#5818=DIRECTION('ref_axis',(0.,-1.,0.));
#5819=DIRECTION('',(1.,0.,1.97057596545677E-46));
#5820=DIRECTION('',(-1.,0.,-1.97057596545677E-46));
#5821=DIRECTION('center_axis',(0.,1.,0.));
#5822=DIRECTION('ref_axis',(-1.97057596545677E-46,0.,1.));
#5823=DIRECTION('center_axis',(-1.,0.,0.));
#5824=DIRECTION('ref_axis',(0.,0.,1.));
#5825=DIRECTION('',(2.71926214689378E-32,0.,1.));
#5826=DIRECTION('center_axis',(-1.,0.,2.71926214689378E-32));
#5827=DIRECTION('ref_axis',(2.71926214689378E-32,0.,1.));
#5828=DIRECTION('',(1.97057596545677E-46,0.,-1.));
#5829=DIRECTION('center_axis',(2.71926214689378E-32,0.,1.));
#5830=DIRECTION('ref_axis',(0.,1.,0.));
#5831=DIRECTION('',(0.,1.,0.));
#5832=DIRECTION('',(1.,0.,-2.71926214689378E-32));
#5833=DIRECTION('',(0.,1.,0.));
#5834=DIRECTION('center_axis',(-1.97057596545677E-46,0.,1.));
#5835=DIRECTION('ref_axis',(0.,1.,0.));
#5836=DIRECTION('',(-1.,0.,-1.97057596545677E-46));
#5837=DIRECTION('',(0.,1.,0.));
#5838=DIRECTION('',(1.,0.,1.97057596545677E-46));
#5839=DIRECTION('',(0.,1.,0.));
#5840=DIRECTION('center_axis',(0.,-1.,0.));
#5841=DIRECTION('ref_axis',(-1.97057596545677E-46,0.,1.));
#5842=DIRECTION('',(1.97057596545677E-46,0.,-1.));
#5843=DIRECTION('',(1.97057596545677E-46,0.,-1.));
#5844=DIRECTION('center_axis',(-1.97057596545677E-46,0.,1.));
#5845=DIRECTION('ref_axis',(0.,-1.,0.));
#5846=DIRECTION('',(1.,0.,1.97057596545677E-46));
#5847=DIRECTION('',(-1.,0.,-1.97057596545677E-46));
#5848=DIRECTION('center_axis',(0.,1.,0.));
#5849=DIRECTION('ref_axis',(-1.97057596545677E-46,0.,1.));
#5850=DIRECTION('center_axis',(-1.,0.,0.));
#5851=DIRECTION('ref_axis',(0.,0.,1.));
#5852=DIRECTION('',(2.71926214689378E-32,0.,1.));
#5853=DIRECTION('center_axis',(-1.,0.,2.71926214689378E-32));
#5854=DIRECTION('ref_axis',(2.71926214689378E-32,0.,1.));
#5855=DIRECTION('',(1.97057596545677E-46,0.,-1.));
#5856=DIRECTION('center_axis',(2.71926214689378E-32,0.,1.));
#5857=DIRECTION('ref_axis',(0.,1.,0.));
#5858=DIRECTION('',(2.22044604925031E-16,1.,-1.22464679914735E-16));
#5859=DIRECTION('',(-1.,0.,0.));
#5860=DIRECTION('',(1.,0.,-2.71926214689378E-32));
#5861=DIRECTION('center_axis',(2.71926214689378E-32,0.,1.));
#5862=DIRECTION('ref_axis',(0.,1.,0.));
#5863=DIRECTION('',(1.,0.,-2.71926214689378E-32));
#5864=DIRECTION('',(0.,1.,0.));
#5865=DIRECTION('center_axis',(-1.97057596545677E-46,0.,1.));
#5866=DIRECTION('ref_axis',(0.,1.,0.));
#5867=DIRECTION('',(1.,0.,1.97057596545677E-46));
#5868=DIRECTION('',(0.,1.,0.));
#5869=DIRECTION('',(-1.,0.,-1.97057596545677E-46));
#5870=DIRECTION('',(0.,1.,0.));
#5871=DIRECTION('',(-1.,0.,-1.97057596545677E-46));
#5872=DIRECTION('center_axis',(0.,-1.,0.));
#5873=DIRECTION('ref_axis',(-1.97057596545677E-46,0.,1.));
#5874=DIRECTION('',(1.97057596545677E-46,0.,-1.));
#5875=DIRECTION('center_axis',(-1.,0.,2.71926214689378E-32));
#5876=DIRECTION('ref_axis',(2.71926214689378E-32,0.,1.));
#5877=DIRECTION('',(1.97057596545677E-46,0.,-1.));
#5878=DIRECTION('',(-2.71926214689378E-32,0.,-1.));
#5879=DIRECTION('center_axis',(-1.,0.,-1.97057596545677E-46));
#5880=DIRECTION('ref_axis',(1.97057596545677E-46,0.,-1.));
#5881=DIRECTION('',(1.97057596545677E-46,0.,-1.));
#5882=DIRECTION('',(0.,1.,0.));
#5883=DIRECTION('',(-1.97057596545677E-46,0.,1.));
#5884=DIRECTION('',(0.,1.,0.));
#5885=DIRECTION('center_axis',(0.,-1.,0.));
#5886=DIRECTION('ref_axis',(-1.97057596545677E-46,0.,1.));
#5887=DIRECTION('',(1.,0.,-2.71926214689378E-32));
#5888=DIRECTION('',(1.97057596545677E-46,0.,-1.));
#5889=DIRECTION('',(-1.,0.,-1.97057596545677E-46));
#5890=DIRECTION('center_axis',(2.71926214689378E-32,0.,1.));
#5891=DIRECTION('ref_axis',(0.,1.,0.));
#5892=DIRECTION('',(-1.,0.,2.71926214689378E-32));
#5893=DIRECTION('',(0.,1.,0.));
#5894=DIRECTION('center_axis',(-1.97057596545677E-46,0.,1.));
#5895=DIRECTION('ref_axis',(0.,1.,0.));
#5896=DIRECTION('',(0.,1.,0.));
#5897=DIRECTION('',(1.,0.,1.97057596545677E-46));
#5898=DIRECTION('',(0.,1.,0.));
#5899=DIRECTION('',(-1.,0.,-1.97057596545677E-46));
#5900=DIRECTION('',(0.,1.,0.));
#5901=DIRECTION('',(1.,0.,1.97057596545677E-46));
#5902=DIRECTION('center_axis',(0.,1.,0.));
#5903=DIRECTION('ref_axis',(-1.97057596545677E-46,0.,1.));
#5904=DIRECTION('',(-1.97057596545677E-46,0.,1.));
#5905=DIRECTION('center_axis',(-1.,0.,0.));
#5906=DIRECTION('ref_axis',(0.,0.,1.));
#5907=DIRECTION('',(1.97057596545677E-46,0.,-1.));
#5908=DIRECTION('',(2.71926214689378E-32,0.,1.));
#5909=DIRECTION('center_axis',(-2.71926214689378E-32,-1.22464679914735E-16,
-1.));
#5910=DIRECTION('ref_axis',(2.22044604925031E-16,1.,-1.22464679914735E-16));
#5911=DIRECTION('center_axis',(2.71926214689378E-32,1.22464679914735E-16,
1.));
#5912=DIRECTION('ref_axis',(-2.22044604925031E-16,-1.,1.22464679914735E-16));
#5913=DIRECTION('center_axis',(2.71926214689378E-32,1.22464679914735E-16,
1.));
#5914=DIRECTION('ref_axis',(-2.22044604925031E-16,-1.,1.22464679914735E-16));
#5915=DIRECTION('',(-2.43604851491927E-16,-0.707106781186548,-0.707106781186548));
#5916=DIRECTION('center_axis',(-2.71926214689378E-32,-1.22464679914735E-16,
-1.));
#5917=DIRECTION('ref_axis',(-2.22044604925031E-16,-1.,1.22464679914735E-16));
#5918=DIRECTION('center_axis',(2.71926214689378E-32,1.22464679914735E-16,
1.));
#5919=DIRECTION('ref_axis',(-2.22044604925031E-16,-1.,1.22464679914735E-16));
#5920=DIRECTION('',(-2.43604851491927E-16,-0.707106781186548,-0.707106781186548));
#5921=DIRECTION('center_axis',(-2.71926214689378E-32,-1.22464679914735E-16,
-1.));
#5922=DIRECTION('ref_axis',(-2.22044604925031E-16,-1.,1.22464679914735E-16));
#5923=DIRECTION('center_axis',(2.71926214689378E-32,1.22464679914735E-16,
1.));
#5924=DIRECTION('ref_axis',(-2.22044604925031E-16,-1.,1.22464679914735E-16));
#5925=DIRECTION('',(-2.43604851491927E-16,-0.707106781186548,-0.707106781186548));
#5926=DIRECTION('center_axis',(-2.71926214689378E-32,-1.22464679914735E-16,
-1.));
#5927=DIRECTION('ref_axis',(-2.22044604925031E-16,-1.,1.22464679914735E-16));
#5928=DIRECTION('center_axis',(1.,-2.22044604925031E-16,0.));
#5929=DIRECTION('ref_axis',(2.22044604925031E-16,1.,-1.22464679914735E-16));
#5930=DIRECTION('',(2.71926214689378E-32,1.22464679914735E-16,1.));
#5931=DIRECTION('',(2.22044604925031E-16,1.,-1.22464679914735E-16));
#5932=DIRECTION('',(2.71926214689378E-32,1.22464679914735E-16,1.));
#5933=DIRECTION('center_axis',(2.71926214689378E-32,1.22464679914735E-16,
1.));
#5934=DIRECTION('ref_axis',(-1.,2.22044604925031E-16,0.));
#5935=DIRECTION('center_axis',(-2.71926214689378E-32,-1.22464679914735E-16,
-1.));
#5936=DIRECTION('ref_axis',(-1.,2.22044604925031E-16,0.));
#5937=DIRECTION('',(2.71926214689378E-32,1.22464679914735E-16,1.));
#5938=DIRECTION('center_axis',(-1.,2.22044604925031E-16,0.));
#5939=DIRECTION('ref_axis',(-2.22044604925031E-16,-1.,1.22464679914735E-16));
#5940=DIRECTION('',(-2.22044604925031E-16,-1.,1.22464679914735E-16));
#5941=DIRECTION('',(2.71926214689378E-32,1.22464679914735E-16,1.));
#5942=DIRECTION('center_axis',(-2.71926214689378E-32,-1.22464679914735E-16,
-1.));
#5943=DIRECTION('ref_axis',(-2.22044604925031E-16,-1.,1.22464679914735E-16));
#5944=DIRECTION('',(-2.71926214689378E-32,-1.22464679914735E-16,-1.));
#5945=DIRECTION('center_axis',(-2.71926214689378E-32,-1.22464679914735E-16,
-1.));
#5946=DIRECTION('ref_axis',(-2.22044604925031E-16,-1.,1.22464679914735E-16));
#5947=DIRECTION('',(-2.71926214689378E-32,-1.22464679914735E-16,-1.));
#5948=DIRECTION('center_axis',(2.71926214689378E-32,1.22464679914735E-16,
1.));
#5949=DIRECTION('ref_axis',(-2.22044604925031E-16,-1.,1.22464679914735E-16));
#5950=DIRECTION('center_axis',(-2.71926214689378E-32,-1.22464679914735E-16,
-1.));
#5951=DIRECTION('ref_axis',(-2.22044604925031E-16,-1.,1.22464679914735E-16));
#5952=DIRECTION('',(-2.71926214689378E-32,-1.22464679914735E-16,-1.));
#5953=DIRECTION('center_axis',(2.71926214689378E-32,1.22464679914735E-16,
1.));
#5954=DIRECTION('ref_axis',(-2.22044604925031E-16,-1.,1.22464679914735E-16));
#5955=DIRECTION('',(-2.43604851491927E-16,-0.707106781186547,-0.707106781186547));
#5956=DIRECTION('center_axis',(-2.71926214689378E-32,-1.22464679914735E-16,
-1.));
#5957=DIRECTION('ref_axis',(-2.22044604925031E-16,-1.,1.22464679914735E-16));
#5958=DIRECTION('center_axis',(2.71926214689378E-32,1.22464679914735E-16,
1.));
#5959=DIRECTION('ref_axis',(-2.22044604925031E-16,-1.,1.22464679914735E-16));
#5960=DIRECTION('',(-2.43604851491927E-16,-0.707106781186548,-0.707106781186548));
#5961=DIRECTION('center_axis',(-2.71926214689378E-32,-1.22464679914735E-16,
-1.));
#5962=DIRECTION('ref_axis',(-2.22044604925031E-16,-1.,1.22464679914735E-16));
#5963=DIRECTION('center_axis',(2.71926214689378E-32,1.22464679914735E-16,
1.));
#5964=DIRECTION('ref_axis',(-2.22044604925031E-16,-1.,1.22464679914735E-16));
#5965=DIRECTION('',(-2.43604851491927E-16,-0.707106781186548,-0.707106781186548));
#5966=DIRECTION('center_axis',(-2.71926214689378E-32,-1.22464679914735E-16,
-1.));
#5967=DIRECTION('ref_axis',(-2.22044604925031E-16,-1.,1.22464679914735E-16));
#5968=DIRECTION('center_axis',(-2.22044604925031E-16,-1.,1.22464679914735E-16));
#5969=DIRECTION('ref_axis',(1.,-2.22044604925031E-16,0.));
#5970=DIRECTION('',(1.,-2.22044604925031E-16,0.));
#5971=DIRECTION('',(2.71926214689378E-32,1.22464679914735E-16,1.));
#5972=DIRECTION('center_axis',(-2.22044604925031E-16,-1.,1.22464679914735E-16));
#5973=DIRECTION('ref_axis',(1.,-2.22044604925031E-16,0.));
#5974=DIRECTION('',(2.71926214689378E-32,1.22464679914735E-16,1.));
#5975=DIRECTION('',(1.,-2.22044604925031E-16,0.));
#5976=DIRECTION('center_axis',(2.71926214689378E-32,1.22464679914735E-16,
1.));
#5977=DIRECTION('ref_axis',(-2.22044604925031E-16,-1.,1.22464679914735E-16));
#5978=DIRECTION('',(-2.22044604925031E-16,-1.,1.22464679914735E-16));
#5979=DIRECTION('',(-1.,2.22044604925031E-16,0.));
#5980=DIRECTION('',(2.22044604925031E-16,1.,-1.22464679914735E-16));
#5981=DIRECTION('center_axis',(2.71926214689378E-32,1.22464679914735E-16,
1.));
#5982=DIRECTION('ref_axis',(-2.22044604925031E-16,-1.,1.22464679914735E-16));
#5983=DIRECTION('',(-1.,2.22044604925031E-16,0.));
#5984=DIRECTION('',(2.22044604925031E-16,1.,-1.22464679914735E-16));
#5985=DIRECTION('',(1.,-2.22044604925031E-16,0.));
#5986=DIRECTION('',(2.22044604925031E-16,1.,-1.22464679914735E-16));
#5987=DIRECTION('',(-1.,2.22044604925031E-16,0.));
#5988=DIRECTION('',(2.22044604925031E-16,1.,-1.22464679914735E-16));
#5989=DIRECTION('',(1.,-2.22044604925031E-16,0.));
#5990=DIRECTION('',(-2.22044604925031E-16,-1.,1.22464679914735E-16));
#5991=DIRECTION('center_axis',(-1.,2.22044604925031E-16,0.));
#5992=DIRECTION('ref_axis',(-2.22044604925031E-16,-1.,1.22464679914735E-16));
#5993=DIRECTION('',(2.71926214689378E-32,1.22464679914735E-16,1.));
#5994=DIRECTION('',(2.71926214689378E-32,1.22464679914735E-16,1.));
#5995=DIRECTION('center_axis',(2.22044604925031E-16,1.,-1.22464679914735E-16));
#5996=DIRECTION('ref_axis',(-2.71926214689378E-32,-1.22464679914735E-16,
-1.));
#5997=DIRECTION('center_axis',(-2.22044604925031E-16,-1.,1.22464679914735E-16));
#5998=DIRECTION('ref_axis',(-2.71926214689378E-32,-1.22464679914735E-16,
-1.));
#5999=DIRECTION('',(2.22044604925031E-16,1.,-1.22464679914735E-16));
#6000=DIRECTION('center_axis',(2.22044604925031E-16,1.,-1.22464679914735E-16));
#6001=DIRECTION('ref_axis',(-2.71926214689378E-32,-1.22464679914735E-16,
-1.));
#6002=DIRECTION('center_axis',(2.71926214689378E-32,1.22464679914735E-16,
1.));
#6003=DIRECTION('ref_axis',(1.,-2.22044604925031E-16,0.));
#6004=DIRECTION('',(-1.,2.22044604925031E-16,0.));
#6005=DIRECTION('',(2.22044604925031E-16,1.,-1.22464679914735E-16));
#6006=DIRECTION('',(1.,-2.22044604925031E-16,0.));
#6007=DIRECTION('center_axis',(-1.,2.22044604925031E-16,0.));
#6008=DIRECTION('ref_axis',(-2.22044604925031E-16,-1.,1.22464679914735E-16));
#6009=DIRECTION('',(2.71926214689378E-32,1.22464679914735E-16,1.));
#6010=DIRECTION('',(2.71926214689378E-32,1.22464679914735E-16,1.));
#6011=DIRECTION('center_axis',(-2.71926214689378E-32,-1.22464679914735E-16,
-1.));
#6012=DIRECTION('ref_axis',(2.22044604925031E-16,1.,-1.22464679914735E-16));
#6013=DIRECTION('center_axis',(-2.22044604925031E-16,-1.,1.22464679914735E-16));
#6014=DIRECTION('ref_axis',(2.71926214689378E-32,1.22464679914735E-16,1.));
#6015=DIRECTION('center_axis',(-2.22044604925031E-16,-1.,1.22464679914735E-16));
#6016=DIRECTION('ref_axis',(2.71926214689378E-32,1.22464679914735E-16,1.));
#6017=DIRECTION('',(2.22044604925031E-16,1.,-1.22464679914735E-16));
#6018=DIRECTION('center_axis',(2.22044604925031E-16,1.,-1.22464679914735E-16));
#6019=DIRECTION('ref_axis',(2.71926214689378E-32,1.22464679914735E-16,1.));
#6020=DIRECTION('center_axis',(2.71926214689378E-32,1.22464679914735E-16,
1.));
#6021=DIRECTION('ref_axis',(-1.,2.22044604925031E-16,0.));
#6022=DIRECTION('',(-1.,2.22044604925031E-16,0.));
#6023=DIRECTION('',(2.22044604925031E-16,1.,-1.22464679914735E-16));
#6024=DIRECTION('',(1.,-2.22044604925031E-16,0.));
#6025=DIRECTION('center_axis',(-2.71926214689378E-32,-1.22464679914735E-16,
-1.));
#6026=DIRECTION('ref_axis',(-2.22044604925031E-16,-1.,1.22464679914735E-16));
#6027=DIRECTION('',(-2.71926214689378E-32,-1.22464679914735E-16,-1.));
#6028=DIRECTION('center_axis',(-2.71926214689378E-32,-1.22464679914735E-16,
-1.));
#6029=DIRECTION('ref_axis',(-2.22044604925031E-16,-1.,1.22464679914735E-16));
#6030=DIRECTION('',(-2.71926214689378E-32,-1.22464679914735E-16,-1.));
#6031=DIRECTION('center_axis',(-2.71926214689378E-32,-1.22464679914735E-16,
-1.));
#6032=DIRECTION('ref_axis',(-2.22044604925031E-16,-1.,1.22464679914735E-16));
#6033=DIRECTION('',(-2.71926214689378E-32,-1.22464679914735E-16,-1.));
#6034=DIRECTION('center_axis',(-1.,2.22044604925031E-16,0.));
#6035=DIRECTION('ref_axis',(-2.22044604925031E-16,-1.,1.22464679914735E-16));
#6036=DIRECTION('',(2.71926214689378E-32,1.22464679914735E-16,1.));
#6037=DIRECTION('',(0.,0.,-1.));
#6038=DIRECTION('center_axis',(2.22044604925031E-16,1.,-1.22464679914735E-16));
#6039=DIRECTION('ref_axis',(-1.,2.22044604925031E-16,0.));
#6040=DIRECTION('',(0.,0.,-1.));
#6041=DIRECTION('center_axis',(1.,-2.22044604925031E-16,0.));
#6042=DIRECTION('ref_axis',(2.22044604925031E-16,1.,-1.22464679914735E-16));
#6043=DIRECTION('',(2.71926214689378E-32,1.22464679914735E-16,1.));
#6044=DIRECTION('center_axis',(2.22044604925031E-16,1.,-1.22464679914735E-16));
#6045=DIRECTION('ref_axis',(-1.,2.22044604925031E-16,0.));
#6046=DIRECTION('center_axis',(1.,-2.22044604925031E-16,0.));
#6047=DIRECTION('ref_axis',(2.22044604925031E-16,1.,-1.22464679914735E-16));
#6048=DIRECTION('',(2.71926214689378E-32,1.22464679914735E-16,1.));
#6049=DIRECTION('',(2.71926214689378E-32,1.22464679914735E-16,1.));
#6050=DIRECTION('center_axis',(-2.22044604925031E-16,-1.,1.22464679914735E-16));
#6051=DIRECTION('ref_axis',(2.71926214689378E-32,1.22464679914735E-16,1.));
#6052=DIRECTION('center_axis',(-2.22044604925031E-16,-1.,1.22464679914735E-16));
#6053=DIRECTION('ref_axis',(2.71926214689378E-32,1.22464679914735E-16,1.));
#6054=DIRECTION('center_axis',(2.22044604925031E-16,1.,-1.22464679914735E-16));
#6055=DIRECTION('ref_axis',(2.71926214689378E-32,1.22464679914735E-16,1.));
#6056=DIRECTION('center_axis',(2.22044604925031E-16,1.,-1.22464679914735E-16));
#6057=DIRECTION('ref_axis',(-1.,2.22044604925031E-16,0.));
#6058=DIRECTION('',(0.,0.,-1.));
#6059=DIRECTION('center_axis',(1.,-2.22044604925031E-16,0.));
#6060=DIRECTION('ref_axis',(2.22044604925031E-16,1.,-1.22464679914735E-16));
#6061=DIRECTION('',(2.71926214689378E-32,1.22464679914735E-16,1.));
#6062=DIRECTION('center_axis',(-2.22044604925031E-16,-1.,1.22464679914735E-16));
#6063=DIRECTION('ref_axis',(1.,-2.22044604925031E-16,0.));
#6064=DIRECTION('',(2.71926214689378E-32,1.22464679914735E-16,1.));
#6065=DIRECTION('center_axis',(1.,-2.22044604925031E-16,0.));
#6066=DIRECTION('ref_axis',(2.22044604925031E-16,1.,-1.22464679914735E-16));
#6067=DIRECTION('',(2.71926214689378E-32,1.22464679914735E-16,1.));
#6068=DIRECTION('center_axis',(2.22044604925031E-16,1.,-1.22464679914735E-16));
#6069=DIRECTION('ref_axis',(-1.,2.22044604925031E-16,0.));
#6070=DIRECTION('',(2.71926214689378E-32,1.22464679914735E-16,1.));
#6071=DIRECTION('center_axis',(1.,-2.22044604925031E-16,0.));
#6072=DIRECTION('ref_axis',(2.22044604925031E-16,1.,-1.22464679914735E-16));
#6073=DIRECTION('',(2.71926214689378E-32,1.22464679914735E-16,1.));
#6074=DIRECTION('center_axis',(-2.22044604925031E-16,-1.,1.22464679914735E-16));
#6075=DIRECTION('ref_axis',(1.,-2.22044604925031E-16,0.));
#6076=DIRECTION('center_axis',(-2.22044604925031E-16,-1.,1.22464679914735E-16));
#6077=DIRECTION('ref_axis',(-2.71926214689378E-32,-1.22464679914735E-16,
-1.));
#6078=DIRECTION('center_axis',(2.22044604925031E-16,1.,-1.22464679914735E-16));
#6079=DIRECTION('ref_axis',(-2.71926214689378E-32,-1.22464679914735E-16,
-1.));
#6080=DIRECTION('center_axis',(2.22044604925031E-16,1.,-1.22464679914735E-16));
#6081=DIRECTION('ref_axis',(-2.71926214689378E-32,-1.22464679914735E-16,
-1.));
#6082=DIRECTION('center_axis',(-1.97057596545677E-46,0.,1.));
#6083=DIRECTION('ref_axis',(0.,1.,0.));
#6084=DIRECTION('',(-1.,0.,-1.97057596545677E-46));
#6085=DIRECTION('',(1.,0.,1.97057596545677E-46));
#6086=DIRECTION('center_axis',(0.,-1.,0.));
#6087=DIRECTION('ref_axis',(-1.97057596545677E-46,0.,1.));
#6088=DIRECTION('center_axis',(-1.97057596545677E-46,0.,1.));
#6089=DIRECTION('ref_axis',(0.,-1.,0.));
#6090=DIRECTION('',(1.,0.,1.97057596545677E-46));
#6091=DIRECTION('',(-1.,0.,-1.97057596545677E-46));
#6092=DIRECTION('center_axis',(0.,1.,0.));
#6093=DIRECTION('ref_axis',(-1.97057596545677E-46,0.,1.));
#6094=DIRECTION('center_axis',(0.,1.,0.));
#6095=DIRECTION('ref_axis',(-2.71926214689378E-32,0.,-1.));
#6096=DIRECTION('center_axis',(0.,-1.,0.));
#6097=DIRECTION('ref_axis',(2.71926214689378E-32,0.,1.));
#6098=CARTESIAN_POINT('',(0.,0.,0.));
#6099=CARTESIAN_POINT('Origin',(27.7493466900366,108.881835087334,12.3986031792164));
#6100=CARTESIAN_POINT('',(40.2993466900366,106.631835087334,12.3986031792164));
#6101=CARTESIAN_POINT('',(40.2993466900366,111.131835087334,12.3986031792164));
#6102=CARTESIAN_POINT('',(40.2993466900366,81.5068350873336,12.3986031792164));
#6103=CARTESIAN_POINT('',(44.2993466900366,106.631835087334,12.3986031792164));
#6104=CARTESIAN_POINT('',(27.7493466900366,106.631835087334,12.3986031792164));
#6105=CARTESIAN_POINT('',(44.2993466900366,111.131835087334,12.3986031792164));
#6106=CARTESIAN_POINT('',(44.2993466900366,81.5068350873336,12.3986031792164));
#6107=CARTESIAN_POINT('',(27.7493466900366,111.131835087334,12.3986031792164));
#6108=CARTESIAN_POINT('Origin',(27.7493466900366,108.881835087334,12.3986031792164));
#6109=CARTESIAN_POINT('',(34.4793466900366,106.631835087334,12.3986031792164));
#6110=CARTESIAN_POINT('',(34.4793466900366,111.131835087334,12.3986031792164));
#6111=CARTESIAN_POINT('',(34.4793466900366,81.5068350873336,12.3986031792164));
#6112=CARTESIAN_POINT('',(38.4793466900366,106.631835087334,12.3986031792164));
#6113=CARTESIAN_POINT('',(27.7493466900366,106.631835087334,12.3986031792164));
#6114=CARTESIAN_POINT('',(38.4793466900366,111.131835087334,12.3986031792164));
#6115=CARTESIAN_POINT('',(38.4793466900366,81.5068350873336,12.3986031792164));
#6116=CARTESIAN_POINT('',(27.7493466900366,111.131835087334,12.3986031792164));
#6117=CARTESIAN_POINT('Origin',(27.7493466900366,108.881835087334,12.3986031792164));
#6118=CARTESIAN_POINT('',(28.6593466900366,106.631835087334,12.3986031792164));
#6119=CARTESIAN_POINT('',(28.6593466900366,111.131835087334,12.3986031792164));
#6120=CARTESIAN_POINT('',(28.6593466900366,81.5068350873336,12.3986031792164));
#6121=CARTESIAN_POINT('',(32.6593466900366,106.631835087334,12.3986031792164));
#6122=CARTESIAN_POINT('',(27.7493466900366,106.631835087334,12.3986031792164));
#6123=CARTESIAN_POINT('',(32.6593466900366,111.131835087334,12.3986031792164));
#6124=CARTESIAN_POINT('',(32.6593466900366,81.5068350873336,12.3986031792164));
#6125=CARTESIAN_POINT('',(27.7493466900366,111.131835087334,12.3986031792164));
#6126=CARTESIAN_POINT('Origin',(27.7493466900366,108.881835087334,12.3986031792164));
#6127=CARTESIAN_POINT('',(22.8393466900366,106.631835087334,12.3986031792164));
#6128=CARTESIAN_POINT('',(22.8393466900366,111.131835087334,12.3986031792164));
#6129=CARTESIAN_POINT('',(22.8393466900366,81.5068350873336,12.3986031792164));
#6130=CARTESIAN_POINT('',(26.8393466900366,106.631835087334,12.3986031792164));
#6131=CARTESIAN_POINT('',(27.7493466900366,106.631835087334,12.3986031792164));
#6132=CARTESIAN_POINT('',(26.8393466900366,111.131835087334,12.3986031792164));
#6133=CARTESIAN_POINT('',(26.8393466900366,81.5068350873336,12.3986031792164));
#6134=CARTESIAN_POINT('',(27.7493466900366,111.131835087334,12.3986031792164));
#6135=CARTESIAN_POINT('Origin',(27.7493466900366,108.881835087334,12.3986031792164));
#6136=CARTESIAN_POINT('',(17.0193466900366,106.631835087334,12.3986031792164));
#6137=CARTESIAN_POINT('',(17.0193466900366,111.131835087334,12.3986031792164));
#6138=CARTESIAN_POINT('',(17.0193466900366,81.5068350873336,12.3986031792164));
#6139=CARTESIAN_POINT('',(21.0193466900366,106.631835087334,12.3986031792164));
#6140=CARTESIAN_POINT('',(27.7493466900366,106.631835087334,12.3986031792164));
#6141=CARTESIAN_POINT('',(21.0193466900366,111.131835087334,12.3986031792164));
#6142=CARTESIAN_POINT('',(21.0193466900366,81.5068350873336,12.3986031792164));
#6143=CARTESIAN_POINT('',(27.7493466900366,111.131835087334,12.3986031792164));
#6144=CARTESIAN_POINT('Origin',(27.7493466900366,108.881835087334,12.3986031792164));
#6145=CARTESIAN_POINT('',(15.1993466900366,111.131835087334,12.3986031792164));
#6146=CARTESIAN_POINT('',(15.1993466900366,106.631835087334,12.3986031792164));
#6147=CARTESIAN_POINT('',(15.1993466900366,81.5068350873336,12.3986031792164));
#6148=CARTESIAN_POINT('',(11.1993466900366,111.131835087334,12.3986031792164));
#6149=CARTESIAN_POINT('',(27.7493466900366,111.131835087334,12.3986031792164));
#6150=CARTESIAN_POINT('',(11.1993466900366,106.631835087334,12.3986031792164));
#6151=CARTESIAN_POINT('',(11.1993466900366,81.5068350873336,12.3986031792164));
#6152=CARTESIAN_POINT('',(27.7493466900366,106.631835087334,12.3986031792164));
#6153=CARTESIAN_POINT('Origin',(11.1993466900366,54.1318350873336,10.3986031792164));
#6154=CARTESIAN_POINT('',(11.1993466900366,106.631835087334,5.39860317921641));
#6155=CARTESIAN_POINT('',(11.1993466900366,106.631835087334,9.64860317921641));
#6156=CARTESIAN_POINT('',(11.1993466900366,111.131835087334,16.8986031792164));
#6157=CARTESIAN_POINT('',(11.1993466900366,111.131835087334,10.3986031792164));
#6158=CARTESIAN_POINT('',(11.1993466900366,109.231835087334,16.8986031792164));
#6159=CARTESIAN_POINT('',(11.1993466900366,110.181835087334,16.8986031792164));
#6160=CARTESIAN_POINT('',(11.1993466900366,109.231835087334,15.3986031792164));
#6161=CARTESIAN_POINT('',(11.1993466900366,109.231835087334,16.1486031792164));
#6162=CARTESIAN_POINT('',(11.1993466900366,72.3318350873336,15.3986031792164));
#6163=CARTESIAN_POINT('',(11.1993466900366,54.1318350873336,15.3986031792164));
#6164=CARTESIAN_POINT('',(11.1993466900366,72.3318350873336,5.39860317921641));
#6165=CARTESIAN_POINT('',(11.1993466900366,72.3318350873336,7.89860317921641));
#6166=CARTESIAN_POINT('',(11.1993466900366,54.1318350873336,5.39860317921641));
#6167=CARTESIAN_POINT('Origin',(42.759462074652,106.631835087334,5.39860317921641));
#6168=CARTESIAN_POINT('',(17.0193466900366,106.631835087334,15.3986031792164));
#6169=CARTESIAN_POINT('',(17.0193466900366,106.631835087334,7.89860317921641));
#6170=CARTESIAN_POINT('',(15.1993466900366,106.631835087334,15.3986031792164));
#6171=CARTESIAN_POINT('',(29.6394043823443,106.631835087334,15.3986031792164));
#6172=CARTESIAN_POINT('',(15.1993466900366,106.631835087334,7.89860317921641));
#6173=CARTESIAN_POINT('',(44.2993466900366,106.631835087334,5.39860317921641));
#6174=CARTESIAN_POINT('',(27.7543466900366,106.631835087334,5.39860317921641));
#6175=CARTESIAN_POINT('',(44.2993466900366,106.631835087334,9.64860317921641));
#6176=CARTESIAN_POINT('',(40.2993466900366,106.631835087334,15.3986031792164));
#6177=CARTESIAN_POINT('',(40.2993466900366,106.631835087334,7.89860317921641));
#6178=CARTESIAN_POINT('',(38.4793466900366,106.631835087334,15.3986031792164));
#6179=CARTESIAN_POINT('',(41.2794043823443,106.631835087334,15.3986031792164));
#6180=CARTESIAN_POINT('',(38.4793466900366,106.631835087334,7.89860317921641));
#6181=CARTESIAN_POINT('',(34.4793466900366,106.631835087334,15.3986031792164));
#6182=CARTESIAN_POINT('',(34.4793466900366,106.631835087334,7.89860317921641));
#6183=CARTESIAN_POINT('',(32.6593466900366,106.631835087334,15.3986031792164));
#6184=CARTESIAN_POINT('',(38.3694043823443,106.631835087334,15.3986031792164));
#6185=CARTESIAN_POINT('',(32.6593466900366,106.631835087334,7.89860317921641));
#6186=CARTESIAN_POINT('',(28.6593466900366,106.631835087334,15.3986031792164));
#6187=CARTESIAN_POINT('',(28.6593466900366,106.631835087334,7.89860317921641));
#6188=CARTESIAN_POINT('',(26.8393466900366,106.631835087334,15.3986031792164));
#6189=CARTESIAN_POINT('',(35.4594043823443,106.631835087334,15.3986031792164));
#6190=CARTESIAN_POINT('',(26.8393466900366,106.631835087334,7.89860317921641));
#6191=CARTESIAN_POINT('',(22.8393466900366,106.631835087334,15.3986031792164));
#6192=CARTESIAN_POINT('',(22.8393466900366,106.631835087334,7.89860317921641));
#6193=CARTESIAN_POINT('',(21.0193466900366,106.631835087334,15.3986031792164));
#6194=CARTESIAN_POINT('',(32.5494043823443,106.631835087334,15.3986031792164));
#6195=CARTESIAN_POINT('',(21.0193466900366,106.631835087334,7.89860317921641));
#6196=CARTESIAN_POINT('Origin',(17.0193466900366,54.1318350873336,10.3986031792164));
#6197=CARTESIAN_POINT('',(17.0193466900366,111.131835087334,16.8986031792164));
#6198=CARTESIAN_POINT('',(17.0193466900366,111.131835087334,10.3986031792164));
#6199=CARTESIAN_POINT('',(17.0193466900366,109.231835087334,16.8986031792164));
#6200=CARTESIAN_POINT('',(17.0193466900366,110.181835087334,16.8986031792164));
#6201=CARTESIAN_POINT('',(17.0193466900366,109.231835087334,15.3986031792164));
#6202=CARTESIAN_POINT('',(17.0193466900366,109.231835087334,16.1486031792164));
#6203=CARTESIAN_POINT('',(17.0193466900366,54.1318350873336,15.3986031792164));
#6204=CARTESIAN_POINT('Origin',(22.8393466900366,54.1318350873336,10.3986031792164));
#6205=CARTESIAN_POINT('',(22.8393466900366,111.131835087334,16.8986031792164));
#6206=CARTESIAN_POINT('',(22.8393466900366,111.131835087334,10.3986031792164));
#6207=CARTESIAN_POINT('',(22.8393466900366,109.231835087334,16.8986031792164));
#6208=CARTESIAN_POINT('',(22.8393466900366,110.181835087334,16.8986031792164));
#6209=CARTESIAN_POINT('',(22.8393466900366,109.231835087334,15.3986031792164));
#6210=CARTESIAN_POINT('',(22.8393466900366,109.231835087334,16.1486031792164));
#6211=CARTESIAN_POINT('',(22.8393466900366,54.1318350873336,15.3986031792164));
#6212=CARTESIAN_POINT('Origin',(28.6593466900366,54.1318350873336,10.3986031792164));
#6213=CARTESIAN_POINT('',(28.6593466900366,111.131835087334,16.8986031792164));
#6214=CARTESIAN_POINT('',(28.6593466900366,111.131835087334,10.3986031792164));
#6215=CARTESIAN_POINT('',(28.6593466900366,109.231835087334,16.8986031792164));
#6216=CARTESIAN_POINT('',(28.6593466900366,110.181835087334,16.8986031792164));
#6217=CARTESIAN_POINT('',(28.6593466900366,109.231835087334,15.3986031792164));
#6218=CARTESIAN_POINT('',(28.6593466900366,109.231835087334,16.1486031792164));
#6219=CARTESIAN_POINT('',(28.6593466900366,54.1318350873336,15.3986031792164));
#6220=CARTESIAN_POINT('Origin',(34.4793466900366,54.1318350873336,10.3986031792164));
#6221=CARTESIAN_POINT('',(34.4793466900366,111.131835087334,16.8986031792164));
#6222=CARTESIAN_POINT('',(34.4793466900366,111.131835087334,10.3986031792164));
#6223=CARTESIAN_POINT('',(34.4793466900366,109.231835087334,16.8986031792164));
#6224=CARTESIAN_POINT('',(34.4793466900366,110.181835087334,16.8986031792164));
#6225=CARTESIAN_POINT('',(34.4793466900366,109.231835087334,15.3986031792164));
#6226=CARTESIAN_POINT('',(34.4793466900366,109.231835087334,16.1486031792164));
#6227=CARTESIAN_POINT('',(34.4793466900366,54.1318350873336,15.3986031792164));
#6228=CARTESIAN_POINT('Origin',(38.4793466900366,54.1318350873336,10.3986031792164));
#6229=CARTESIAN_POINT('',(38.4793466900366,109.231835087334,15.3986031792164));
#6230=CARTESIAN_POINT('',(38.4793466900366,54.1318350873336,15.3986031792164));
#6231=CARTESIAN_POINT('',(38.4793466900366,109.231835087334,16.8986031792164));
#6232=CARTESIAN_POINT('',(38.4793466900366,109.231835087334,16.1486031792164));
#6233=CARTESIAN_POINT('',(38.4793466900366,111.131835087334,16.8986031792164));
#6234=CARTESIAN_POINT('',(38.4793466900366,110.181835087334,16.8986031792164));
#6235=CARTESIAN_POINT('',(38.4793466900366,111.131835087334,16.1486031792164));
#6236=CARTESIAN_POINT('Origin',(44.2993466900366,54.1318350873336,10.3986031792164));
#6237=CARTESIAN_POINT('',(44.2993466900366,72.3318350873336,5.39860317921641));
#6238=CARTESIAN_POINT('',(44.2993466900366,54.1318350873336,5.39860317921641));
#6239=CARTESIAN_POINT('',(44.2993466900366,72.3318350873336,15.3986031792164));
#6240=CARTESIAN_POINT('',(44.2993466900366,72.3318350873336,7.89860317921641));
#6241=CARTESIAN_POINT('',(44.2993466900366,109.231835087334,15.3986031792164));
#6242=CARTESIAN_POINT('',(44.2993466900366,54.1318350873336,15.3986031792164));
#6243=CARTESIAN_POINT('',(44.2993466900366,109.231835087334,16.8986031792164));
#6244=CARTESIAN_POINT('',(44.2993466900366,109.231835087334,16.1486031792164));
#6245=CARTESIAN_POINT('',(44.2993466900366,111.131835087334,16.8986031792164));
#6246=CARTESIAN_POINT('',(44.2993466900366,110.181835087334,16.8986031792164));
#6247=CARTESIAN_POINT('',(44.2993466900366,111.131835087334,16.1486031792164));
#6248=CARTESIAN_POINT('Origin',(27.7593466900366,54.1318350873336,5.39860317921641));
#6249=CARTESIAN_POINT('',(9.37934669003661,72.3318350873336,5.39860317921641));
#6250=CARTESIAN_POINT('',(50.9409133098465,72.3318350873336,5.39860317921641));
#6251=CARTESIAN_POINT('',(9.37934669003661,111.131835087334,5.39860317921641));
#6252=CARTESIAN_POINT('',(9.37934669003661,54.1318350873336,5.39860317921641));
#6253=CARTESIAN_POINT('',(5.3793466900366,111.131835087334,5.39860317921641));
#6254=CARTESIAN_POINT('',(42.7593466900366,111.131835087334,5.39860317921641));
#6255=CARTESIAN_POINT('',(5.3793466900366,72.3318350873336,5.39860317921641));
#6256=CARTESIAN_POINT('',(5.3793466900366,54.1318350873336,5.39860317921641));
#6257=CARTESIAN_POINT('',(3.55934669003661,72.3318350873336,5.39860317921641));
#6258=CARTESIAN_POINT('',(50.9409133098465,72.3318350873336,5.39860317921641));
#6259=CARTESIAN_POINT('',(3.55934669003661,104.23151236624,5.39860317921641));
#6260=CARTESIAN_POINT('',(3.55934669003661,54.1318350873336,5.39860317921641));
#6261=CARTESIAN_POINT('',(3.5101347292018,107.830839513512,5.39860317921641));
#6262=CARTESIAN_POINT('Origin',(3.51013472920179,106.030839513512,5.39860317921641));
#6263=CARTESIAN_POINT('',(3.55934669003661,107.830166660784,5.39860317921641));
#6264=CARTESIAN_POINT('Origin',(3.51013472920179,106.030839513512,5.39860317921641));
#6265=CARTESIAN_POINT('',(3.55934669003661,111.131835087334,5.39860317921641));
#6266=CARTESIAN_POINT('',(3.55934669003661,54.1318350873336,5.39860317921641));
#6267=CARTESIAN_POINT('',(-0.440653309963395,111.131835087334,5.39860317921641));
#6268=CARTESIAN_POINT('',(42.7593466900366,111.131835087334,5.39860317921641));
#6269=CARTESIAN_POINT('',(-0.440653309963395,-2.86816491266638,5.39860317921641));
#6270=CARTESIAN_POINT('',(-0.440653309963395,54.1318350873336,5.39860317921641));
#6271=CARTESIAN_POINT('',(3.55934669003661,-2.86816491266639,5.39860317921641));
#6272=CARTESIAN_POINT('',(12.7593466900366,-2.86816491266638,5.39860317921642));
#6273=CARTESIAN_POINT('',(3.55934669003661,1.73151236623998,5.39860317921642));
#6274=CARTESIAN_POINT('',(3.55934669003661,54.1318350873336,5.39860317921641));
#6275=CARTESIAN_POINT('',(3.5101347292018,5.3308395135122,5.39860317921642));
#6276=CARTESIAN_POINT('Origin',(3.51013472920179,3.5308395135122,5.39860317921642));
#6277=CARTESIAN_POINT('',(3.55934669003661,5.33016666078442,5.39860317921642));
#6278=CARTESIAN_POINT('Origin',(3.51013472920179,3.5308395135122,5.39860317921642));
#6279=CARTESIAN_POINT('',(3.55934669003661,44.3318350873336,5.39860317921641));
#6280=CARTESIAN_POINT('',(3.55934669003661,54.1318350873336,5.39860317921641));
#6281=CARTESIAN_POINT('',(5.3793466900366,44.3318350873336,5.39860317921641));
#6282=CARTESIAN_POINT('',(-0.0916581836811581,44.3318350873336,5.39860317921641));
#6283=CARTESIAN_POINT('',(5.3793466900366,-2.86816491266639,5.39860317921641));
#6284=CARTESIAN_POINT('',(5.3793466900366,54.1318350873336,5.39860317921641));
#6285=CARTESIAN_POINT('',(9.37934669003661,-2.86816491266639,5.39860317921641));
#6286=CARTESIAN_POINT('',(12.7593466900366,-2.86816491266638,5.39860317921642));
#6287=CARTESIAN_POINT('',(9.37934669003661,44.3318350873336,5.39860317921642));
#6288=CARTESIAN_POINT('',(9.37934669003661,54.1318350873336,5.39860317921641));
#6289=CARTESIAN_POINT('',(11.1993466900366,44.3318350873336,5.39860317921642));
#6290=CARTESIAN_POINT('',(-0.0916581836811581,44.3318350873336,5.39860317921641));
#6291=CARTESIAN_POINT('',(11.1993466900366,-2.86816491266639,5.39860317921641));
#6292=CARTESIAN_POINT('',(11.1993466900366,54.1318350873336,5.39860317921641));
#6293=CARTESIAN_POINT('',(15.1993466900366,-2.86816491266639,5.39860317921641));
#6294=CARTESIAN_POINT('',(12.7593466900366,-2.86816491266638,5.39860317921642));
#6295=CARTESIAN_POINT('',(15.1993466900366,44.3318350873336,5.39860317921641));
#6296=CARTESIAN_POINT('',(15.1993466900366,54.1318350873336,5.39860317921641));
#6297=CARTESIAN_POINT('',(17.0193466900366,44.3318350873336,5.39860317921642));
#6298=CARTESIAN_POINT('',(-0.0916581836811581,44.3318350873336,5.39860317921641));
#6299=CARTESIAN_POINT('',(17.0193466900366,-2.86816491266639,5.39860317921641));
#6300=CARTESIAN_POINT('',(17.0193466900366,54.1318350873336,5.39860317921641));
#6301=CARTESIAN_POINT('',(21.0193466900366,-2.8681649126664,5.39860317921641));
#6302=CARTESIAN_POINT('',(12.7593466900366,-2.86816491266638,5.39860317921642));
#6303=CARTESIAN_POINT('',(21.0193466900366,44.3318350873336,5.39860317921641));
#6304=CARTESIAN_POINT('',(21.0193466900366,54.1318350873336,5.39860317921641));
#6305=CARTESIAN_POINT('',(22.8393466900366,44.3318350873336,5.39860317921642));
#6306=CARTESIAN_POINT('',(-0.0916581836811581,44.3318350873336,5.39860317921641));
#6307=CARTESIAN_POINT('',(22.8393466900366,-2.8681649126664,5.39860317921641));
#6308=CARTESIAN_POINT('',(22.8393466900366,54.1318350873336,5.39860317921641));
#6309=CARTESIAN_POINT('',(26.8393466900366,-2.8681649126664,5.39860317921641));
#6310=CARTESIAN_POINT('',(12.7593466900366,-2.86816491266638,5.39860317921642));
#6311=CARTESIAN_POINT('',(26.8393466900366,44.3318350873336,5.39860317921641));
#6312=CARTESIAN_POINT('',(26.8393466900366,54.1318350873336,5.39860317921641));
#6313=CARTESIAN_POINT('',(28.6593466900366,44.3318350873336,5.39860317921642));
#6314=CARTESIAN_POINT('',(-0.0916581836811581,44.3318350873336,5.39860317921641));
#6315=CARTESIAN_POINT('',(28.6593466900366,-2.8681649126664,5.39860317921641));
#6316=CARTESIAN_POINT('',(28.6593466900366,54.1318350873336,5.39860317921641));
#6317=CARTESIAN_POINT('',(32.6593466900366,-2.8681649126664,5.39860317921641));
#6318=CARTESIAN_POINT('',(12.7593466900366,-2.86816491266638,5.39860317921642));
#6319=CARTESIAN_POINT('',(32.6593466900366,44.3318350873336,5.39860317921641));
#6320=CARTESIAN_POINT('',(32.6593466900366,54.1318350873336,5.39860317921641));
#6321=CARTESIAN_POINT('',(34.4793466900366,44.3318350873336,5.39860317921642));
#6322=CARTESIAN_POINT('',(-0.0916581836811581,44.3318350873336,5.39860317921641));
#6323=CARTESIAN_POINT('',(34.4793466900366,-2.8681649126664,5.39860317921641));
#6324=CARTESIAN_POINT('',(34.4793466900366,54.1318350873336,5.39860317921641));
#6325=CARTESIAN_POINT('',(38.4793466900366,-2.86816491266641,5.39860317921641));
#6326=CARTESIAN_POINT('',(12.7593466900366,-2.86816491266638,5.39860317921642));
#6327=CARTESIAN_POINT('',(38.4793466900366,44.3318350873336,5.39860317921641));
#6328=CARTESIAN_POINT('',(38.4793466900366,54.1318350873336,5.39860317921641));
#6329=CARTESIAN_POINT('',(40.2993466900366,44.3318350873336,5.39860317921642));
#6330=CARTESIAN_POINT('',(-0.0916581836811581,44.3318350873336,5.39860317921641));
#6331=CARTESIAN_POINT('',(40.2993466900366,-2.86816491266641,5.39860317921641));
#6332=CARTESIAN_POINT('',(40.2993466900366,54.1318350873336,5.39860317921641));
#6333=CARTESIAN_POINT('',(44.2993466900366,-2.86816491266641,5.39860317921641));
#6334=CARTESIAN_POINT('',(12.7593466900366,-2.86816491266638,5.39860317921642));
#6335=CARTESIAN_POINT('',(44.2993466900366,44.3318350873336,5.39860317921641));
#6336=CARTESIAN_POINT('',(44.2993466900366,54.1318350873336,5.39860317921641));
#6337=CARTESIAN_POINT('',(46.1193466900366,44.3318350873336,5.39860317921641));
#6338=CARTESIAN_POINT('',(-0.0916581836811581,44.3318350873336,5.39860317921641));
#6339=CARTESIAN_POINT('',(46.1193466900366,-2.86816491266641,5.39860317921641));
#6340=CARTESIAN_POINT('',(46.1193466900366,54.1318350873336,5.39860317921641));
#6341=CARTESIAN_POINT('',(50.1193466900366,-2.86816491266641,5.39860317921641));
#6342=CARTESIAN_POINT('',(12.7593466900366,-2.86816491266638,5.39860317921642));
#6343=CARTESIAN_POINT('',(50.1193466900366,44.3318350873336,5.39860317921641));
#6344=CARTESIAN_POINT('',(50.1193466900366,54.1318350873336,5.39860317921641));
#6345=CARTESIAN_POINT('',(51.9393466900366,44.3318350873336,5.39860317921641));
#6346=CARTESIAN_POINT('',(-0.0916581836811581,44.3318350873336,5.39860317921641));
#6347=CARTESIAN_POINT('',(51.9393466900366,5.32944704532979,5.39860317921641));
#6348=CARTESIAN_POINT('',(51.9393466900366,54.1318350873336,5.39860317921641));
#6349=CARTESIAN_POINT('',(52.0101347292018,5.33083951351216,5.39860317921642));
#6350=CARTESIAN_POINT('Origin',(52.0101347292018,3.53083951351216,5.39860317921642));
#6351=CARTESIAN_POINT('',(51.9393466900366,1.73223198169453,5.39860317921641));
#6352=CARTESIAN_POINT('Origin',(52.0101347292018,3.53083951351216,5.39860317921642));
#6353=CARTESIAN_POINT('',(51.9393466900366,-2.86816491266641,5.39860317921641));
#6354=CARTESIAN_POINT('',(51.9393466900366,54.1318350873336,5.39860317921641));
#6355=CARTESIAN_POINT('',(55.9393466900366,-2.86816491266642,5.39860317921641));
#6356=CARTESIAN_POINT('',(12.7593466900366,-2.86816491266638,5.39860317921642));
#6357=CARTESIAN_POINT('',(55.9393466900366,111.131835087334,5.39860317921641));
#6358=CARTESIAN_POINT('',(55.9393466900366,54.1318350873336,5.39860317921641));
#6359=CARTESIAN_POINT('',(51.9393466900366,111.131835087334,5.39860317921641));
#6360=CARTESIAN_POINT('',(42.7593466900366,111.131835087334,5.39860317921641));
#6361=CARTESIAN_POINT('',(51.9393466900366,107.82944704533,5.39860317921641));
#6362=CARTESIAN_POINT('',(51.9393466900366,54.1318350873336,5.39860317921641));
#6363=CARTESIAN_POINT('',(52.0101347292018,107.830839513512,5.39860317921641));
#6364=CARTESIAN_POINT('Origin',(52.0101347292018,106.030839513512,5.39860317921641));
#6365=CARTESIAN_POINT('',(51.9393466900366,104.232231981695,5.39860317921641));
#6366=CARTESIAN_POINT('Origin',(52.0101347292018,106.030839513512,5.39860317921641));
#6367=CARTESIAN_POINT('',(51.9393466900366,72.3318350873336,5.39860317921641));
#6368=CARTESIAN_POINT('',(51.9393466900366,54.1318350873336,5.39860317921641));
#6369=CARTESIAN_POINT('',(50.1193466900366,72.3318350873336,5.39860317921641));
#6370=CARTESIAN_POINT('',(50.9409133098465,72.3318350873336,5.39860317921641));
#6371=CARTESIAN_POINT('',(50.1193466900366,111.131835087334,5.39860317921641));
#6372=CARTESIAN_POINT('',(50.1193466900366,54.1318350873336,5.39860317921641));
#6373=CARTESIAN_POINT('',(46.1193466900366,111.131835087334,5.39860317921641));
#6374=CARTESIAN_POINT('',(42.7593466900366,111.131835087334,5.39860317921641));
#6375=CARTESIAN_POINT('',(46.1193466900366,72.3318350873336,5.39860317921641));
#6376=CARTESIAN_POINT('',(46.1193466900366,54.1318350873336,5.39860317921641));
#6377=CARTESIAN_POINT('',(50.9409133098465,72.3318350873336,5.39860317921641));
#6378=CARTESIAN_POINT('',(40.2993466900366,75.6318350873336,5.39860317921641));
#6379=CARTESIAN_POINT('',(40.2993466900366,72.3318350873336,5.39860317921641));
#6380=CARTESIAN_POINT('',(40.2993466900366,54.1318350873336,5.39860317921641));
#6381=CARTESIAN_POINT('',(38.4793466900366,72.3318350873336,5.39860317921641));
#6382=CARTESIAN_POINT('',(50.9409133098465,72.3318350873336,5.39860317921641));
#6383=CARTESIAN_POINT('',(38.4793466900366,75.6318350873336,5.39860317921641));
#6384=CARTESIAN_POINT('',(38.4793466900366,54.1318350873336,5.39860317921641));
#6385=CARTESIAN_POINT('',(12.759462074652,75.6318350873336,5.39860317921641));
#6386=CARTESIAN_POINT('',(34.4793466900366,75.6318350873336,5.39860317921641));
#6387=CARTESIAN_POINT('',(34.4793466900366,72.3318350873336,5.39860317921641));
#6388=CARTESIAN_POINT('',(34.4793466900366,54.1318350873336,5.39860317921641));
#6389=CARTESIAN_POINT('',(32.6593466900366,72.3318350873336,5.39860317921641));
#6390=CARTESIAN_POINT('',(50.9409133098465,72.3318350873336,5.39860317921641));
#6391=CARTESIAN_POINT('',(32.6593466900366,75.6318350873336,5.39860317921641));
#6392=CARTESIAN_POINT('',(32.6593466900366,54.1318350873336,5.39860317921641));
#6393=CARTESIAN_POINT('',(12.759462074652,75.6318350873336,5.39860317921641));
#6394=CARTESIAN_POINT('',(28.6593466900366,75.6318350873336,5.39860317921641));
#6395=CARTESIAN_POINT('',(28.6593466900366,72.3318350873336,5.39860317921641));
#6396=CARTESIAN_POINT('',(28.6593466900366,54.1318350873336,5.39860317921641));
#6397=CARTESIAN_POINT('',(26.8393466900366,72.3318350873336,5.39860317921641));
#6398=CARTESIAN_POINT('',(50.9409133098465,72.3318350873336,5.39860317921641));
#6399=CARTESIAN_POINT('',(26.8393466900366,75.6318350873336,5.39860317921641));
#6400=CARTESIAN_POINT('',(26.8393466900366,54.1318350873336,5.39860317921641));
#6401=CARTESIAN_POINT('',(12.759462074652,75.6318350873336,5.39860317921641));
#6402=CARTESIAN_POINT('',(22.8393466900366,75.6318350873336,5.39860317921641));
#6403=CARTESIAN_POINT('',(22.8393466900366,72.3318350873336,5.39860317921641));
#6404=CARTESIAN_POINT('',(22.8393466900366,54.1318350873336,5.39860317921641));
#6405=CARTESIAN_POINT('',(21.0193466900366,72.3318350873336,5.39860317921641));
#6406=CARTESIAN_POINT('',(50.9409133098465,72.3318350873336,5.39860317921641));
#6407=CARTESIAN_POINT('',(21.0193466900366,75.6318350873336,5.39860317921641));
#6408=CARTESIAN_POINT('',(21.0193466900366,54.1318350873336,5.39860317921641));
#6409=CARTESIAN_POINT('',(12.759462074652,75.6318350873336,5.39860317921641));
#6410=CARTESIAN_POINT('',(17.0193466900366,75.6318350873336,5.39860317921641));
#6411=CARTESIAN_POINT('',(17.0193466900366,72.3318350873336,5.39860317921641));
#6412=CARTESIAN_POINT('',(17.0193466900366,54.1318350873336,5.39860317921641));
#6413=CARTESIAN_POINT('',(15.1993466900366,72.3318350873336,5.39860317921641));
#6414=CARTESIAN_POINT('',(50.9409133098465,72.3318350873336,5.39860317921641));
#6415=CARTESIAN_POINT('',(15.1993466900366,75.6318350873336,5.39860317921641));
#6416=CARTESIAN_POINT('',(15.1993466900366,54.1318350873336,5.39860317921641));
#6417=CARTESIAN_POINT('',(12.759462074652,75.6318350873336,5.39860317921641));
#6418=CARTESIAN_POINT('',(20.8593466900366,48.3318350873336,5.39860317921641));
#6419=CARTESIAN_POINT('',(48.5593466900366,48.3318350873336,5.39860317921641));
#6420=CARTESIAN_POINT('',(38.1593466900366,48.3318350873336,5.39860317921641));
#6421=CARTESIAN_POINT('',(20.8593466900366,68.3318350873336,5.39860317921641));
#6422=CARTESIAN_POINT('',(20.8593466900366,51.2318350873336,5.39860317921641));
#6423=CARTESIAN_POINT('',(40.5593466900366,68.3318350873336,5.39860317921641));
#6424=CARTESIAN_POINT('',(24.3093466900366,68.3318350873336,5.39860317921641));
#6425=CARTESIAN_POINT('',(40.5593466900366,70.3318350873336,5.39860317921641));
#6426=CARTESIAN_POINT('',(40.5593466900366,61.2318350873336,5.39860317921641));
#6427=CARTESIAN_POINT('',(42.5593466900366,70.3318350873336,5.39860317921641));
#6428=CARTESIAN_POINT('Origin',(41.5593466900366,70.3318350873336,5.39860317921641));
#6429=CARTESIAN_POINT('',(42.5593466900366,68.3318350873336,5.39860317921641));
#6430=CARTESIAN_POINT('',(42.5593466900366,62.2318350873336,5.39860317921641));
#6431=CARTESIAN_POINT('',(48.5593466900366,68.3318350873336,5.39860317921641));
#6432=CARTESIAN_POINT('',(35.1593466900366,68.3318350873336,5.39860317921641));
#6433=CARTESIAN_POINT('',(48.5593466900366,61.2318350873336,5.39860317921641));
#6434=CARTESIAN_POINT('',(52.0101347292018,51.8308395135121,5.39860317921641));
#6435=CARTESIAN_POINT('Origin',(52.0101347292018,50.0308395135121,5.39860317921641));
#6436=CARTESIAN_POINT('',(3.5101347292018,51.8308395135122,5.39860317921641));
#6437=CARTESIAN_POINT('Origin',(3.51013472920179,50.0308395135122,5.39860317921641));
#6438=CARTESIAN_POINT('Origin',(3.5,3.5,-0.00139682078359011));
#6439=CARTESIAN_POINT('',(4.9,3.5,-0.0513968207835901));
#6440=CARTESIAN_POINT('Origin',(3.5,3.5,-0.0513968207835901));
#6441=CARTESIAN_POINT('',(4.9,3.5,-0.00139682078359011));
#6442=CARTESIAN_POINT('',(4.9,3.5,-0.00139682078359011));
#6443=CARTESIAN_POINT('Origin',(3.5,3.5,-0.00139682078359016));
#6444=CARTESIAN_POINT('Origin',(3.5,106.,-0.00139682078359019));
#6445=CARTESIAN_POINT('',(4.9,106.,-0.0513968207835902));
#6446=CARTESIAN_POINT('Origin',(3.5,106.,-0.0513968207835902));
#6447=CARTESIAN_POINT('',(4.9,106.,-0.00139682078359019));
#6448=CARTESIAN_POINT('',(4.9,106.,-0.00139682078359019));
#6449=CARTESIAN_POINT('Origin',(3.5,106.,-0.00139682078359016));
#6450=CARTESIAN_POINT('Origin',(3.5,50.,-0.00139682078359011));
#6451=CARTESIAN_POINT('',(4.9,50.,-0.0513968207835901));
#6452=CARTESIAN_POINT('Origin',(3.5,50.,-0.0513968207835901));
#6453=CARTESIAN_POINT('',(4.9,50.,-0.00139682078359011));
#6454=CARTESIAN_POINT('',(4.9,50.,-0.00139682078359011));
#6455=CARTESIAN_POINT('Origin',(3.5,50.,-0.00139682078359016));
#6456=CARTESIAN_POINT('Origin',(10.8271297338865,-2.99668895750729E-14,
-0.00139682078359012));
#6457=CARTESIAN_POINT('',(3.5,0.,-0.00139682078359013));
#6458=CARTESIAN_POINT('',(10.8271297338865,-2.99668895750729E-14,-0.00139682078359012));
#6459=CARTESIAN_POINT('',(19.2932382119614,-6.21724893790088E-14,-0.00139682078358353));
#6460=CARTESIAN_POINT('',(3.5,0.,-0.0513968207835901));
#6461=CARTESIAN_POINT('',(3.5,0.,-0.00139682078359013));
#6462=CARTESIAN_POINT('',(10.8271297338865,-2.66453525910038E-14,-0.0513968207835901));
#6463=CARTESIAN_POINT('',(52.,-1.99046070599027E-13,-0.0513968207835901));
#6464=CARTESIAN_POINT('',(10.8271297338865,-2.99668895750729E-14,-0.00139682078359012));
#6465=CARTESIAN_POINT('Origin',(10.8271297338865,7.08183508733359,-0.00139682078359016));
#6466=CARTESIAN_POINT('',(10.8271297338865,7.08183508733359,-0.00139682078358128));
#6467=CARTESIAN_POINT('',(10.8271297338865,-2.86916048648781,-0.00139682078358128));
#6468=CARTESIAN_POINT('',(10.8271297338865,7.08183508733359,-0.0513968207835902));
#6469=CARTESIAN_POINT('',(10.8271297338865,7.08183508733359,-0.0513968207835902));
#6470=CARTESIAN_POINT('',(10.8271297338865,7.08183508733359,-0.00139682078359016));
#6471=CARTESIAN_POINT('Origin',(10.8271297338865,109.499999999998,-0.00139682078359016));
#6472=CARTESIAN_POINT('',(10.8271297338865,109.499999999998,-0.00139682078359019));
#6473=CARTESIAN_POINT('',(10.8271297338865,102.481835087334,-0.00139682078359016));
#6474=CARTESIAN_POINT('',(10.8271297338865,111.130839513512,-0.00139682078359016));
#6475=CARTESIAN_POINT('',(10.8271297338865,102.481835087334,-0.0513968207835902));
#6476=CARTESIAN_POINT('',(10.8271297338865,102.481835087334,-0.00139682078359016));
#6477=CARTESIAN_POINT('',(10.8271297338865,109.499999999998,-0.0513968207835902));
#6478=CARTESIAN_POINT('',(10.8271297338865,111.131835087334,-0.0513968207835902));
#6479=CARTESIAN_POINT('',(10.8271297338865,109.499999999998,-0.00139682078359019));
#6480=CARTESIAN_POINT('Origin',(3.5,109.499999999997,-0.00139682078359019));
#6481=CARTESIAN_POINT('',(3.5,109.499999999997,-0.00139682078359019));
#6482=CARTESIAN_POINT('',(15.6296733450167,109.499999999998,-0.00139682078359694));
#6483=CARTESIAN_POINT('',(3.5,109.499999999997,-0.0513968207835902));
#6484=CARTESIAN_POINT('',(3.5,109.499999999997,-0.0513968207835902));
#6485=CARTESIAN_POINT('',(3.5,109.499999999997,-0.00139682078359019));
#6486=CARTESIAN_POINT('Origin',(3.499568965517,106.00043103448,-0.00139682078359019));
#6487=CARTESIAN_POINT('',(-1.11022302462516E-15,106.,-0.00139682078359011));
#6488=CARTESIAN_POINT('Origin',(3.499568965517,106.00043103448,-0.00139682078359016));
#6489=CARTESIAN_POINT('',(-1.11022302462516E-15,106.,-0.0513968207835901));
#6490=CARTESIAN_POINT('Origin',(3.499568965517,106.00043103448,-0.0513968207835902));
#6491=CARTESIAN_POINT('',(-1.11022302462516E-15,106.,-0.00139682078359011));
#6492=CARTESIAN_POINT('Origin',(2.71927052222119E-32,3.5,-0.00139682078359011));
#6493=CARTESIAN_POINT('',(0.,3.5,-0.00139682078359011));
#6494=CARTESIAN_POINT('',(-4.08297820762195E-48,28.8159175436668,-0.00139682078358706));
#6495=CARTESIAN_POINT('',(0.,3.5,-0.0513968207835901));
#6496=CARTESIAN_POINT('',(2.71927052222119E-32,3.5,-0.0513968207835901));
#6497=CARTESIAN_POINT('',(0.,3.5,-0.00139682078359011));
#6498=CARTESIAN_POINT('Origin',(3.499568965517,3.499568965517,-0.00139682078359011));
#6499=CARTESIAN_POINT('Origin',(3.499568965517,3.499568965517,-0.00139682078359016));
#6500=CARTESIAN_POINT('Origin',(3.499568965517,3.499568965517,-0.0513968207835901));
#6501=CARTESIAN_POINT('Origin',(5.41356485367082,54.7499999999985,-0.0513968207835902));
#6502=CARTESIAN_POINT('',(7.05934669003661,102.481835087334,-0.0513968207835902));
#6503=CARTESIAN_POINT('',(10.8271297338865,102.481835087334,-0.0513968207835902));
#6504=CARTESIAN_POINT('',(7.05934669003661,7.08183508733359,-0.0513968207835902));
#6505=CARTESIAN_POINT('',(7.05934669003661,102.481835087334,-0.0513968207835902));
#6506=CARTESIAN_POINT('',(7.05934669003661,7.08183508733359,-0.0513968207835902));
#6507=CARTESIAN_POINT('Origin',(27.7593466900366,54.1318350873336,-0.00139682078359016));
#6508=CARTESIAN_POINT('',(3.51013472920179,51.2808395135122,-0.00139682078359016));
#6509=CARTESIAN_POINT('Origin',(3.51013472920179,50.0308395135122,-0.00139682078359016));
#6510=CARTESIAN_POINT('Origin',(27.7593466900366,54.1318350873336,-0.00139682078359016));
#6511=CARTESIAN_POINT('',(3.51013472920179,107.280839513512,-0.00139682078359016));
#6512=CARTESIAN_POINT('Origin',(3.51013472920179,106.030839513512,-0.00139682078359016));
#6513=CARTESIAN_POINT('Origin',(27.7593466900366,54.1318350873336,-0.00139682078359016));
#6514=CARTESIAN_POINT('',(10.8271297338865,-2.86816491266638,-0.00139682078358128));
#6515=CARTESIAN_POINT('',(10.8271297338865,-2.86916048648781,-0.00139682078358128));
#6516=CARTESIAN_POINT('',(-2.24065330996339,-2.86816491266638,-0.00139682078358128));
#6517=CARTESIAN_POINT('',(-2.24065330996339,-2.86816491266638,-0.00139682078358128));
#6518=CARTESIAN_POINT('',(-2.24065330996339,111.131835087334,-0.00139682078359016));
#6519=CARTESIAN_POINT('',(-2.24065330996339,111.131835087334,-0.00139682078359016));
#6520=CARTESIAN_POINT('',(10.8271297338865,111.131835087334,-0.00139682078359016));
#6521=CARTESIAN_POINT('',(57.7593466900366,111.131835087334,-0.00139682078359016));
#6522=CARTESIAN_POINT('',(10.8271297338865,111.130839513512,-0.00139682078359016));
#6523=CARTESIAN_POINT('Origin',(52.,50.,-0.00139682078359011));
#6524=CARTESIAN_POINT('',(53.4,50.,-0.0513968207835901));
#6525=CARTESIAN_POINT('Origin',(52.,50.,-0.0513968207835901));
#6526=CARTESIAN_POINT('',(53.4,50.,-0.00139682078359011));
#6527=CARTESIAN_POINT('',(53.4,50.,-0.00139682078359011));
#6528=CARTESIAN_POINT('Origin',(52.,50.,-0.00139682078359016));
#6529=CARTESIAN_POINT('Origin',(52.,106.,-0.00139682078359019));
#6530=CARTESIAN_POINT('',(53.4,106.,-0.0513968207835902));
#6531=CARTESIAN_POINT('Origin',(52.,106.,-0.0513968207835902));
#6532=CARTESIAN_POINT('',(53.4,106.,-0.00139682078359019));
#6533=CARTESIAN_POINT('',(53.4,106.,-0.00139682078359019));
#6534=CARTESIAN_POINT('Origin',(52.,106.,-0.00139682078359016));
#6535=CARTESIAN_POINT('Origin',(52.,3.5,-0.00139682078359011));
#6536=CARTESIAN_POINT('',(53.4,3.5,-0.0513968207835901));
#6537=CARTESIAN_POINT('Origin',(52.,3.5,-0.0513968207835901));
#6538=CARTESIAN_POINT('',(53.4,3.5,-0.00139682078359011));
#6539=CARTESIAN_POINT('',(53.4,3.5,-0.00139682078359011));
#6540=CARTESIAN_POINT('Origin',(52.,3.5,-0.00139682078359016));
#6541=CARTESIAN_POINT('Origin',(17.1722065655726,-5.60662627435704E-14,
-0.00139682078359016));
#6542=CARTESIAN_POINT('',(17.1722065655726,-5.60662627435704E-14,-0.00139682078359016));
#6543=CARTESIAN_POINT('',(17.1722065655726,7.08183508733359,-0.00139682078358128));
#6544=CARTESIAN_POINT('',(17.1722065655726,-2.86916048648781,-0.00139682078358128));
#6545=CARTESIAN_POINT('',(17.1722065655726,7.08183508733359,-0.0513968207835902));
#6546=CARTESIAN_POINT('',(17.1722065655726,7.08183508733359,-0.00139682078359016));
#6547=CARTESIAN_POINT('',(17.1722065655726,-5.32907051820075E-14,-0.0513968207835902));
#6548=CARTESIAN_POINT('',(17.1722065655726,-2.86816491266638,-0.0513968207835902));
#6549=CARTESIAN_POINT('',(17.1722065655726,-5.60662627435704E-14,-0.00139682078359016));
#6550=CARTESIAN_POINT('Origin',(52.,-1.99046070599027E-13,-0.00139682078359011));
#6551=CARTESIAN_POINT('',(52.,-1.99046070599027E-13,-0.00139682078359011));
#6552=CARTESIAN_POINT('',(39.8796733450182,-1.46549439250521E-13,-0.00139682078358353));
#6553=CARTESIAN_POINT('',(52.,-1.95399252334028E-13,-0.0513968207835901));
#6554=CARTESIAN_POINT('',(52.,-1.99046070599027E-13,-0.0513968207835901));
#6555=CARTESIAN_POINT('',(52.,-1.99046070599027E-13,-0.00139682078359011));
#6556=CARTESIAN_POINT('Origin',(52.000431034483,3.499568965517,-0.00139682078359011));
#6557=CARTESIAN_POINT('',(55.5,3.5,-0.00139682078359019));
#6558=CARTESIAN_POINT('Origin',(52.000431034483,3.499568965517,-0.00139682078359016));
#6559=CARTESIAN_POINT('',(55.5,3.5,-0.0513968207835902));
#6560=CARTESIAN_POINT('Origin',(52.000431034483,3.499568965517,-0.0513968207835901));
#6561=CARTESIAN_POINT('',(55.5,3.5,-0.00139682078359019));
#6562=CARTESIAN_POINT('Origin',(55.4999999999995,106.,-0.00139682078359019));
#6563=CARTESIAN_POINT('',(55.4999999999995,106.,-0.00139682078359019));
#6564=CARTESIAN_POINT('',(55.4999999999997,80.0659175436669,-0.00139682078359333));
#6565=CARTESIAN_POINT('',(55.4999999999995,106.,-0.0513968207835902));
#6566=CARTESIAN_POINT('',(55.4999999999995,106.,-0.0513968207835902));
#6567=CARTESIAN_POINT('',(55.4999999999995,106.,-0.00139682078359019));
#6568=CARTESIAN_POINT('Origin',(51.998723981198,105.99872375947,-0.00139682078359019));
#6569=CARTESIAN_POINT('',(51.999,109.5,-0.00139682078359018));
#6570=CARTESIAN_POINT('Origin',(51.998723981198,105.99872375947,-0.00139682078359016));
#6571=CARTESIAN_POINT('',(51.999,109.5,-0.0513968207835902));
#6572=CARTESIAN_POINT('Origin',(51.998723981198,105.99872375947,-0.0513968207835902));
#6573=CARTESIAN_POINT('',(51.999,109.5,-0.00139682078359018));
#6574=CARTESIAN_POINT('Origin',(17.1722065655726,109.499999999998,-0.00139682078359019));
#6575=CARTESIAN_POINT('',(17.1722065655726,109.499999999998,-0.00139682078359016));
#6576=CARTESIAN_POINT('',(22.465776627803,109.499999999998,-0.00139682078359694));
#6577=CARTESIAN_POINT('',(17.1722065655726,109.499999999998,-0.0513968207835902));
#6578=CARTESIAN_POINT('',(3.5,109.499999999997,-0.0513968207835902));
#6579=CARTESIAN_POINT('',(17.1722065655726,109.499999999998,-0.00139682078359016));
#6580=CARTESIAN_POINT('Origin',(17.1722065655726,102.481835087334,-0.00139682078359016));
#6581=CARTESIAN_POINT('',(17.1722065655726,102.481835087334,-0.00139682078359016));
#6582=CARTESIAN_POINT('',(17.1722065655726,111.130839513512,-0.00139682078359016));
#6583=CARTESIAN_POINT('',(17.1722065655726,102.481835087334,-0.0513968207835902));
#6584=CARTESIAN_POINT('',(17.1722065655726,102.481835087334,-0.0513968207835902));
#6585=CARTESIAN_POINT('',(17.1722065655726,102.481835087334,-0.00139682078359016));
#6586=CARTESIAN_POINT('Origin',(32.3796733582907,54.7499999867276,-0.0513968207835904));
#6587=CARTESIAN_POINT('',(48.5593466900366,7.08183508733359,-0.0513968207835902));
#6588=CARTESIAN_POINT('',(17.1722065655726,7.08183508733359,-0.0513968207835902));
#6589=CARTESIAN_POINT('',(48.5593466900366,46.0318350873336,-0.0513968207835902));
#6590=CARTESIAN_POINT('',(48.5593466900366,7.08183508733359,-0.0513968207835902));
#6591=CARTESIAN_POINT('',(9.25934669003659,46.0318350873336,-0.0513968207835902));
#6592=CARTESIAN_POINT('',(48.5593466900366,46.0318350873336,-0.0513968207835902));
#6593=CARTESIAN_POINT('',(9.25934669003659,48.3318350873336,-0.0513968207835902));
#6594=CARTESIAN_POINT('',(9.25934669003659,46.0318350873336,-0.0513968207835902));
#6595=CARTESIAN_POINT('',(18.4593466900366,48.3318350873336,-0.0513968207835902));
#6596=CARTESIAN_POINT('',(9.25934669003659,48.3318350873336,-0.0513968207835902));
#6597=CARTESIAN_POINT('',(18.4593466900366,102.481835087334,-0.0513968207835902));
#6598=CARTESIAN_POINT('',(18.4593466900366,48.3318350873336,-0.0513968207835902));
#6599=CARTESIAN_POINT('',(18.4593466900366,102.481835087334,-0.0513968207835902));
#6600=CARTESIAN_POINT('',(20.8593466900366,48.3318350873336,-0.0513968207835902));
#6601=CARTESIAN_POINT('',(48.5593466900366,48.3318350873336,-0.0513968207835902));
#6602=CARTESIAN_POINT('',(20.8593466900366,48.3318350873336,-0.0513968207835902));
#6603=CARTESIAN_POINT('',(48.5593466900366,102.481835087334,-0.0513968207835902));
#6604=CARTESIAN_POINT('',(48.5593466900366,48.3318350873336,-0.0513968207835902));
#6605=CARTESIAN_POINT('',(20.8593466900366,102.481835087334,-0.0513968207835902));
#6606=CARTESIAN_POINT('',(48.5593466900366,102.481835087334,-0.0513968207835902));
#6607=CARTESIAN_POINT('',(20.8593466900366,102.481835087334,-0.0513968207835902));
#6608=CARTESIAN_POINT('Origin',(27.7593466900366,54.1318350873336,-0.00139682078359016));
#6609=CARTESIAN_POINT('',(52.0101347292018,4.78083951351216,-0.00139682078358128));
#6610=CARTESIAN_POINT('Origin',(52.0101347292018,3.53083951351216,-0.00139682078358128));
#6611=CARTESIAN_POINT('Origin',(27.7593466900366,54.1318350873336,-0.00139682078359016));
#6612=CARTESIAN_POINT('',(52.0101347292018,107.280839513512,-0.00139682078359016));
#6613=CARTESIAN_POINT('Origin',(52.0101347292018,106.030839513512,-0.00139682078359016));
#6614=CARTESIAN_POINT('Origin',(27.7593466900366,54.1318350873336,-0.00139682078359016));
#6615=CARTESIAN_POINT('',(17.1722065655726,111.131835087334,-0.00139682078359016));
#6616=CARTESIAN_POINT('',(17.1722065655726,111.130839513512,-0.00139682078359016));
#6617=CARTESIAN_POINT('',(57.7593466900366,111.131835087334,-0.00139682078359016));
#6618=CARTESIAN_POINT('',(57.7593466900366,111.131835087334,-0.00139682078359016));
#6619=CARTESIAN_POINT('',(57.7593466900366,-2.86816491266642,-0.00139682078358128));
#6620=CARTESIAN_POINT('',(57.7593466900366,-2.86816491266642,-0.00139682078358128));
#6621=CARTESIAN_POINT('',(17.1722065655726,-2.86816491266638,-0.00139682078358128));
#6622=CARTESIAN_POINT('',(-2.24065330996339,-2.86816491266638,-0.00139682078358128));
#6623=CARTESIAN_POINT('',(17.1722065655726,-2.86916048648781,-0.00139682078358128));
#6624=CARTESIAN_POINT('Origin',(12.759462074652,75.6318350873336,5.39860317921641));
#6625=CARTESIAN_POINT('',(17.0193466900366,75.6318350873336,15.3986031792164));
#6626=CARTESIAN_POINT('',(17.0193466900366,75.6318350873336,7.89860317921641));
#6627=CARTESIAN_POINT('',(15.1993466900366,75.6318350873336,15.3986031792164));
#6628=CARTESIAN_POINT('',(15.1993466900366,75.6318350873336,7.89860317921641));
#6629=CARTESIAN_POINT('',(14.6394043823443,75.6318350873336,15.3986031792164));
#6630=CARTESIAN_POINT('Origin',(12.759462074652,75.6318350873336,5.39860317921641));
#6631=CARTESIAN_POINT('',(22.8393466900366,75.6318350873336,15.3986031792164));
#6632=CARTESIAN_POINT('',(22.8393466900366,75.6318350873336,7.89860317921641));
#6633=CARTESIAN_POINT('',(21.0193466900366,75.6318350873336,15.3986031792164));
#6634=CARTESIAN_POINT('',(21.0193466900366,75.6318350873336,7.89860317921641));
#6635=CARTESIAN_POINT('',(17.5494043823443,75.6318350873336,15.3986031792164));
#6636=CARTESIAN_POINT('Origin',(12.759462074652,75.6318350873336,5.39860317921641));
#6637=CARTESIAN_POINT('',(28.6593466900366,75.6318350873336,15.3986031792164));
#6638=CARTESIAN_POINT('',(28.6593466900366,75.6318350873336,7.89860317921641));
#6639=CARTESIAN_POINT('',(26.8393466900366,75.6318350873336,15.3986031792164));
#6640=CARTESIAN_POINT('',(26.8393466900366,75.6318350873336,7.89860317921641));
#6641=CARTESIAN_POINT('',(20.4594043823443,75.6318350873336,15.3986031792164));
#6642=CARTESIAN_POINT('Origin',(12.759462074652,75.6318350873336,5.39860317921641));
#6643=CARTESIAN_POINT('',(34.4793466900366,75.6318350873336,15.3986031792164));
#6644=CARTESIAN_POINT('',(34.4793466900366,75.6318350873336,7.89860317921641));
#6645=CARTESIAN_POINT('',(32.6593466900366,75.6318350873336,15.3986031792164));
#6646=CARTESIAN_POINT('',(32.6593466900366,75.6318350873336,7.89860317921641));
#6647=CARTESIAN_POINT('',(23.3694043823443,75.6318350873336,15.3986031792164));
#6648=CARTESIAN_POINT('Origin',(12.759462074652,75.6318350873336,5.39860317921641));
#6649=CARTESIAN_POINT('',(40.2993466900366,75.6318350873336,15.3986031792164));
#6650=CARTESIAN_POINT('',(40.2993466900366,75.6318350873336,7.89860317921641));
#6651=CARTESIAN_POINT('',(38.4793466900366,75.6318350873336,15.3986031792164));
#6652=CARTESIAN_POINT('',(38.4793466900366,75.6318350873336,7.89860317921641));
#6653=CARTESIAN_POINT('',(26.2794043823443,75.6318350873336,15.3986031792164));
#6654=CARTESIAN_POINT('Origin',(40.2993466900366,54.1318350873336,10.3986031792164));
#6655=CARTESIAN_POINT('',(40.2993466900366,72.3318350873336,15.3986031792164));
#6656=CARTESIAN_POINT('',(40.2993466900366,54.1318350873336,15.3986031792164));
#6657=CARTESIAN_POINT('',(40.2993466900366,72.3318350873336,7.89860317921641));
#6658=CARTESIAN_POINT('Origin',(39.7993466900366,54.1318350873336,15.3986031792164));
#6659=CARTESIAN_POINT('',(38.4793466900366,72.3318350873336,15.3986031792164));
#6660=CARTESIAN_POINT('',(38.4793466900366,54.1318350873336,15.3986031792164));
#6661=CARTESIAN_POINT('',(47.443542022075,72.3318350873336,15.3986031792164));
#6662=CARTESIAN_POINT('Origin',(38.4793466900366,54.1318350873336,10.3986031792164));
#6663=CARTESIAN_POINT('',(38.4793466900366,72.3318350873336,7.89860317921641));
#6664=CARTESIAN_POINT('Origin',(34.4793466900366,54.1318350873336,10.3986031792164));
#6665=CARTESIAN_POINT('',(34.4793466900366,72.3318350873336,15.3986031792164));
#6666=CARTESIAN_POINT('',(34.4793466900366,54.1318350873336,15.3986031792164));
#6667=CARTESIAN_POINT('',(34.4793466900366,72.3318350873336,7.89860317921641));
#6668=CARTESIAN_POINT('Origin',(33.9793466900366,54.1318350873336,15.3986031792164));
#6669=CARTESIAN_POINT('',(32.6593466900366,72.3318350873336,15.3986031792164));
#6670=CARTESIAN_POINT('',(32.6593466900366,54.1318350873336,15.3986031792164));
#6671=CARTESIAN_POINT('',(44.533542022075,72.3318350873336,15.3986031792164));
#6672=CARTESIAN_POINT('Origin',(32.6593466900366,54.1318350873336,10.3986031792164));
#6673=CARTESIAN_POINT('',(32.6593466900366,72.3318350873336,7.89860317921641));
#6674=CARTESIAN_POINT('Origin',(28.6593466900366,54.1318350873336,10.3986031792164));
#6675=CARTESIAN_POINT('',(28.6593466900366,72.3318350873336,15.3986031792164));
#6676=CARTESIAN_POINT('',(28.6593466900366,54.1318350873336,15.3986031792164));
#6677=CARTESIAN_POINT('',(28.6593466900366,72.3318350873336,7.89860317921641));
#6678=CARTESIAN_POINT('Origin',(28.1593466900366,54.1318350873336,15.3986031792164));
#6679=CARTESIAN_POINT('',(26.8393466900366,72.3318350873336,15.3986031792164));
#6680=CARTESIAN_POINT('',(26.8393466900366,54.1318350873336,15.3986031792164));
#6681=CARTESIAN_POINT('',(41.623542022075,72.3318350873336,15.3986031792164));
#6682=CARTESIAN_POINT('Origin',(26.8393466900366,54.1318350873336,10.3986031792164));
#6683=CARTESIAN_POINT('',(26.8393466900366,72.3318350873336,7.89860317921641));
#6684=CARTESIAN_POINT('Origin',(22.8393466900366,54.1318350873336,10.3986031792164));
#6685=CARTESIAN_POINT('',(22.8393466900366,72.3318350873336,15.3986031792164));
#6686=CARTESIAN_POINT('',(22.8393466900366,54.1318350873336,15.3986031792164));
#6687=CARTESIAN_POINT('',(22.8393466900366,72.3318350873336,7.89860317921641));
#6688=CARTESIAN_POINT('Origin',(22.3393466900366,54.1318350873336,15.3986031792164));
#6689=CARTESIAN_POINT('',(21.0193466900366,72.3318350873336,15.3986031792164));
#6690=CARTESIAN_POINT('',(21.0193466900366,54.1318350873336,15.3986031792164));
#6691=CARTESIAN_POINT('',(38.713542022075,72.3318350873336,15.3986031792164));
#6692=CARTESIAN_POINT('Origin',(21.0193466900366,54.1318350873336,10.3986031792164));
#6693=CARTESIAN_POINT('',(21.0193466900366,72.3318350873336,7.89860317921641));
#6694=CARTESIAN_POINT('Origin',(17.0193466900366,54.1318350873336,10.3986031792164));
#6695=CARTESIAN_POINT('',(17.0193466900366,72.3318350873336,15.3986031792164));
#6696=CARTESIAN_POINT('',(17.0193466900366,54.1318350873336,15.3986031792164));
#6697=CARTESIAN_POINT('',(17.0193466900366,72.3318350873336,7.89860317921641));
#6698=CARTESIAN_POINT('Origin',(16.5193466900366,54.1318350873336,15.3986031792164));
#6699=CARTESIAN_POINT('',(15.1993466900366,72.3318350873336,15.3986031792164));
#6700=CARTESIAN_POINT('',(15.1993466900366,54.1318350873336,15.3986031792164));
#6701=CARTESIAN_POINT('',(35.803542022075,72.3318350873336,15.3986031792164));
#6702=CARTESIAN_POINT('Origin',(15.1993466900366,54.1318350873336,10.3986031792164));
#6703=CARTESIAN_POINT('',(15.1993466900366,72.3318350873336,7.89860317921641));
#6704=CARTESIAN_POINT('Origin',(-0.0916581836811581,44.3318350873336,5.39860317921641));
#6705=CARTESIAN_POINT('',(46.1193466900366,44.3318350873336,15.3986031792164));
#6706=CARTESIAN_POINT('',(46.1193466900366,44.3318350873336,7.89860317921641));
#6707=CARTESIAN_POINT('',(44.2993466900366,44.3318350873336,15.3986031792164));
#6708=CARTESIAN_POINT('',(44.2993466900366,44.3318350873336,7.89860317921641));
#6709=CARTESIAN_POINT('',(22.7638442531777,44.3318350873336,15.3986031792164));
#6710=CARTESIAN_POINT('Origin',(-0.0916581836811581,44.3318350873336,5.39860317921641));
#6711=CARTESIAN_POINT('',(38.4793466900366,44.3318350873336,15.3986031792164));
#6712=CARTESIAN_POINT('',(38.4793466900366,44.3318350873336,7.89860317921641));
#6713=CARTESIAN_POINT('',(40.2993466900366,44.3318350873336,15.3986031792164));
#6714=CARTESIAN_POINT('',(19.8538442531777,44.3318350873336,15.3986031792164));
#6715=CARTESIAN_POINT('',(40.2993466900366,44.3318350873336,7.89860317921641));
#6716=CARTESIAN_POINT('Origin',(-0.0916581836811581,44.3318350873336,5.39860317921641));
#6717=CARTESIAN_POINT('',(26.8393466900366,44.3318350873336,15.3986031792164));
#6718=CARTESIAN_POINT('',(26.8393466900366,44.3318350873336,7.89860317921641));
#6719=CARTESIAN_POINT('',(28.6593466900366,44.3318350873336,15.3986031792164));
#6720=CARTESIAN_POINT('',(14.0338442531777,44.3318350873336,15.3986031792164));
#6721=CARTESIAN_POINT('',(28.6593466900366,44.3318350873336,7.89860317921641));
#6722=CARTESIAN_POINT('Origin',(-0.0916581836811581,44.3318350873336,5.39860317921641));
#6723=CARTESIAN_POINT('',(32.6593466900366,44.3318350873336,15.3986031792164));
#6724=CARTESIAN_POINT('',(32.6593466900366,44.3318350873336,7.89860317921641));
#6725=CARTESIAN_POINT('',(34.4793466900366,44.3318350873336,15.3986031792164));
#6726=CARTESIAN_POINT('',(16.9438442531777,44.3318350873336,15.3986031792164));
#6727=CARTESIAN_POINT('',(34.4793466900366,44.3318350873336,7.89860317921641));
#6728=CARTESIAN_POINT('Origin',(-0.0916581836811581,44.3318350873336,5.39860317921641));
#6729=CARTESIAN_POINT('',(51.9393466900366,44.3318350873336,15.3986031792164));
#6730=CARTESIAN_POINT('',(51.9393466900366,44.3318350873336,7.89860317921641));
#6731=CARTESIAN_POINT('',(50.1193466900366,44.3318350873336,15.3986031792164));
#6732=CARTESIAN_POINT('',(50.1193466900366,44.3318350873336,7.89860317921641));
#6733=CARTESIAN_POINT('',(25.6738442531777,44.3318350873336,15.3986031792164));
#6734=CARTESIAN_POINT('Origin',(-0.0916581836811581,44.3318350873336,5.39860317921641));
#6735=CARTESIAN_POINT('',(21.0193466900366,44.3318350873336,15.3986031792164));
#6736=CARTESIAN_POINT('',(21.0193466900366,44.3318350873336,7.89860317921641));
#6737=CARTESIAN_POINT('',(22.8393466900366,44.3318350873336,15.3986031792164));
#6738=CARTESIAN_POINT('',(11.1238442531777,44.3318350873336,15.3986031792164));
#6739=CARTESIAN_POINT('',(22.8393466900366,44.3318350873336,7.89860317921641));
#6740=CARTESIAN_POINT('Origin',(-0.0916581836811581,44.3318350873336,5.39860317921641));
#6741=CARTESIAN_POINT('',(15.1993466900366,44.3318350873336,15.3986031792164));
#6742=CARTESIAN_POINT('',(15.1993466900366,44.3318350873336,7.89860317921641));
#6743=CARTESIAN_POINT('',(17.0193466900366,44.3318350873336,15.3986031792164));
#6744=CARTESIAN_POINT('',(8.21384425317772,44.3318350873336,15.3986031792164));
#6745=CARTESIAN_POINT('',(17.0193466900366,44.3318350873336,7.89860317921641));
#6746=CARTESIAN_POINT('Origin',(-0.0916581836811581,44.3318350873336,5.39860317921641));
#6747=CARTESIAN_POINT('',(9.37934669003661,44.3318350873336,15.3986031792164));
#6748=CARTESIAN_POINT('',(9.37934669003661,44.3318350873336,7.89860317921641));
#6749=CARTESIAN_POINT('',(11.1993466900366,44.3318350873336,15.3986031792164));
#6750=CARTESIAN_POINT('',(5.30384425317772,44.3318350873336,15.3986031792164));
#6751=CARTESIAN_POINT('',(11.1993466900366,44.3318350873336,7.89860317921641));
#6752=CARTESIAN_POINT('Origin',(55.0877373541133,72.3318350873336,5.39860317921641));
#6753=CARTESIAN_POINT('',(9.37934669003661,72.3318350873336,15.3986031792164));
#6754=CARTESIAN_POINT('',(9.37934669003661,72.3318350873336,7.89860317921641));
#6755=CARTESIAN_POINT('',(32.893542022075,72.3318350873336,15.3986031792164));
#6756=CARTESIAN_POINT('Origin',(55.0877373541133,72.3318350873336,5.39860317921641));
#6757=CARTESIAN_POINT('Origin',(55.0877373541133,72.3318350873336,5.39860317921641));
#6758=CARTESIAN_POINT('Origin',(55.0877373541133,72.3318350873336,5.39860317921641));
#6759=CARTESIAN_POINT('Origin',(55.0877373541133,72.3318350873336,5.39860317921641));
#6760=CARTESIAN_POINT('Origin',(55.0877373541133,72.3318350873336,5.39860317921641));
#6761=CARTESIAN_POINT('Origin',(55.0877373541133,72.3318350873336,5.39860317921641));
#6762=CARTESIAN_POINT('',(46.1193466900366,72.3318350873336,15.3986031792164));
#6763=CARTESIAN_POINT('',(46.1193466900366,72.3318350873336,7.89860317921641));
#6764=CARTESIAN_POINT('',(50.353542022075,72.3318350873336,15.3986031792164));
#6765=CARTESIAN_POINT('Origin',(55.0877373541133,72.3318350873336,5.39860317921641));
#6766=CARTESIAN_POINT('',(51.9393466900366,72.3318350873336,15.3986031792164));
#6767=CARTESIAN_POINT('',(51.9393466900366,72.3318350873336,7.89860317921641));
#6768=CARTESIAN_POINT('',(50.1193466900366,72.3318350873336,15.3986031792164));
#6769=CARTESIAN_POINT('',(53.263542022075,72.3318350873336,15.3986031792164));
#6770=CARTESIAN_POINT('',(50.1193466900366,72.3318350873336,7.89860317921641));
#6771=CARTESIAN_POINT('Origin',(55.0877373541133,72.3318350873336,5.39860317921641));
#6772=CARTESIAN_POINT('',(3.55934669003661,72.3318350873336,15.3986031792164));
#6773=CARTESIAN_POINT('',(3.55934669003661,72.3318350873336,7.89860317921641));
#6774=CARTESIAN_POINT('',(5.3793466900366,72.3318350873336,15.3986031792164));
#6775=CARTESIAN_POINT('',(5.3793466900366,72.3318350873336,7.89860317921641));
#6776=CARTESIAN_POINT('',(29.983542022075,72.3318350873336,15.3986031792164));
#6777=CARTESIAN_POINT('Origin',(-0.0916581836811581,44.3318350873336,5.39860317921641));
#6778=CARTESIAN_POINT('',(3.55934669003661,44.3318350873336,15.3986031792164));
#6779=CARTESIAN_POINT('',(3.55934669003661,44.3318350873336,7.89860317921641));
#6780=CARTESIAN_POINT('',(5.3793466900366,44.3318350873336,15.3986031792164));
#6781=CARTESIAN_POINT('',(2.39384425317772,44.3318350873336,15.3986031792164));
#6782=CARTESIAN_POINT('',(5.3793466900366,44.3318350873336,7.89860317921641));
#6783=CARTESIAN_POINT('Origin',(3.55934669003661,54.1318350873336,10.3986031792164));
#6784=CARTESIAN_POINT('',(3.55934669003661,103.707282806643,15.3986031792164));
#6785=CARTESIAN_POINT('',(3.55934669003661,54.1318350873336,15.3986031792164));
#6786=CARTESIAN_POINT('Ctrl Pts',(3.55934669003661,103.707282806643,15.3986031792164));
#6787=CARTESIAN_POINT('Ctrl Pts',(3.55934669003661,104.002706496312,9.76284726291477));
#6788=CARTESIAN_POINT('Ctrl Pts',(3.55934669003661,104.23151236624,5.39860317921641));
#6789=CARTESIAN_POINT('Origin',(4.87934669003661,54.1318350873336,15.3986031792164));
#6790=CARTESIAN_POINT('',(5.3793466900366,104.649758693068,15.3986031792164));
#6791=CARTESIAN_POINT('',(5.3793466900366,54.1318350873336,15.3986031792164));
#6792=CARTESIAN_POINT('Origin',(3.51013472920179,106.030839513512,15.3986031792164));
#6793=CARTESIAN_POINT('Origin',(5.3793466900366,54.1318350873336,10.3986031792164));
#6794=CARTESIAN_POINT('',(5.3793466900366,111.131835087334,16.8986031792164));
#6795=CARTESIAN_POINT('',(5.3793466900366,111.131835087334,10.3986031792164));
#6796=CARTESIAN_POINT('',(5.3793466900366,109.231835087334,16.8986031792164));
#6797=CARTESIAN_POINT('',(5.3793466900366,110.181835087334,16.8986031792164));
#6798=CARTESIAN_POINT('',(5.3793466900366,109.231835087334,15.3986031792164));
#6799=CARTESIAN_POINT('',(5.3793466900366,109.231835087334,16.1486031792164));
#6800=CARTESIAN_POINT('',(5.3793466900366,107.411920333957,15.3986031792164));
#6801=CARTESIAN_POINT('',(5.3793466900366,54.1318350873336,15.3986031792164));
#6802=CARTESIAN_POINT('Ctrl Pts',(5.3793466900366,107.411920333957,15.3986031792164));
#6803=CARTESIAN_POINT('Ctrl Pts',(5.3793466900366,106.030839513512,-0.261397260754264));
#6804=CARTESIAN_POINT('Ctrl Pts',(5.3793466900366,104.649758693068,15.3986031792164));
#6805=CARTESIAN_POINT('Origin',(9.37934669003661,54.1318350873336,10.3986031792164));
#6806=CARTESIAN_POINT('',(9.37934669003661,109.231835087334,15.3986031792164));
#6807=CARTESIAN_POINT('',(9.37934669003661,54.1318350873336,15.3986031792164));
#6808=CARTESIAN_POINT('',(9.37934669003661,109.231835087334,16.8986031792164));
#6809=CARTESIAN_POINT('',(9.37934669003661,109.231835087334,16.1486031792164));
#6810=CARTESIAN_POINT('',(9.37934669003661,111.131835087334,16.8986031792164));
#6811=CARTESIAN_POINT('',(9.37934669003661,110.181835087334,16.8986031792164));
#6812=CARTESIAN_POINT('',(9.37934669003661,111.131835087334,16.1486031792164));
#6813=CARTESIAN_POINT('Origin',(10.6993466900366,54.1318350873336,15.3986031792164));
#6814=CARTESIAN_POINT('',(10.4493466900366,109.231835087334,15.3986031792164));
#6815=CARTESIAN_POINT('Origin',(15.1993466900366,54.1318350873336,10.3986031792164));
#6816=CARTESIAN_POINT('',(15.1993466900366,109.231835087334,15.3986031792164));
#6817=CARTESIAN_POINT('',(15.1993466900366,54.1318350873336,15.3986031792164));
#6818=CARTESIAN_POINT('',(15.1993466900366,109.231835087334,16.8986031792164));
#6819=CARTESIAN_POINT('',(15.1993466900366,109.231835087334,16.1486031792164));
#6820=CARTESIAN_POINT('',(15.1993466900366,111.131835087334,16.8986031792164));
#6821=CARTESIAN_POINT('',(15.1993466900366,110.181835087334,16.8986031792164));
#6822=CARTESIAN_POINT('',(15.1993466900366,111.131835087334,16.1486031792164));
#6823=CARTESIAN_POINT('Origin',(16.5193466900366,54.1318350873336,15.3986031792164));
#6824=CARTESIAN_POINT('',(16.2693466900366,109.231835087334,15.3986031792164));
#6825=CARTESIAN_POINT('Origin',(21.0193466900366,54.1318350873336,10.3986031792164));
#6826=CARTESIAN_POINT('',(21.0193466900366,109.231835087334,15.3986031792164));
#6827=CARTESIAN_POINT('',(21.0193466900366,54.1318350873336,15.3986031792164));
#6828=CARTESIAN_POINT('',(21.0193466900366,109.231835087334,16.8986031792164));
#6829=CARTESIAN_POINT('',(21.0193466900366,109.231835087334,16.1486031792164));
#6830=CARTESIAN_POINT('',(21.0193466900366,111.131835087334,16.8986031792164));
#6831=CARTESIAN_POINT('',(21.0193466900366,110.181835087334,16.8986031792164));
#6832=CARTESIAN_POINT('',(21.0193466900366,111.131835087334,16.1486031792164));
#6833=CARTESIAN_POINT('Origin',(21.0193466900366,54.1318350873336,10.3986031792164));
#6834=CARTESIAN_POINT('',(21.0193466900366,-2.8681649126664,16.8986031792164));
#6835=CARTESIAN_POINT('',(21.0193466900366,-2.8681649126664,10.3986031792164));
#6836=CARTESIAN_POINT('',(21.0193466900366,-0.968164912666396,16.8986031792164));
#6837=CARTESIAN_POINT('',(21.0193466900366,-1.9181649126664,16.8986031792164));
#6838=CARTESIAN_POINT('',(21.0193466900366,-0.968164912666396,15.3986031792164));
#6839=CARTESIAN_POINT('',(21.0193466900366,-0.968164912666396,16.1486031792164));
#6840=CARTESIAN_POINT('',(21.0193466900366,54.1318350873336,15.3986031792164));
#6841=CARTESIAN_POINT('Origin',(22.3393466900366,54.1318350873336,15.3986031792164));
#6842=CARTESIAN_POINT('',(22.0893466900366,109.231835087334,15.3986031792164));
#6843=CARTESIAN_POINT('Origin',(51.9393466900366,54.1318350873336,10.3986031792164));
#6844=CARTESIAN_POINT('',(51.9393466900366,5.85383900568572,15.3986031792164));
#6845=CARTESIAN_POINT('',(51.9393466900366,54.1318350873336,15.3986031792164));
#6846=CARTESIAN_POINT('Ctrl Pts',(51.9393466900366,5.85383900568572,15.3986031792164));
#6847=CARTESIAN_POINT('Ctrl Pts',(51.9393466900366,5.55832368165121,9.76245110332414));
#6848=CARTESIAN_POINT('Ctrl Pts',(51.9393466900366,5.3294470453298,5.39860317921641));
#6849=CARTESIAN_POINT('Origin',(26.8393466900366,54.1318350873336,10.3986031792164));
#6850=CARTESIAN_POINT('',(26.8393466900366,109.231835087334,15.3986031792164));
#6851=CARTESIAN_POINT('',(26.8393466900366,54.1318350873336,15.3986031792164));
#6852=CARTESIAN_POINT('',(26.8393466900366,109.231835087334,16.8986031792164));
#6853=CARTESIAN_POINT('',(26.8393466900366,109.231835087334,16.1486031792164));
#6854=CARTESIAN_POINT('',(26.8393466900366,111.131835087334,16.8986031792164));
#6855=CARTESIAN_POINT('',(26.8393466900366,110.181835087334,16.8986031792164));
#6856=CARTESIAN_POINT('',(26.8393466900366,111.131835087334,16.1486031792164));
#6857=CARTESIAN_POINT('Origin',(26.8393466900366,54.1318350873336,10.3986031792164));
#6858=CARTESIAN_POINT('',(26.8393466900366,-2.8681649126664,16.8986031792164));
#6859=CARTESIAN_POINT('',(26.8393466900366,-2.8681649126664,10.3986031792164));
#6860=CARTESIAN_POINT('',(26.8393466900366,-0.968164912666399,16.8986031792164));
#6861=CARTESIAN_POINT('',(26.8393466900366,-1.9181649126664,16.8986031792164));
#6862=CARTESIAN_POINT('',(26.8393466900366,-0.968164912666399,15.3986031792164));
#6863=CARTESIAN_POINT('',(26.8393466900366,-0.968164912666399,16.1486031792164));
#6864=CARTESIAN_POINT('',(26.8393466900366,54.1318350873336,15.3986031792164));
#6865=CARTESIAN_POINT('Origin',(28.1593466900366,54.1318350873336,15.3986031792164));
#6866=CARTESIAN_POINT('',(27.9093466900366,109.231835087334,15.3986031792164));
#6867=CARTESIAN_POINT('Origin',(51.4393466900366,54.1318350873336,15.3986031792164));
#6868=CARTESIAN_POINT('',(50.1193466900366,4.88223071448888,15.3986031792164));
#6869=CARTESIAN_POINT('',(50.1193466900366,54.1318350873336,15.3986031792164));
#6870=CARTESIAN_POINT('Origin',(52.0101347292018,3.53083951351216,15.3986031792164));
#6871=CARTESIAN_POINT('Origin',(50.1193466900366,54.1318350873336,10.3986031792164));
#6872=CARTESIAN_POINT('',(50.1193466900366,104.679448312535,15.3986031792164));
#6873=CARTESIAN_POINT('',(50.1193466900366,54.1318350873336,15.3986031792164));
#6874=CARTESIAN_POINT('',(50.1193466900366,107.382230714489,15.3986031792164));
#6875=CARTESIAN_POINT('Ctrl Pts',(50.1193466900366,104.679448312535,15.3986031792164));
#6876=CARTESIAN_POINT('Ctrl Pts',(50.1193466900366,106.030839513512,0.404663634475479));
#6877=CARTESIAN_POINT('Ctrl Pts',(50.1193466900366,107.382230714489,15.3986031792164));
#6878=CARTESIAN_POINT('',(50.1193466900366,109.231835087334,15.3986031792164));
#6879=CARTESIAN_POINT('',(50.1193466900366,54.1318350873336,15.3986031792164));
#6880=CARTESIAN_POINT('',(50.1193466900366,109.231835087334,16.8986031792164));
#6881=CARTESIAN_POINT('',(50.1193466900366,109.231835087334,16.1486031792164));
#6882=CARTESIAN_POINT('',(50.1193466900366,111.131835087334,16.8986031792164));
#6883=CARTESIAN_POINT('',(50.1193466900366,110.181835087334,16.8986031792164));
#6884=CARTESIAN_POINT('',(50.1193466900366,111.131835087334,16.1486031792164));
#6885=CARTESIAN_POINT('Origin',(50.1193466900366,54.1318350873336,10.3986031792164));
#6886=CARTESIAN_POINT('',(50.1193466900366,-2.86816491266641,16.8986031792164));
#6887=CARTESIAN_POINT('',(50.1193466900366,-2.86816491266641,10.3986031792164));
#6888=CARTESIAN_POINT('',(50.1193466900366,-0.968164912666412,16.8986031792164));
#6889=CARTESIAN_POINT('',(50.1193466900366,-1.91816491266641,16.8986031792164));
#6890=CARTESIAN_POINT('',(50.1193466900366,-0.968164912666412,15.3986031792164));
#6891=CARTESIAN_POINT('',(50.1193466900366,-0.968164912666412,16.1486031792164));
#6892=CARTESIAN_POINT('',(50.1193466900366,2.17944831253545,15.3986031792164));
#6893=CARTESIAN_POINT('',(50.1193466900366,54.1318350873336,15.3986031792164));
#6894=CARTESIAN_POINT('Ctrl Pts',(50.1193466900366,2.17944831253545,15.3986031792164));
#6895=CARTESIAN_POINT('Ctrl Pts',(50.1193466900366,3.53083951351216,0.404663634475539));
#6896=CARTESIAN_POINT('Ctrl Pts',(50.1193466900366,4.88223071448888,15.3986031792164));
#6897=CARTESIAN_POINT('Origin',(32.6593466900366,54.1318350873336,10.3986031792164));
#6898=CARTESIAN_POINT('',(32.6593466900366,109.231835087334,15.3986031792164));
#6899=CARTESIAN_POINT('',(32.6593466900366,54.1318350873336,15.3986031792164));
#6900=CARTESIAN_POINT('',(32.6593466900366,109.231835087334,16.8986031792164));
#6901=CARTESIAN_POINT('',(32.6593466900366,109.231835087334,16.1486031792164));
#6902=CARTESIAN_POINT('',(32.6593466900366,111.131835087334,16.8986031792164));
#6903=CARTESIAN_POINT('',(32.6593466900366,110.181835087334,16.8986031792164));
#6904=CARTESIAN_POINT('',(32.6593466900366,111.131835087334,16.1486031792164));
#6905=CARTESIAN_POINT('Origin',(32.6593466900366,54.1318350873336,10.3986031792164));
#6906=CARTESIAN_POINT('',(32.6593466900366,-2.8681649126664,16.8986031792164));
#6907=CARTESIAN_POINT('',(32.6593466900366,-2.8681649126664,10.3986031792164));
#6908=CARTESIAN_POINT('',(32.6593466900366,-0.968164912666403,16.8986031792164));
#6909=CARTESIAN_POINT('',(32.6593466900366,-1.9181649126664,16.8986031792164));
#6910=CARTESIAN_POINT('',(32.6593466900366,-0.968164912666403,15.3986031792164));
#6911=CARTESIAN_POINT('',(32.6593466900366,-0.968164912666403,16.1486031792164));
#6912=CARTESIAN_POINT('',(32.6593466900366,54.1318350873336,15.3986031792164));
#6913=CARTESIAN_POINT('Origin',(33.9793466900366,54.1318350873336,15.3986031792164));
#6914=CARTESIAN_POINT('',(33.7293466900366,109.231835087334,15.3986031792164));
#6915=CARTESIAN_POINT('Origin',(46.1193466900366,54.1318350873336,10.3986031792164));
#6916=CARTESIAN_POINT('',(46.1193466900366,111.131835087334,16.8986031792164));
#6917=CARTESIAN_POINT('',(46.1193466900366,111.131835087334,10.3986031792164));
#6918=CARTESIAN_POINT('',(46.1193466900366,109.231835087334,16.8986031792164));
#6919=CARTESIAN_POINT('',(46.1193466900366,110.181835087334,16.8986031792164));
#6920=CARTESIAN_POINT('',(46.1193466900366,109.231835087334,15.3986031792164));
#6921=CARTESIAN_POINT('',(46.1193466900366,109.231835087334,16.1486031792164));
#6922=CARTESIAN_POINT('',(46.1193466900366,54.1318350873336,15.3986031792164));
#6923=CARTESIAN_POINT('Origin',(45.6193466900366,54.1318350873336,15.3986031792164));
#6924=CARTESIAN_POINT('',(45.3693466900366,109.231835087334,15.3986031792164));
#6925=CARTESIAN_POINT('Origin',(45.6193466900366,54.1318350873336,15.3986031792164));
#6926=CARTESIAN_POINT('',(44.2993466900366,-0.968164912666409,15.3986031792164));
#6927=CARTESIAN_POINT('',(44.2993466900366,54.1318350873336,15.3986031792164));
#6928=CARTESIAN_POINT('',(46.1193466900366,-0.968164912666409,15.3986031792164));
#6929=CARTESIAN_POINT('',(45.3693466900366,-0.968164912666405,15.3986031792164));
#6930=CARTESIAN_POINT('',(46.1193466900366,54.1318350873336,15.3986031792164));
#6931=CARTESIAN_POINT('Origin',(44.2993466900366,54.1318350873336,10.3986031792164));
#6932=CARTESIAN_POINT('',(44.2993466900366,-2.86816491266641,16.8986031792164));
#6933=CARTESIAN_POINT('',(44.2993466900366,-2.86816491266641,10.3986031792164));
#6934=CARTESIAN_POINT('',(44.2993466900366,-0.968164912666409,16.8986031792164));
#6935=CARTESIAN_POINT('',(44.2993466900366,-1.91816491266641,16.8986031792164));
#6936=CARTESIAN_POINT('',(44.2993466900366,-0.968164912666409,16.1486031792164));
#6937=CARTESIAN_POINT('Origin',(38.4793466900366,54.1318350873336,10.3986031792164));
#6938=CARTESIAN_POINT('',(38.4793466900366,-2.86816491266641,16.8986031792164));
#6939=CARTESIAN_POINT('',(38.4793466900366,-2.86816491266641,10.3986031792164));
#6940=CARTESIAN_POINT('',(38.4793466900366,-0.968164912666406,16.8986031792164));
#6941=CARTESIAN_POINT('',(38.4793466900366,-1.91816491266641,16.8986031792164));
#6942=CARTESIAN_POINT('',(38.4793466900366,-0.968164912666406,15.3986031792164));
#6943=CARTESIAN_POINT('',(38.4793466900366,-0.968164912666406,16.1486031792164));
#6944=CARTESIAN_POINT('',(38.4793466900366,54.1318350873336,15.3986031792164));
#6945=CARTESIAN_POINT('Origin',(39.7993466900366,54.1318350873336,15.3986031792164));
#6946=CARTESIAN_POINT('',(40.2993466900366,109.231835087334,15.3986031792164));
#6947=CARTESIAN_POINT('',(40.2993466900366,54.1318350873336,15.3986031792164));
#6948=CARTESIAN_POINT('',(39.5493466900366,109.231835087334,15.3986031792164));
#6949=CARTESIAN_POINT('Origin',(40.2993466900366,54.1318350873336,10.3986031792164));
#6950=CARTESIAN_POINT('',(40.2993466900366,-0.968164912666406,15.3986031792164));
#6951=CARTESIAN_POINT('',(40.2993466900366,54.1318350873336,15.3986031792164));
#6952=CARTESIAN_POINT('',(40.2993466900366,-0.968164912666406,16.8986031792164));
#6953=CARTESIAN_POINT('',(40.2993466900366,-0.968164912666406,16.1486031792164));
#6954=CARTESIAN_POINT('',(40.2993466900366,-2.86816491266641,16.8986031792164));
#6955=CARTESIAN_POINT('',(40.2993466900366,-1.91816491266641,16.8986031792164));
#6956=CARTESIAN_POINT('',(40.2993466900366,-2.86816491266641,16.1486031792164));
#6957=CARTESIAN_POINT('Origin',(40.2993466900366,54.1318350873336,10.3986031792164));
#6958=CARTESIAN_POINT('',(40.2993466900366,111.131835087334,16.8986031792164));
#6959=CARTESIAN_POINT('',(40.2993466900366,111.131835087334,10.3986031792164));
#6960=CARTESIAN_POINT('',(40.2993466900366,109.231835087334,16.8986031792164));
#6961=CARTESIAN_POINT('',(40.2993466900366,110.181835087334,16.8986031792164));
#6962=CARTESIAN_POINT('',(40.2993466900366,109.231835087334,16.1486031792164));
#6963=CARTESIAN_POINT('Origin',(3.51013472920179,106.030839513512,5.39860317921641));
#6964=CARTESIAN_POINT('',(3.55934669003661,108.354396220382,15.3986031792164));
#6965=CARTESIAN_POINT('Ctrl Pts',(3.55934669003661,107.830166660784,5.39860317921641));
#6966=CARTESIAN_POINT('Ctrl Pts',(3.55934669003661,108.058972530712,9.76284726291478));
#6967=CARTESIAN_POINT('Ctrl Pts',(3.55934669003661,108.354396220382,15.3986031792164));
#6968=CARTESIAN_POINT('Origin',(3.51013472920179,106.030839513512,5.3986031792164));
#6969=CARTESIAN_POINT('Origin',(3.51013472920179,106.030839513512,15.3986031792164));
#6970=CARTESIAN_POINT('Origin',(52.0101347292018,3.53083951351216,5.39860317921641));
#6971=CARTESIAN_POINT('',(51.9393466900366,1.2078400213386,15.3986031792164));
#6972=CARTESIAN_POINT('Origin',(52.0101347292018,3.53083951351216,15.3986031792164));
#6973=CARTESIAN_POINT('Ctrl Pts',(51.9393466900366,1.73223198169452,5.39860317921641));
#6974=CARTESIAN_POINT('Ctrl Pts',(51.9393466900366,1.50335534590453,9.76245109318954));
#6975=CARTESIAN_POINT('Ctrl Pts',(51.9393466900366,1.2078400213386,15.3986031792164));
#6976=CARTESIAN_POINT('Origin',(52.0101347292018,3.53083951351216,5.39860317921642));
#6977=CARTESIAN_POINT('Origin',(52.0101347292018,106.030839513512,5.39860317921641));
#6978=CARTESIAN_POINT('',(51.9393466900366,103.707840021339,15.3986031792164));
#6979=CARTESIAN_POINT('Ctrl Pts',(51.9393466900366,104.232231981695,5.39860317921641));
#6980=CARTESIAN_POINT('Ctrl Pts',(51.9393466900366,104.003355345397,9.76245110286073));
#6981=CARTESIAN_POINT('Ctrl Pts',(51.9393466900366,103.707840021339,15.3986031792164));
#6982=CARTESIAN_POINT('Origin',(52.0101347292018,106.030839513512,5.39860317921641));
#6983=CARTESIAN_POINT('',(51.9393466900366,108.353839005686,15.3986031792164));
#6984=CARTESIAN_POINT('Ctrl Pts',(51.9393466900366,108.353839005686,15.3986031792164));
#6985=CARTESIAN_POINT('Ctrl Pts',(51.9393466900366,108.058323681627,9.76245110286073));
#6986=CARTESIAN_POINT('Ctrl Pts',(51.9393466900366,107.82944704533,5.39860317921641));
#6987=CARTESIAN_POINT('Origin',(52.0101347292018,106.030839513512,15.3986031792164));
#6988=CARTESIAN_POINT('Origin',(52.0101347292018,106.030839513512,15.3986031792164));
#6989=CARTESIAN_POINT('Origin',(3.51013472920179,3.5308395135122,5.39860317921641));
#6990=CARTESIAN_POINT('',(3.55934669003661,5.85439622038171,15.3986031792164));
#6991=CARTESIAN_POINT('Ctrl Pts',(3.55934669003661,5.33016666078442,5.39860317921641));
#6992=CARTESIAN_POINT('Ctrl Pts',(3.55934669003661,5.55897253077388,9.76284726409));
#6993=CARTESIAN_POINT('Ctrl Pts',(3.55934669003661,5.85439622038171,15.3986031792164));
#6994=CARTESIAN_POINT('Origin',(3.51013472920179,3.5308395135122,5.39860317921642));
#6995=CARTESIAN_POINT('',(3.55934669003661,1.20728280664269,15.3986031792164));
#6996=CARTESIAN_POINT('Ctrl Pts',(3.55934669003661,1.20728280664269,15.3986031792164));
#6997=CARTESIAN_POINT('Ctrl Pts',(3.55934669003661,1.50270649625375,9.76284726402833));
#6998=CARTESIAN_POINT('Ctrl Pts',(3.55934669003661,1.73151236623997,5.39860317921641));
#6999=CARTESIAN_POINT('',(5.3793466900366,2.14975869306772,15.3986031792164));
#7000=CARTESIAN_POINT('Origin',(3.51013472920179,3.5308395135122,15.3986031792164));
#7001=CARTESIAN_POINT('',(5.3793466900366,4.91192033395667,15.3986031792164));
#7002=CARTESIAN_POINT('Ctrl Pts',(5.3793466900366,4.91192033395667,15.3986031792164));
#7003=CARTESIAN_POINT('Ctrl Pts',(5.3793466900366,3.5308395135122,-0.261397260754135));
#7004=CARTESIAN_POINT('Ctrl Pts',(5.3793466900366,2.14975869306772,15.3986031792164));
#7005=CARTESIAN_POINT('Origin',(3.51013472920179,3.5308395135122,15.3986031792164));
#7006=CARTESIAN_POINT('Origin',(3.55934669003661,54.1318350873336,10.3986031792164));
#7007=CARTESIAN_POINT('',(3.55934669003661,-2.86816491266639,16.8986031792164));
#7008=CARTESIAN_POINT('',(3.55934669003661,-2.86816491266639,10.3986031792164));
#7009=CARTESIAN_POINT('',(3.55934669003661,-0.968164912666386,16.8986031792164));
#7010=CARTESIAN_POINT('',(3.55934669003661,-1.91816491266639,16.8986031792164));
#7011=CARTESIAN_POINT('',(3.55934669003661,-0.968164912666386,15.3986031792164));
#7012=CARTESIAN_POINT('',(3.55934669003661,-0.968164912666386,16.1486031792164));
#7013=CARTESIAN_POINT('',(3.55934669003661,54.1318350873336,15.3986031792164));
#7014=CARTESIAN_POINT('Origin',(3.55934669003661,54.1318350873336,10.3986031792164));
#7015=CARTESIAN_POINT('',(3.55934669003661,54.1318350873336,15.3986031792164));
#7016=CARTESIAN_POINT('Origin',(3.55934669003661,54.1318350873336,10.3986031792164));
#7017=CARTESIAN_POINT('',(3.55934669003661,109.231835087334,15.3986031792164));
#7018=CARTESIAN_POINT('',(3.55934669003661,54.1318350873336,15.3986031792164));
#7019=CARTESIAN_POINT('',(3.55934669003661,109.231835087334,16.8986031792164));
#7020=CARTESIAN_POINT('',(3.55934669003661,109.231835087334,16.1486031792164));
#7021=CARTESIAN_POINT('',(3.55934669003661,111.131835087334,16.8986031792164));
#7022=CARTESIAN_POINT('',(3.55934669003661,110.181835087334,16.8986031792164));
#7023=CARTESIAN_POINT('',(3.55934669003661,111.131835087334,16.1486031792164));
#7024=CARTESIAN_POINT('Origin',(5.3793466900366,54.1318350873336,10.3986031792164));
#7025=CARTESIAN_POINT('',(5.3793466900366,54.1318350873336,15.3986031792164));
#7026=CARTESIAN_POINT('',(5.3793466900366,-0.968164912666386,15.3986031792164));
#7027=CARTESIAN_POINT('',(5.3793466900366,54.1318350873336,15.3986031792164));
#7028=CARTESIAN_POINT('',(5.3793466900366,-0.968164912666386,16.8986031792164));
#7029=CARTESIAN_POINT('',(5.3793466900366,-0.968164912666386,16.1486031792164));
#7030=CARTESIAN_POINT('',(5.3793466900366,-2.86816491266639,16.8986031792164));
#7031=CARTESIAN_POINT('',(5.3793466900366,-1.91816491266639,16.8986031792164));
#7032=CARTESIAN_POINT('',(5.3793466900366,-2.86816491266639,16.1486031792164));
#7033=CARTESIAN_POINT('Origin',(4.87934669003661,54.1318350873336,15.3986031792164));
#7034=CARTESIAN_POINT('',(4.62934669003661,-0.968164912666382,15.3986031792164));
#7035=CARTESIAN_POINT('Origin',(4.87934669003661,54.1318350873336,15.3986031792164));
#7036=CARTESIAN_POINT('Origin',(4.87934669003661,54.1318350873336,15.3986031792164));
#7037=CARTESIAN_POINT('',(4.62934669003661,109.231835087334,15.3986031792164));
#7038=CARTESIAN_POINT('Origin',(51.9393466900366,54.1318350873336,10.3986031792164));
#7039=CARTESIAN_POINT('',(51.9393466900366,111.131835087334,16.8986031792164));
#7040=CARTESIAN_POINT('',(51.9393466900366,111.131835087334,10.3986031792164));
#7041=CARTESIAN_POINT('',(51.9393466900366,109.231835087334,16.8986031792164));
#7042=CARTESIAN_POINT('',(51.9393466900366,110.181835087334,16.8986031792164));
#7043=CARTESIAN_POINT('',(51.9393466900366,109.231835087334,15.3986031792164));
#7044=CARTESIAN_POINT('',(51.9393466900366,109.231835087334,16.1486031792164));
#7045=CARTESIAN_POINT('',(51.9393466900366,54.1318350873336,15.3986031792164));
#7046=CARTESIAN_POINT('Origin',(51.9393466900366,54.1318350873336,10.3986031792164));
#7047=CARTESIAN_POINT('',(51.9393466900366,54.1318350873336,15.3986031792164));
#7048=CARTESIAN_POINT('Origin',(51.9393466900366,54.1318350873336,10.3986031792164));
#7049=CARTESIAN_POINT('',(51.9393466900366,-0.968164912666412,15.3986031792164));
#7050=CARTESIAN_POINT('',(51.9393466900366,54.1318350873336,15.3986031792164));
#7051=CARTESIAN_POINT('',(51.9393466900366,-0.968164912666412,16.8986031792164));
#7052=CARTESIAN_POINT('',(51.9393466900366,-0.968164912666412,16.1486031792164));
#7053=CARTESIAN_POINT('',(51.9393466900366,-2.86816491266641,16.8986031792164));
#7054=CARTESIAN_POINT('',(51.9393466900366,-1.91816491266641,16.8986031792164));
#7055=CARTESIAN_POINT('',(51.9393466900366,-2.86816491266641,16.1486031792164));
#7056=CARTESIAN_POINT('Origin',(51.4393466900366,54.1318350873336,15.3986031792164));
#7057=CARTESIAN_POINT('',(51.1893466900366,109.231835087334,15.3986031792164));
#7058=CARTESIAN_POINT('Origin',(51.4393466900366,54.1318350873336,15.3986031792164));
#7059=CARTESIAN_POINT('Origin',(51.4393466900366,54.1318350873336,15.3986031792164));
#7060=CARTESIAN_POINT('',(51.1893466900366,-0.968164912666408,15.3986031792164));
#7061=CARTESIAN_POINT('Origin',(-1.36065330996339,109.231835087334,15.3986031792164));
#7062=CARTESIAN_POINT('',(-1.36065330996339,-0.968164912666379,15.3986031792164));
#7063=CARTESIAN_POINT('',(-1.36065330996339,-0.968164912666385,16.8986031792164));
#7064=CARTESIAN_POINT('',(-1.36065330996339,-0.968164912666385,15.7736031792164));
#7065=CARTESIAN_POINT('',(-1.36065330996339,109.231835087334,15.3986031792164));
#7066=CARTESIAN_POINT('',(-1.36065330996339,81.6818350873336,15.3986031792164));
#7067=CARTESIAN_POINT('',(-1.36065330996339,109.231835087334,16.8986031792164));
#7068=CARTESIAN_POINT('',(-1.36065330996339,109.231835087334,15.7736031792164));
#7069=CARTESIAN_POINT('',(-1.36065330996339,109.231835087334,16.8986031792164));
#7070=CARTESIAN_POINT('Origin',(-2.26065330996339,54.1318350873336,10.3986031792164));
#7071=CARTESIAN_POINT('',(-2.26065330996339,-2.86816491266638,16.8986031792164));
#7072=CARTESIAN_POINT('',(-2.26065330996339,111.131835087334,16.8986031792164));
#7073=CARTESIAN_POINT('',(-2.26065330996339,-1.91816491266638,16.8986031792164));
#7074=CARTESIAN_POINT('',(-2.26065330996339,111.131835087334,5.39860317921641));
#7075=CARTESIAN_POINT('',(-2.26065330996339,111.131835087334,16.1486031792164));
#7076=CARTESIAN_POINT('',(-2.26065330996339,-2.86816491266638,5.39860317921641));
#7077=CARTESIAN_POINT('',(-2.26065330996339,54.1318350873336,5.39860317921641));
#7078=CARTESIAN_POINT('',(-2.26065330996339,-2.86816491266638,10.3986031792164));
#7079=CARTESIAN_POINT('Origin',(-0.940653309963393,109.231835087334,16.1486031792164));
#7080=CARTESIAN_POINT('',(-0.440653309963395,109.231835087334,15.3986031792164));
#7081=CARTESIAN_POINT('',(-1.19065330996339,109.231835087334,15.3986031792164));
#7082=CARTESIAN_POINT('',(-0.440653309963395,109.231835087334,16.8986031792164));
#7083=CARTESIAN_POINT('',(-0.440653309963395,109.231835087334,16.1486031792164));
#7084=CARTESIAN_POINT('',(-0.940653309963393,109.231835087334,16.8986031792164));
#7085=CARTESIAN_POINT('Origin',(51.4393466900366,-1.91816491266641,16.8986031792164));
#7086=CARTESIAN_POINT('',(51.4393466900366,-0.968164912666412,16.8986031792164));
#7087=CARTESIAN_POINT('',(51.4393466900366,-2.86816491266641,16.8986031792164));
#7088=CARTESIAN_POINT('Origin',(51.4393466900366,-0.968164912666412,16.1486031792164));
#7089=CARTESIAN_POINT('Origin',(51.4393466900366,110.181835087334,16.8986031792164));
#7090=CARTESIAN_POINT('',(51.4393466900366,109.231835087334,16.8986031792164));
#7091=CARTESIAN_POINT('',(51.4393466900366,111.131835087334,16.8986031792164));
#7092=CARTESIAN_POINT('Origin',(51.4393466900366,109.231835087334,16.1486031792164));
#7093=CARTESIAN_POINT('Origin',(45.6193466900366,-1.91816491266641,16.8986031792164));
#7094=CARTESIAN_POINT('',(46.1193466900366,-0.968164912666409,16.8986031792164));
#7095=CARTESIAN_POINT('',(45.6193466900366,-0.968164912666409,16.8986031792164));
#7096=CARTESIAN_POINT('',(46.1193466900366,-2.86816491266641,16.8986031792164));
#7097=CARTESIAN_POINT('',(45.6193466900366,-2.86816491266641,16.8986031792164));
#7098=CARTESIAN_POINT('',(46.1193466900366,-1.91816491266641,16.8986031792164));
#7099=CARTESIAN_POINT('Origin',(45.6193466900366,-0.968164912666409,16.1486031792164));
#7100=CARTESIAN_POINT('',(46.1193466900366,-0.968164912666409,16.1486031792164));
#7101=CARTESIAN_POINT('Origin',(45.6193466900366,110.181835087334,16.8986031792164));
#7102=CARTESIAN_POINT('',(45.6193466900366,109.231835087334,16.8986031792164));
#7103=CARTESIAN_POINT('',(45.6193466900366,111.131835087334,16.8986031792164));
#7104=CARTESIAN_POINT('Origin',(45.6193466900366,109.231835087334,16.1486031792164));
#7105=CARTESIAN_POINT('Origin',(46.1193466900366,54.1318350873336,10.3986031792164));
#7106=CARTESIAN_POINT('',(46.1193466900366,-2.86816491266641,16.1486031792164));
#7107=CARTESIAN_POINT('Origin',(39.7993466900366,54.1318350873336,15.3986031792164));
#7108=CARTESIAN_POINT('',(39.5493466900366,-0.968164912666402,15.3986031792164));
#7109=CARTESIAN_POINT('Origin',(39.7993466900366,-1.91816491266641,16.8986031792164));
#7110=CARTESIAN_POINT('',(39.7993466900366,-0.968164912666406,16.8986031792164));
#7111=CARTESIAN_POINT('',(39.7993466900366,-2.86816491266641,16.8986031792164));
#7112=CARTESIAN_POINT('Origin',(39.7993466900366,-0.968164912666406,16.1486031792164));
#7113=CARTESIAN_POINT('Origin',(39.7993466900366,110.181835087334,16.8986031792164));
#7114=CARTESIAN_POINT('',(39.7993466900366,109.231835087334,16.8986031792164));
#7115=CARTESIAN_POINT('',(39.7993466900366,111.131835087334,16.8986031792164));
#7116=CARTESIAN_POINT('Origin',(39.7993466900366,109.231835087334,16.1486031792164));
#7117=CARTESIAN_POINT('Origin',(33.9793466900366,54.1318350873336,15.3986031792164));
#7118=CARTESIAN_POINT('',(34.4793466900366,-0.968164912666403,15.3986031792164));
#7119=CARTESIAN_POINT('',(33.7293466900366,-0.968164912666399,15.3986031792164));
#7120=CARTESIAN_POINT('',(34.4793466900366,54.1318350873336,15.3986031792164));
#7121=CARTESIAN_POINT('Origin',(33.9793466900366,-1.9181649126664,16.8986031792164));
#7122=CARTESIAN_POINT('',(34.4793466900366,-0.968164912666403,16.8986031792164));
#7123=CARTESIAN_POINT('',(33.9793466900366,-0.968164912666403,16.8986031792164));
#7124=CARTESIAN_POINT('',(34.4793466900366,-2.8681649126664,16.8986031792164));
#7125=CARTESIAN_POINT('',(33.9793466900366,-2.8681649126664,16.8986031792164));
#7126=CARTESIAN_POINT('',(34.4793466900366,-1.9181649126664,16.8986031792164));
#7127=CARTESIAN_POINT('Origin',(33.9793466900366,-0.968164912666403,16.1486031792164));
#7128=CARTESIAN_POINT('',(34.4793466900366,-0.968164912666403,16.1486031792164));
#7129=CARTESIAN_POINT('Origin',(33.9793466900366,110.181835087334,16.8986031792164));
#7130=CARTESIAN_POINT('',(33.9793466900366,109.231835087334,16.8986031792164));
#7131=CARTESIAN_POINT('',(33.9793466900366,111.131835087334,16.8986031792164));
#7132=CARTESIAN_POINT('Origin',(33.9793466900366,109.231835087334,16.1486031792164));
#7133=CARTESIAN_POINT('Origin',(34.4793466900366,54.1318350873336,10.3986031792164));
#7134=CARTESIAN_POINT('',(34.4793466900366,-2.8681649126664,16.1486031792164));
#7135=CARTESIAN_POINT('Origin',(28.1593466900366,54.1318350873336,15.3986031792164));
#7136=CARTESIAN_POINT('',(28.6593466900366,-0.968164912666399,15.3986031792164));
#7137=CARTESIAN_POINT('',(27.9093466900366,-0.968164912666395,15.3986031792164));
#7138=CARTESIAN_POINT('',(28.6593466900366,54.1318350873336,15.3986031792164));
#7139=CARTESIAN_POINT('Origin',(28.1593466900366,-1.9181649126664,16.8986031792164));
#7140=CARTESIAN_POINT('',(28.6593466900366,-0.968164912666399,16.8986031792164));
#7141=CARTESIAN_POINT('',(28.1593466900366,-0.968164912666399,16.8986031792164));
#7142=CARTESIAN_POINT('',(28.6593466900366,-2.8681649126664,16.8986031792164));
#7143=CARTESIAN_POINT('',(28.1593466900366,-2.8681649126664,16.8986031792164));
#7144=CARTESIAN_POINT('',(28.6593466900366,-1.9181649126664,16.8986031792164));
#7145=CARTESIAN_POINT('Origin',(28.1593466900366,-0.968164912666399,16.1486031792164));
#7146=CARTESIAN_POINT('',(28.6593466900366,-0.968164912666399,16.1486031792164));
#7147=CARTESIAN_POINT('Origin',(28.1593466900366,110.181835087334,16.8986031792164));
#7148=CARTESIAN_POINT('',(28.1593466900366,109.231835087334,16.8986031792164));
#7149=CARTESIAN_POINT('',(28.1593466900366,111.131835087334,16.8986031792164));
#7150=CARTESIAN_POINT('Origin',(28.1593466900366,109.231835087334,16.1486031792164));
#7151=CARTESIAN_POINT('Origin',(28.6593466900366,54.1318350873336,10.3986031792164));
#7152=CARTESIAN_POINT('',(28.6593466900366,-2.8681649126664,16.1486031792164));
#7153=CARTESIAN_POINT('Origin',(22.3393466900366,54.1318350873336,15.3986031792164));
#7154=CARTESIAN_POINT('',(22.8393466900366,-0.968164912666396,15.3986031792164));
#7155=CARTESIAN_POINT('',(22.0893466900366,-0.968164912666392,15.3986031792164));
#7156=CARTESIAN_POINT('',(22.8393466900366,54.1318350873336,15.3986031792164));
#7157=CARTESIAN_POINT('Origin',(22.3393466900366,-1.9181649126664,16.8986031792164));
#7158=CARTESIAN_POINT('',(22.8393466900366,-0.968164912666396,16.8986031792164));
#7159=CARTESIAN_POINT('',(22.3393466900366,-0.968164912666396,16.8986031792164));
#7160=CARTESIAN_POINT('',(22.8393466900366,-2.8681649126664,16.8986031792164));
#7161=CARTESIAN_POINT('',(22.3393466900366,-2.8681649126664,16.8986031792164));
#7162=CARTESIAN_POINT('',(22.8393466900366,-1.9181649126664,16.8986031792164));
#7163=CARTESIAN_POINT('Origin',(22.3393466900366,-0.968164912666396,16.1486031792164));
#7164=CARTESIAN_POINT('',(22.8393466900366,-0.968164912666396,16.1486031792164));
#7165=CARTESIAN_POINT('Origin',(22.3393466900366,110.181835087334,16.8986031792164));
#7166=CARTESIAN_POINT('',(22.3393466900366,109.231835087334,16.8986031792164));
#7167=CARTESIAN_POINT('',(22.3393466900366,111.131835087334,16.8986031792164));
#7168=CARTESIAN_POINT('Origin',(22.3393466900366,109.231835087334,16.1486031792164));
#7169=CARTESIAN_POINT('Origin',(22.8393466900366,54.1318350873336,10.3986031792164));
#7170=CARTESIAN_POINT('',(22.8393466900366,-2.8681649126664,16.1486031792164));
#7171=CARTESIAN_POINT('Origin',(16.5193466900366,54.1318350873336,15.3986031792164));
#7172=CARTESIAN_POINT('',(15.1993466900366,-0.968164912666393,15.3986031792164));
#7173=CARTESIAN_POINT('',(15.1993466900366,54.1318350873336,15.3986031792164));
#7174=CARTESIAN_POINT('',(17.0193466900366,-0.968164912666393,15.3986031792164));
#7175=CARTESIAN_POINT('',(16.2693466900366,-0.968164912666389,15.3986031792164));
#7176=CARTESIAN_POINT('',(17.0193466900366,54.1318350873336,15.3986031792164));
#7177=CARTESIAN_POINT('Origin',(16.5193466900366,-1.91816491266639,16.8986031792164));
#7178=CARTESIAN_POINT('',(17.0193466900366,-0.968164912666393,16.8986031792164));
#7179=CARTESIAN_POINT('',(15.1993466900366,-0.968164912666393,16.8986031792164));
#7180=CARTESIAN_POINT('',(16.5193466900366,-0.968164912666393,16.8986031792164));
#7181=CARTESIAN_POINT('',(15.1993466900366,-2.86816491266639,16.8986031792164));
#7182=CARTESIAN_POINT('',(15.1993466900366,-1.91816491266639,16.8986031792164));
#7183=CARTESIAN_POINT('',(17.0193466900366,-2.86816491266639,16.8986031792164));
#7184=CARTESIAN_POINT('',(16.5193466900366,-2.86816491266639,16.8986031792164));
#7185=CARTESIAN_POINT('',(17.0193466900366,-1.91816491266639,16.8986031792164));
#7186=CARTESIAN_POINT('Origin',(16.5193466900366,-0.968164912666393,16.1486031792164));
#7187=CARTESIAN_POINT('',(17.0193466900366,-0.968164912666393,16.1486031792164));
#7188=CARTESIAN_POINT('',(15.1993466900366,-0.968164912666393,16.1486031792164));
#7189=CARTESIAN_POINT('Origin',(16.5193466900366,110.181835087334,16.8986031792164));
#7190=CARTESIAN_POINT('',(16.5193466900366,109.231835087334,16.8986031792164));
#7191=CARTESIAN_POINT('',(16.5193466900366,111.131835087334,16.8986031792164));
#7192=CARTESIAN_POINT('Origin',(16.5193466900366,109.231835087334,16.1486031792164));
#7193=CARTESIAN_POINT('Origin',(15.1993466900366,54.1318350873336,10.3986031792164));
#7194=CARTESIAN_POINT('',(15.1993466900366,-2.86816491266639,10.3986031792164));
#7195=CARTESIAN_POINT('Origin',(17.0193466900366,54.1318350873336,10.3986031792164));
#7196=CARTESIAN_POINT('',(17.0193466900366,-2.86816491266639,16.1486031792164));
#7197=CARTESIAN_POINT('Origin',(10.6993466900366,54.1318350873336,15.3986031792164));
#7198=CARTESIAN_POINT('',(9.37934669003661,-0.96816491266639,15.3986031792164));
#7199=CARTESIAN_POINT('',(9.37934669003661,54.1318350873336,15.3986031792164));
#7200=CARTESIAN_POINT('',(11.1993466900366,-0.96816491266639,15.3986031792164));
#7201=CARTESIAN_POINT('',(10.4493466900366,-0.968164912666386,15.3986031792164));
#7202=CARTESIAN_POINT('',(11.1993466900366,54.1318350873336,15.3986031792164));
#7203=CARTESIAN_POINT('Origin',(10.6993466900366,-1.91816491266639,16.8986031792164));
#7204=CARTESIAN_POINT('',(11.1993466900366,-0.96816491266639,16.8986031792164));
#7205=CARTESIAN_POINT('',(9.37934669003661,-0.96816491266639,16.8986031792164));
#7206=CARTESIAN_POINT('',(10.6993466900366,-0.96816491266639,16.8986031792164));
#7207=CARTESIAN_POINT('',(9.37934669003661,-2.86816491266639,16.8986031792164));
#7208=CARTESIAN_POINT('',(9.37934669003661,-1.91816491266639,16.8986031792164));
#7209=CARTESIAN_POINT('',(11.1993466900366,-2.86816491266639,16.8986031792164));
#7210=CARTESIAN_POINT('',(10.6993466900366,-2.86816491266639,16.8986031792164));
#7211=CARTESIAN_POINT('',(11.1993466900366,-1.91816491266639,16.8986031792164));
#7212=CARTESIAN_POINT('Origin',(10.6993466900366,-0.96816491266639,16.1486031792164));
#7213=CARTESIAN_POINT('',(11.1993466900366,-0.96816491266639,16.1486031792164));
#7214=CARTESIAN_POINT('',(9.37934669003661,-0.96816491266639,16.1486031792164));
#7215=CARTESIAN_POINT('Origin',(10.6993466900366,110.181835087334,16.8986031792164));
#7216=CARTESIAN_POINT('',(10.6993466900366,109.231835087334,16.8986031792164));
#7217=CARTESIAN_POINT('',(10.6993466900366,111.131835087334,16.8986031792164));
#7218=CARTESIAN_POINT('Origin',(10.6993466900366,109.231835087334,16.1486031792164));
#7219=CARTESIAN_POINT('Origin',(9.37934669003661,54.1318350873336,10.3986031792164));
#7220=CARTESIAN_POINT('',(9.37934669003661,-2.86816491266639,10.3986031792164));
#7221=CARTESIAN_POINT('Origin',(11.1993466900366,54.1318350873336,10.3986031792164));
#7222=CARTESIAN_POINT('',(11.1993466900366,-2.86816491266639,16.1486031792164));
#7223=CARTESIAN_POINT('Origin',(-0.940653309963393,54.1318350873336,5.39860317921641));
#7224=CARTESIAN_POINT('',(-2.24065330996339,111.131835087334,5.39860317921641));
#7225=CARTESIAN_POINT('',(-2.24065330996339,-2.86816491266638,5.39860317921642));
#7226=CARTESIAN_POINT('',(-2.2406533099634,82.6318350873336,5.39860317921641));
#7227=CARTESIAN_POINT('',(-1.44065330996339,-2.86816491266638,5.39860317921641));
#7228=CARTESIAN_POINT('',(-0.940653309963393,111.131835087334,5.39860317921641));
#7229=CARTESIAN_POINT('Origin',(-0.940653309963393,54.1318350873336,15.3986031792164));
#7230=CARTESIAN_POINT('',(-0.440653309963395,-0.968164912666383,15.3986031792164));
#7231=CARTESIAN_POINT('',(-1.19065330996339,-0.968164912666379,15.3986031792164));
#7232=CARTESIAN_POINT('',(-0.440653309963395,54.1318350873336,15.3986031792164));
#7233=CARTESIAN_POINT('Origin',(-0.940653309963393,-1.91816491266638,16.8986031792164));
#7234=CARTESIAN_POINT('',(-0.440653309963395,-2.86816491266638,16.8986031792164));
#7235=CARTESIAN_POINT('',(-0.940653309963393,-2.86816491266638,16.8986031792164));
#7236=CARTESIAN_POINT('',(-0.440653309963395,-0.968164912666383,16.8986031792164));
#7237=CARTESIAN_POINT('',(-0.440653309963395,-1.91816491266638,16.8986031792164));
#7238=CARTESIAN_POINT('',(-0.940653309963393,-0.968164912666383,16.8986031792164));
#7239=CARTESIAN_POINT('',(-0.440653309963395,111.131835087334,16.8986031792164));
#7240=CARTESIAN_POINT('',(-0.440653309963395,110.181835087334,16.8986031792164));
#7241=CARTESIAN_POINT('',(-0.940653309963393,111.131835087334,16.8986031792164));
#7242=CARTESIAN_POINT('Origin',(-0.940653309963393,-0.968164912666383,16.1486031792164));
#7243=CARTESIAN_POINT('',(-0.440653309963395,-0.968164912666383,16.1486031792164));
#7244=CARTESIAN_POINT('Origin',(-0.440653309963395,54.1318350873336,10.3986031792164));
#7245=CARTESIAN_POINT('',(-0.440653309963395,-2.86816491266638,16.1486031792164));
#7246=CARTESIAN_POINT('',(-0.440653309963395,111.131835087334,10.3986031792164));
#7247=CARTESIAN_POINT('Origin',(56.8593466900366,109.231835087334,16.8986031792164));
#7248=CARTESIAN_POINT('',(56.8593466900366,-0.96816491266642,16.8986031792164));
#7249=CARTESIAN_POINT('',(56.8593466900366,-0.96816491266642,15.3986031792164));
#7250=CARTESIAN_POINT('',(56.8593466900366,-0.968164912666412,16.5236031792164));
#7251=CARTESIAN_POINT('',(56.8593466900366,109.231835087334,16.8986031792164));
#7252=CARTESIAN_POINT('',(56.8593466900366,109.231835087334,16.8986031792164));
#7253=CARTESIAN_POINT('',(56.8593466900366,109.231835087334,15.3986031792164));
#7254=CARTESIAN_POINT('',(56.8593466900366,109.231835087334,16.5236031792164));
#7255=CARTESIAN_POINT('',(56.8593466900366,81.6818350873336,15.3986031792164));
#7256=CARTESIAN_POINT('Origin',(57.2593466900366,-0.968164912666415,16.1486031792164));
#7257=CARTESIAN_POINT('',(55.9393466900366,-0.968164912666415,15.3986031792164));
#7258=CARTESIAN_POINT('',(57.0093466900366,-0.968164912666412,15.3986031792164));
#7259=CARTESIAN_POINT('',(55.9393466900366,-0.968164912666415,16.8986031792164));
#7260=CARTESIAN_POINT('',(55.9393466900366,-0.968164912666415,16.1486031792164));
#7261=CARTESIAN_POINT('',(57.2593466900366,-0.968164912666415,16.8986031792164));
#7262=CARTESIAN_POINT('Origin',(57.2593466900366,54.1318350873336,15.3986031792164));
#7263=CARTESIAN_POINT('',(55.9393466900366,109.231835087334,15.3986031792164));
#7264=CARTESIAN_POINT('',(57.0093466900366,109.231835087334,15.3986031792164));
#7265=CARTESIAN_POINT('',(55.9393466900366,54.1318350873336,15.3986031792164));
#7266=CARTESIAN_POINT('Origin',(57.2593466900366,-1.91816491266642,16.8986031792164));
#7267=CARTESIAN_POINT('',(55.9393466900366,-2.86816491266642,16.8986031792164));
#7268=CARTESIAN_POINT('',(55.9393466900366,-1.91816491266642,16.8986031792164));
#7269=CARTESIAN_POINT('',(57.7593466900366,-2.86816491266642,16.8986031792164));
#7270=CARTESIAN_POINT('',(57.2593466900366,-2.86816491266642,16.8986031792164));
#7271=CARTESIAN_POINT('',(57.7593466900366,111.131835087334,16.8986031792164));
#7272=CARTESIAN_POINT('',(57.7593466900366,110.181835087334,16.8986031792164));
#7273=CARTESIAN_POINT('',(55.9393466900366,111.131835087334,16.8986031792164));
#7274=CARTESIAN_POINT('',(57.2593466900366,111.131835087334,16.8986031792164));
#7275=CARTESIAN_POINT('',(55.9393466900366,109.231835087334,16.8986031792164));
#7276=CARTESIAN_POINT('',(55.9393466900366,110.181835087334,16.8986031792164));
#7277=CARTESIAN_POINT('',(57.2593466900366,109.231835087334,16.8986031792164));
#7278=CARTESIAN_POINT('Origin',(57.2593466900366,109.231835087334,16.1486031792164));
#7279=CARTESIAN_POINT('',(55.9393466900366,109.231835087334,16.1486031792164));
#7280=CARTESIAN_POINT('Origin',(55.9393466900366,54.1318350873336,10.3986031792164));
#7281=CARTESIAN_POINT('',(55.9393466900366,111.131835087334,16.1486031792164));
#7282=CARTESIAN_POINT('',(55.9393466900366,-2.86816491266642,10.3986031792164));
#7283=CARTESIAN_POINT('Origin',(27.7593466900366,54.1318350873336,-0.00139682078359016));
#7284=CARTESIAN_POINT('',(52.0101347292018,51.2808395135121,-0.00139682078359016));
#7285=CARTESIAN_POINT('Origin',(52.0101347292018,50.0308395135121,-0.00139682078359016));
#7286=CARTESIAN_POINT('Origin',(3.51013472920179,50.0308395135122,5.42360317921641));
#7287=CARTESIAN_POINT('',(3.5101347292018,51.2808395135122,4.84860317921641));
#7288=CARTESIAN_POINT('',(3.5101347292018,51.8558395135122,5.42360317921641));
#7289=CARTESIAN_POINT('Origin',(3.51013472920179,50.0308395135122,4.84860317921641));
#7290=CARTESIAN_POINT('Origin',(3.51013472920179,3.5308395135122,5.42360317921642));
#7291=CARTESIAN_POINT('',(3.5101347292018,4.7808395135122,4.84860317921642));
#7292=CARTESIAN_POINT('',(3.5101347292018,5.3558395135122,5.42360317921642));
#7293=CARTESIAN_POINT('Origin',(3.51013472920179,3.5308395135122,4.84860317921642));
#7294=CARTESIAN_POINT('Origin',(3.51013472920179,106.030839513512,5.42360317921641));
#7295=CARTESIAN_POINT('',(3.5101347292018,107.280839513512,4.84860317921641));
#7296=CARTESIAN_POINT('',(3.5101347292018,107.855839513512,5.42360317921641));
#7297=CARTESIAN_POINT('Origin',(3.51013472920179,106.030839513512,4.84860317921641));
#7298=CARTESIAN_POINT('Origin',(40.5593466900366,68.3318350873336,-0.00139682078359016));
#7299=CARTESIAN_POINT('',(40.5593466900366,68.3318350873336,4.59860317921641));
#7300=CARTESIAN_POINT('',(40.5593466900366,68.3318350873336,-0.00139682078359016));
#7301=CARTESIAN_POINT('',(40.5593466900366,70.3318350873336,4.59860317921641));
#7302=CARTESIAN_POINT('',(40.5593466900366,76.8693350873336,4.59860317921641));
#7303=CARTESIAN_POINT('',(40.5593466900366,70.3318350873336,-0.00139682078359016));
#7304=CARTESIAN_POINT('Origin',(41.5593466900366,70.3318350873336,-0.00139682078359016));
#7305=CARTESIAN_POINT('',(42.5593466900366,70.3318350873336,4.59860317921641));
#7306=CARTESIAN_POINT('Origin',(41.5593466900366,70.3318350873336,4.59860317921641));
#7307=CARTESIAN_POINT('',(42.5593466900366,70.3318350873336,-0.00139682078359016));
#7308=CARTESIAN_POINT('Origin',(42.5593466900366,70.3318350873336,-0.00139682078359016));
#7309=CARTESIAN_POINT('',(42.5593466900366,68.3318350873336,4.59860317921641));
#7310=CARTESIAN_POINT('',(42.5593466900366,77.8693350873336,4.59860317921641));
#7311=CARTESIAN_POINT('',(42.5593466900366,68.3318350873336,-0.00139682078359016));
#7312=CARTESIAN_POINT('Origin',(3.51013472920179,50.0308395135122,0.998603179216406));
#7313=CARTESIAN_POINT('',(3.5101347292018,51.2808395135122,0.998603179216406));
#7314=CARTESIAN_POINT('Origin',(3.51013472920179,3.5308395135122,0.998603179216415));
#7315=CARTESIAN_POINT('',(3.51013472920179,4.7808395135122,-0.00139682078358128));
#7316=CARTESIAN_POINT('',(3.5101347292018,4.7808395135122,0.998603179216415));
#7317=CARTESIAN_POINT('Origin',(3.51013472920179,3.5308395135122,-0.00139682078358128));
#7318=CARTESIAN_POINT('Origin',(3.51013472920179,106.030839513512,0.998603179216406));
#7319=CARTESIAN_POINT('',(3.5101347292018,107.280839513512,0.998603179216406));
#7320=CARTESIAN_POINT('Origin',(52.0101347292018,3.53083951351216,5.42360317921642));
#7321=CARTESIAN_POINT('',(52.0101347292018,4.78083951351216,4.84860317921642));
#7322=CARTESIAN_POINT('',(52.0101347292018,5.35583951351216,5.42360317921642));
#7323=CARTESIAN_POINT('Origin',(52.0101347292018,3.53083951351216,4.84860317921642));
#7324=CARTESIAN_POINT('Origin',(52.0101347292018,106.030839513512,5.42360317921641));
#7325=CARTESIAN_POINT('',(52.0101347292018,107.280839513512,4.84860317921641));
#7326=CARTESIAN_POINT('',(52.0101347292018,107.855839513512,5.42360317921641));
#7327=CARTESIAN_POINT('Origin',(52.0101347292018,106.030839513512,4.84860317921641));
#7328=CARTESIAN_POINT('Origin',(52.0101347292018,50.0308395135121,5.42360317921641));
#7329=CARTESIAN_POINT('',(52.0101347292018,51.2808395135121,4.84860317921641));
#7330=CARTESIAN_POINT('',(52.0101347292018,51.8558395135122,5.42360317921641));
#7331=CARTESIAN_POINT('Origin',(52.0101347292018,50.0308395135121,4.84860317921641));
#7332=CARTESIAN_POINT('Origin',(42.5593466900366,68.3318350873336,-0.00139682078359016));
#7333=CARTESIAN_POINT('',(48.5593466900366,68.3318350873336,4.59860317921641));
#7334=CARTESIAN_POINT('',(38.6343466900366,68.3318350873336,4.59860317921641));
#7335=CARTESIAN_POINT('',(48.5593466900366,68.3318350873336,-0.00139682078359016));
#7336=CARTESIAN_POINT('Origin',(20.8593466900366,68.3318350873336,-0.00139682078359016));
#7337=CARTESIAN_POINT('',(20.8593466900366,68.3318350873336,4.59860317921641));
#7338=CARTESIAN_POINT('',(20.8593466900366,68.3318350873336,-0.00139682078359016));
#7339=CARTESIAN_POINT('',(27.7843466900366,68.3318350873336,4.59860317921641));
#7340=CARTESIAN_POINT('Origin',(34.7093466900366,85.4068350873336,4.59860317921641));
#7341=CARTESIAN_POINT('',(20.8593466900366,102.481835087334,4.59860317921641));
#7342=CARTESIAN_POINT('',(20.8593466900366,48.3318350873336,4.59860317921641));
#7343=CARTESIAN_POINT('',(48.5593466900366,102.481835087334,4.59860317921641));
#7344=CARTESIAN_POINT('',(48.5593466900366,102.481835087334,4.59860317921641));
#7345=CARTESIAN_POINT('',(48.5593466900366,7.08183508733359,4.59860317921642));
#7346=CARTESIAN_POINT('Origin',(27.8093466900366,54.7818350873336,4.59860317921641));
#7347=CARTESIAN_POINT('',(18.4593466900366,102.481835087334,4.59860317921641));
#7348=CARTESIAN_POINT('',(7.05934669003661,102.481835087334,4.59860317921641));
#7349=CARTESIAN_POINT('',(48.5593466900366,102.481835087334,4.59860317921641));
#7350=CARTESIAN_POINT('',(18.4593466900366,48.3318350873336,4.59860317921641));
#7351=CARTESIAN_POINT('',(18.4593466900366,102.481835087334,4.59860317921641));
#7352=CARTESIAN_POINT('',(9.25934669003659,48.3318350873336,4.59860317921641));
#7353=CARTESIAN_POINT('',(48.5593466900366,48.3318350873336,4.59860317921641));
#7354=CARTESIAN_POINT('',(9.25934669003659,46.0318350873336,4.59860317921641));
#7355=CARTESIAN_POINT('',(9.25934669003659,48.3318350873336,4.59860317921641));
#7356=CARTESIAN_POINT('',(48.5593466900366,46.0318350873336,4.59860317921641));
#7357=CARTESIAN_POINT('',(9.25934669003659,46.0318350873336,4.59860317921641));
#7358=CARTESIAN_POINT('',(48.5593466900366,7.08183508733359,4.59860317921642));
#7359=CARTESIAN_POINT('',(48.5593466900366,7.08183508733359,4.59860317921642));
#7360=CARTESIAN_POINT('',(7.05934669003661,7.08183508733359,4.59860317921642));
#7361=CARTESIAN_POINT('',(7.05934669003661,7.08183508733359,4.59860317921642));
#7362=CARTESIAN_POINT('',(7.05934669003661,102.481835087334,4.59860317921641));
#7363=CARTESIAN_POINT('Origin',(7.05934669003661,102.481835087334,-0.00139682078359016));
#7364=CARTESIAN_POINT('',(7.05934669003661,102.481835087334,-0.00139682078359016));
#7365=CARTESIAN_POINT('',(7.05934669003661,7.08183508733359,-0.00139682078358128));
#7366=CARTESIAN_POINT('Origin',(13.9996681497296,-2.86916048648781,0.123603179216421));
#7367=CARTESIAN_POINT('',(12.5027964117373,7.08183508733359,2.92360317921642));
#7368=CARTESIAN_POINT('Origin',(13.9996681497296,7.08183508733359,0.123603179216421));
#7369=CARTESIAN_POINT('',(12.5027964117373,-2.86816491266638,2.92360317921642));
#7370=CARTESIAN_POINT('',(12.5027964117373,-2.86916048648781,2.92360317921642));
#7371=CARTESIAN_POINT('Origin',(13.9996681497296,-2.86816491266638,0.123603179216421));
#7372=CARTESIAN_POINT('Origin',(12.5027964117373,-2.86916048648781,2.92360317921642));
#7373=CARTESIAN_POINT('',(15.4965398877218,7.08183508733359,2.92360317921642));
#7374=CARTESIAN_POINT('',(9.78107155088694,7.08183508733359,2.92360317921642));
#7375=CARTESIAN_POINT('',(15.4965398877218,-2.86816491266638,2.92360317921642));
#7376=CARTESIAN_POINT('',(15.4965398877218,-2.86916048648781,2.92360317921642));
#7377=CARTESIAN_POINT('',(5.1310715508869,-2.86816491266638,2.92360317921642));
#7378=CARTESIAN_POINT('Origin',(-2.24065330996339,111.131835087334,-0.00139682078359016));
#7379=CARTESIAN_POINT('',(-2.24065330996339,-2.86816491266638,-0.00139682078358128));
#7380=CARTESIAN_POINT('',(-2.24065330996339,111.131835087334,-0.00139682078359016));
#7381=CARTESIAN_POINT('Origin',(27.7593466900366,54.1318350873336,-0.00139682078359016));
#7382=CARTESIAN_POINT('Origin',(13.9996681497296,111.130839513512,0.123603179216412));
#7383=CARTESIAN_POINT('',(12.5027964117373,111.131835087334,2.92360317921641));
#7384=CARTESIAN_POINT('Origin',(13.9996681497296,111.131835087334,0.123603179216412));
#7385=CARTESIAN_POINT('',(12.5027964117373,102.481835087334,2.92360317921641));
#7386=CARTESIAN_POINT('',(12.5027964117373,111.130839513512,2.92360317921641));
#7387=CARTESIAN_POINT('Origin',(13.9996681497296,102.481835087334,0.123603179216412));
#7388=CARTESIAN_POINT('Origin',(15.4965398877218,111.130839513512,2.92360317921641));
#7389=CARTESIAN_POINT('',(15.4965398877218,111.131835087334,2.92360317921641));
#7390=CARTESIAN_POINT('',(36.6279432888792,111.131835087334,2.92360317921641));
#7391=CARTESIAN_POINT('',(15.4965398877218,102.481835087334,2.92360317921641));
#7392=CARTESIAN_POINT('',(15.4965398877218,111.130839513512,2.92360317921641));
#7393=CARTESIAN_POINT('',(16.9779432888792,102.481835087334,2.92360317921641));
#7394=CARTESIAN_POINT('Origin',(52.0101347292018,3.53083951351216,0.998603179216415));
#7395=CARTESIAN_POINT('',(52.0101347292018,4.78083951351216,0.998603179216415));
#7396=CARTESIAN_POINT('Origin',(52.0101347292018,106.030839513512,0.998603179216406));
#7397=CARTESIAN_POINT('',(52.0101347292018,107.280839513512,0.998603179216406));
#7398=CARTESIAN_POINT('Origin',(52.0101347292018,50.0308395135121,0.998603179216406));
#7399=CARTESIAN_POINT('',(52.0101347292018,51.2808395135121,0.998603179216406));
#7400=CARTESIAN_POINT('Origin',(48.5593466900366,68.3318350873336,-0.00139682078359016));
#7401=CARTESIAN_POINT('',(48.5593466900366,102.481835087334,-0.00139682078359016));
#7402=CARTESIAN_POINT('',(48.5593466900366,48.3318350873336,-0.00139682078359016));
#7403=CARTESIAN_POINT('Origin',(48.5593466900366,48.3318350873336,-0.00139682078359016));
#7404=CARTESIAN_POINT('',(20.8593466900366,48.3318350873336,-0.00139682078359016));
#7405=CARTESIAN_POINT('Origin',(20.8593466900366,48.3318350873336,-0.00139682078359016));
#7406=CARTESIAN_POINT('',(20.8593466900366,102.481835087334,-0.00139682078359016));
#7407=CARTESIAN_POINT('Origin',(48.5593466900366,102.481835087334,-0.00139682078359016));
#7408=CARTESIAN_POINT('Origin',(57.7593466900366,-2.86816491266642,-0.00139682078358128));
#7409=CARTESIAN_POINT('',(57.7593466900366,-2.86816491266642,-0.00139682078358128));
#7410=CARTESIAN_POINT('',(57.7593466900366,111.131835087334,-0.00139682078359016));
#7411=CARTESIAN_POINT('Origin',(13.9996681497296,111.130839513512,0.123603179216412));
#7412=CARTESIAN_POINT('Origin',(13.9996681497296,111.131835087334,0.123603179216412));
#7413=CARTESIAN_POINT('Origin',(13.9996681497296,102.481835087334,0.123603179216412));
#7414=CARTESIAN_POINT('Origin',(18.4593466900366,102.481835087334,-0.00139682078359016));
#7415=CARTESIAN_POINT('',(18.4593466900366,102.481835087334,-0.00139682078359016));
#7416=CARTESIAN_POINT('Origin',(18.4593466900366,48.3318350873336,-0.00139682078359016));
#7417=CARTESIAN_POINT('',(18.4593466900366,48.3318350873336,-0.00139682078359016));
#7418=CARTESIAN_POINT('Origin',(9.25934669003659,48.3318350873336,-0.00139682078359016));
#7419=CARTESIAN_POINT('',(9.25934669003659,48.3318350873336,-0.00139682078359016));
#7420=CARTESIAN_POINT('Origin',(9.25934669003659,46.0318350873336,-0.00139682078359016));
#7421=CARTESIAN_POINT('',(9.25934669003659,46.0318350873336,-0.00139682078359016));
#7422=CARTESIAN_POINT('Origin',(48.5593466900366,46.0318350873336,-0.00139682078359016));
#7423=CARTESIAN_POINT('',(48.5593466900366,46.0318350873336,-0.00139682078359016));
#7424=CARTESIAN_POINT('Origin',(48.5593466900366,7.08183508733359,-0.00139682078358128));
#7425=CARTESIAN_POINT('',(48.5593466900366,7.08183508733359,-0.00139682078358128));
#7426=CARTESIAN_POINT('Origin',(7.05934669003661,7.08183508733359,-0.00139682078358128));
#7427=CARTESIAN_POINT('Origin',(13.9996681497296,7.08183508733359,0.123603179216421));
#7428=CARTESIAN_POINT('Origin',(13.9996681497296,-2.86916048648781,0.123603179216421));
#7429=CARTESIAN_POINT('Origin',(13.9996681497296,-2.86816491266638,0.123603179216421));
#7430=CARTESIAN_POINT('Origin',(4.87934669003661,-1.91816491266639,16.8986031792164));
#7431=CARTESIAN_POINT('',(4.87934669003661,-0.968164912666386,16.8986031792164));
#7432=CARTESIAN_POINT('',(4.87934669003661,-2.86816491266639,16.8986031792164));
#7433=CARTESIAN_POINT('Origin',(4.87934669003661,-0.968164912666386,16.1486031792164));
#7434=CARTESIAN_POINT('Origin',(4.87934669003661,110.181835087334,16.8986031792164));
#7435=CARTESIAN_POINT('',(4.87934669003661,109.231835087334,16.8986031792164));
#7436=CARTESIAN_POINT('',(4.87934669003661,111.131835087334,16.8986031792164));
#7437=CARTESIAN_POINT('Origin',(4.87934669003661,109.231835087334,16.1486031792164));
#7438=CARTESIAN_POINT('Origin',(4.87934669003661,-2.86816491266639,10.3986031792164));
#7439=CARTESIAN_POINT('Origin',(4.87934669003661,111.131835087334,10.3986031792164));
#7440=UNCERTAINTY_MEASURE_WITH_UNIT(LENGTH_MEASURE(0.01),#7444,
'DISTANCE_ACCURACY_VALUE',
'Maximum model space distance between geometric entities at asserted c
onnectivities');
#7441=UNCERTAINTY_MEASURE_WITH_UNIT(LENGTH_MEASURE(0.01),#7444,
'DISTANCE_ACCURACY_VALUE',
'Maximum model space distance between geometric entities at asserted c
onnectivities');
#7442=(
GEOMETRIC_REPRESENTATION_CONTEXT(3)
GLOBAL_UNCERTAINTY_ASSIGNED_CONTEXT((#7440))
GLOBAL_UNIT_ASSIGNED_CONTEXT((#7444,#7446,#7447))
REPRESENTATION_CONTEXT('','3D')
);
#7443=(
GEOMETRIC_REPRESENTATION_CONTEXT(3)
GLOBAL_UNCERTAINTY_ASSIGNED_CONTEXT((#7441))
GLOBAL_UNIT_ASSIGNED_CONTEXT((#7444,#7446,#7447))
REPRESENTATION_CONTEXT('','3D')
);
#7444=(
LENGTH_UNIT()
NAMED_UNIT(*)
SI_UNIT(.MILLI.,.METRE.)
);
#7445=(
LENGTH_UNIT()
NAMED_UNIT(*)
SI_UNIT($,.METRE.)
);
#7446=(
NAMED_UNIT(*)
PLANE_ANGLE_UNIT()
SI_UNIT($,.RADIAN.)
);
#7447=(
NAMED_UNIT(*)
SI_UNIT($,.STERADIAN.)
SOLID_ANGLE_UNIT()
);
#7448=SHAPE_DEFINITION_REPRESENTATION(#7449,#7450);
#7449=PRODUCT_DEFINITION_SHAPE('',$,#7452);
#7450=SHAPE_REPRESENTATION('',(#4626),#7442);
#7451=PRODUCT_DEFINITION_CONTEXT('part definition',#7456,'design');
#7452=PRODUCT_DEFINITION('2026-06-19-00-52-07-238','FusionComponent',#7453,
#7451);
#7453=PRODUCT_DEFINITION_FORMATION('',$,#7458);
#7454=PRODUCT_RELATED_PRODUCT_CATEGORY('FusionComponent',
'FusionComponent',(#7458));
#7455=APPLICATION_PROTOCOL_DEFINITION('international standard',
'automotive_design',2009,#7456);
#7456=APPLICATION_CONTEXT(
'Core Data for Automotive Mechanical Design Process');
#7457=PRODUCT_CONTEXT('part definition',#7456,'mechanical');
#7458=PRODUCT('2026-06-19-00-52-07-238','FusionComponent',$,(#7457));
#7459=PRESENTATION_STYLE_ASSIGNMENT((#7460));
#7460=SURFACE_STYLE_USAGE(.BOTH.,#7461);
#7461=SURFACE_SIDE_STYLE('',(#7462));
#7462=SURFACE_STYLE_FILL_AREA(#7463);
#7463=FILL_AREA_STYLE('Steel - Satin',(#7464));
#7464=FILL_AREA_STYLE_COLOUR('Steel - Satin',#7465);
#7465=COLOUR_RGB('Steel - Satin',0.627450980392157,0.627450980392157,0.627450980392157);
ENDSEC;
END-ISO-10303-21;
